key,index,window,worker_start,allocated,fetch_start,fetch_done,worker_done,scatter_start,scatter_done,freed,fetch_ms,ready_wait_ms,waiting_other_chunks_ms,window_finalize_ms,window_schedule_wait_ms,ready_to_free_ms,wait_for_last_worker_start_ms,wait_from_last_worker_to_last_fetch_start_ms,wait_after_last_fetch_start_ms
minji-sync-capacity-cdea3b1e9b444df8aee18ecff146f24b:qwen4b-shaped-capacity-test@1@0@2fea150ed91d1a03@bfloat16,0,0,2561002027144464,2561002027538795,2561002027622586,2561002036941035,2561002036953998,2561002054810296,2561002056762494,2561002057141163,9.318449,17.869261,16.95187,0.793269,0.124122,20.200128,6.491663,1.120073,9.340134
minji-sync-capacity-cdea3b1e9b444df8aee18ecff146f24b:qwen4b-shaped-capacity-test@1@0@2d47f1184b9ae063@bfloat16,1,0,2561002027591999,2561002027923307,2561002027950092,2561002034863714,2561002034876605,2561002054810296,2561002056762494,2561002057187374,6.913622,19.946582,19.029191,0.793269,0.124122,22.32366,8.568984,1.120073,9.340134
minji-sync-capacity-cdea3b1e9b444df8aee18ecff146f24b:qwen4b-shaped-capacity-test@1@0@71d652492867a794@bfloat16,2,0,2561002030916874,2561002033052314,2561002033083518,2561002039045082,2561002039059469,2561002054810296,2561002056762494,2561002057610896,5.961564,15.765214,14.847823,0.793269,0.124122,18.565814,4.387616,1.120073,9.340134
minji-sync-capacity-cdea3b1e9b444df8aee18ecff146f24b:qwen4b-shaped-capacity-test@1@0@-5c7d3ad80e88e24@bfloat16,3,0,2561002031541957,2561002031759264,2561002031786497,2561002037978460,2561002037993332,2561002054810296,2561002056762494,2561002057844093,6.191963,16.831836,15.914445,0.793269,0.124122,19.865633,5.454238,1.120073,9.340134
minji-sync-capacity-cdea3b1e9b444df8aee18ecff146f24b:qwen4b-shaped-capacity-test@1@0@-7f96abebaa38dc8c@bfloat16,4,0,2561002031883976,2561002032258310,2561002032395415,2561002038513283,2561002038533305,2561002054810296,2561002056762494,2561002057874430,6.117868,16.297013,15.379622,0.793269,0.124122,19.361147,4.919415,1.120073,9.340134
minji-sync-capacity-cdea3b1e9b444df8aee18ecff146f24b:qwen4b-shaped-capacity-test@1@0@b8a4cc8a00e3bbf@bfloat16,5,0,2561002031969572,2561002034592820,2561002035021641,2561002041021232,2561002041033036,2561002054810296,2561002056762494,2561002057900574,5.999591,13.789064,12.871673,0.793269,0.124122,16.879342,2.411466,1.120073,9.340134
minji-sync-capacity-cdea3b1e9b444df8aee18ecff146f24b:qwen4b-shaped-capacity-test@1@0@6c228b2f5aba3324@bfloat16,6,0,2561002032093732,2561002034933508,2561002035111658,2561002044784232,2561002044802446,2561002054810296,2561002056762494,2561002057923406,9.672574,10.026064,9.108673,0.793269,0.124122,13.139174,0.0,0.0,9.108673
minji-sync-capacity-cdea3b1e9b444df8aee18ecff146f24b:qwen4b-shaped-capacity-test@1@0@-11396abe03b46987@bfloat16,7,0,2561002032317876,2561002032619371,2561002032654570,2561002041324534,2561002041336380,2561002054810296,2561002056762494,2561002057949622,8.669964,13.485762,12.568371,0.793269,0.124122,16.625088,2.108164,1.120073,9.340134
minji-sync-capacity-cdea3b1e9b444df8aee18ecff146f24b:qwen4b-shaped-capacity-test@1@0@1f59c4a41fc46f68@bfloat16,8,0,2561002033454569,2561002033694031,2561002033725598,2561002039597349,2561002039613162,2561002054810296,2561002056762494,2561002057971311,5.871751,15.212947,14.295556,0.793269,0.124122,18.373962,3.835349,1.120073,9.340134
minji-sync-capacity-cdea3b1e9b444df8aee18ecff146f24b:qwen4b-shaped-capacity-test@1@0@73dce75ab51f115c@bfloat16,9,0,2561002033911855,2561002034150208,2561002035064116,2561002044954957,2561002044967893,2561002054810296,2561002056762494,2561002057997739,9.890841,9.855339,8.937948,0.793269,0.124122,13.042782,0.0,0.0,8.937948
minji-sync-capacity-cdea3b1e9b444df8aee18ecff146f24b:qwen4b-shaped-capacity-test@1@0@3ca5229b655eb276@bfloat16,10,0,2561002034028489,2561002034347073,2561002035045869,2561002041074069,2561002041083919,2561002054810296,2561002056762494,2561002058023415,6.0282,13.736227,12.818836,0.793269,0.124122,16.949346,2.358629,1.120073,9.340134
minji-sync-capacity-cdea3b1e9b444df8aee18ecff146f24b:qwen4b-shaped-capacity-test@1@0@7b1f93f6a2aacf6e@bfloat16,11,0,2561002034207500,2561002036890492,2561002037029302,2561002043495169,2561002043507776,2561002054810296,2561002056762494,2561002058045396,6.465867,11.315127,10.397736,0.793269,0.124122,14.550227,0.0,1.057602,9.340134
minji-sync-capacity-cdea3b1e9b444df8aee18ecff146f24b:qwen4b-shaped-capacity-test@1@0@-68047098ab48d86@bfloat16,12,0,2561002034891078,2561002035674066,2561002035744749,2561002042145896,2561002042157566,2561002054810296,2561002056762494,2561002058066438,6.401147,12.6644,11.747009,0.793269,0.124122,15.920542,1.286802,1.120073,9.340134
minji-sync-capacity-cdea3b1e9b444df8aee18ecff146f24b:qwen4b-shaped-capacity-test@1@0@-56a57eae78e25697@bfloat16,13,0,2561002035160021,2561002035577164,2561002035725098,2561002047996302,2561002048012775,2561002054810296,2561002056762494,2561002058157644,12.271204,6.813994,5.896603,0.793269,0.124122,10.161342,0.0,0.0,5.896603
minji-sync-capacity-cdea3b1e9b444df8aee18ecff146f24b:qwen4b-shaped-capacity-test@1@0@3ee72f48131e2582@bfloat16,14,0,2561002035391091,2561002036019532,2561002036046201,2561002045816666,2561002045830585,2561002054810296,2561002056762494,2561002058184523,9.770465,8.99363,8.076239,0.793269,0.124122,12.367857,0.0,0.0,8.076239
minji-sync-capacity-cdea3b1e9b444df8aee18ecff146f24b:qwen4b-shaped-capacity-test@1@0@67dcacdd45580f33@bfloat16,15,0,2561002036093864,2561002036392315,2561002037040294,2561002043405388,2561002043418329,2561002054810296,2561002056762494,2561002058204498,6.365094,11.404908,10.487517,0.793269,0.124122,14.79911,0.02731,1.120073,9.340134
minji-sync-capacity-cdea3b1e9b444df8aee18ecff146f24b:qwen4b-shaped-capacity-test@1@0@-6874b49029983689@bfloat16,16,0,2561002036247318,2561002036531813,2561002036725786,2561002044477471,2561002044489468,2561002054810296,2561002056762494,2561002058225657,7.751685,10.332825,9.415434,0.793269,0.124122,13.748186,0.0,0.0753,9.340134
minji-sync-capacity-cdea3b1e9b444df8aee18ecff146f24b:qwen4b-shaped-capacity-test@1@0@54da0958a19cd03b@bfloat16,17,0,2561002036971727,2561002037202699,2561002037258740,2561002047823149,2561002047835315,2561002054810296,2561002056762494,2561002058489542,10.564409,6.987147,6.069756,0.793269,0.124122,10.666393,0.0,0.0,6.069756
minji-sync-capacity-cdea3b1e9b444df8aee18ecff146f24b:qwen4b-shaped-capacity-test@1@0@-1d857642c2b5dcc9@bfloat16,18,0,2561002038012051,2561002038197720,2561002038220138,2561002046431920,2561002046445952,2561002054810296,2561002056762494,2561002058516240,8.211782,8.378376,7.460985,0.793269,0.124122,12.08432,0.0,0.0,7.460985
minji-sync-capacity-cdea3b1e9b444df8aee18ecff146f24b:qwen4b-shaped-capacity-test@1@0@532b575cc5afa60a@bfloat16,19,0,2561002038551739,2561002038789326,2561002038819846,2561002048633428,2561002048651057,2561002054810296,2561002056762494,2561002058686883,9.813582,6.176868,5.259477,0.793269,0.124122,10.053455,0.0,0.0,5.259477
minji-sync-capacity-cdea3b1e9b444df8aee18ecff146f24b:qwen4b-shaped-capacity-test@1@0@-299806543a193f7d@bfloat16,20,0,2561002039078302,2561002039327537,2561002039361131,2561002050658798,2561002050675216,2561002054810296,2561002056762494,2561002058713051,11.297667,4.151498,3.234107,0.793269,0.124122,8.054253,0.0,0.0,3.234107
minji-sync-capacity-cdea3b1e9b444df8aee18ecff146f24b:qwen4b-shaped-capacity-test@1@0@-563dcc07d250b9d1@bfloat16,21,0,2561002039627999,2561002040897770,2561002041010333,2561002053735634,2561002053748073,2561002054810296,2561002056762494,2561002058815857,12.725301,1.074662,0.157271,0.793269,0.124122,5.080223,0.0,0.0,0.157271
minji-sync-capacity-cdea3b1e9b444df8aee18ecff146f24b:qwen4b-shaped-capacity-test@1@0@691f63a893477ea0@bfloat16,22,0,2561002041049592,2561002041230787,2561002041474670,2561002048116894,2561002048131611,2561002054810296,2561002056762494,2561002058836662,6.642224,6.693402,5.776011,0.793269,0.124122,10.719768,0.0,0.0,5.776011
minji-sync-capacity-cdea3b1e9b444df8aee18ecff146f24b:qwen4b-shaped-capacity-test@1@0@3b6cd177def73425@bfloat16,23,0,2561002041097982,2561002041395410,2561002041499511,2561002053892905,2561002053906515,2561002054810296,2561002056762494,2561002058856843,12.393394,0.917391,0.0,0.793269,0.124122,4.963938,0.0,0.0,0.0
minji-sync-capacity-cdea3b1e9b444df8aee18ecff146f24b:qwen4b-shaped-capacity-test@1@0@3f785272f0cd1ea7@bfloat16,24,0,2561002041352104,2561002044527189,2561002044552771,2561002053275822,2561002053288941,2561002054810296,2561002056762494,2561002058878425,8.723051,1.534474,0.617083,0.793269,0.124122,5.602603,0.0,0.0,0.617083
minji-sync-capacity-cdea3b1e9b444df8aee18ecff146f24b:qwen4b-shaped-capacity-test@1@0@-1f32f2d83d24432e@bfloat16,25,0,2561002042172411,2561002042388630,2561002042414398,2561002048987800,2561002049003763,2561002054810296,2561002056762494,2561002058899223,6.573402,5.822496,4.905105,0.793269,0.124122,9.911423,0.0,0.0,4.905105
minji-sync-capacity-cdea3b1e9b444df8aee18ecff146f24b:qwen4b-shaped-capacity-test@1@0@-2b6dc59ed8ba24a5@bfloat16,26,0,2561002043432698,2561002043638727,2561002043664709,2561002049904390,2561002049915392,2561002054810296,2561002056762494,2561002058920970,6.239681,4.905906,3.988515,0.793269,0.124122,9.01658,0.0,0.0,3.988515
minji-sync-capacity-cdea3b1e9b444df8aee18ecff146f24b:qwen4b-shaped-capacity-test@1@0@-423c33e7249b8e60@bfloat16,27,1,2561002043523685,2561002046413137,2561002046501286,2561002052559908,2561002052572867,2561002075595665,2561002078034865,2561002078994216,6.058622,23.035757,21.060239,0.937082,1.038436,26.434308,5.845437,0.834705,14.380097
minji-sync-capacity-cdea3b1e9b444df8aee18ecff146f24b:qwen4b-shaped-capacity-test@1@0@-2f6c16044bbed0df@bfloat16,28,1,2561002044504064,2561002044875974,2561002044910555,2561002051223665,2561002051235823,2561002075595665,2561002078034865,2561002079031367,6.31311,24.372,22.396482,0.937082,1.038436,27.807702,7.18168,0.834705,14.380097
minji-sync-capacity-cdea3b1e9b444df8aee18ecff146f24b:qwen4b-shaped-capacity-test@1@0@1ec572630cc21d3@bfloat16,29,1,2561002044825925,2561002045165195,2561002045214870,2561002051475598,2561002051489688,2561002075595665,2561002078034865,2561002079057507,6.260728,24.120067,22.144549,0.937082,1.038436,27.581909,6.929747,0.834705,14.380097
minji-sync-capacity-cdea3b1e9b444df8aee18ecff146f24b:qwen4b-shaped-capacity-test@1@0@-137f3da051a905bf@bfloat16,30,1,2561002044989476,2561002048080192,2561002048330221,2561002057078875,2561002057090154,2561002075595665,2561002078034865,2561002079080973,8.748654,18.51679,16.541272,0.937082,1.038436,22.002098,1.32647,0.834705,14.380097
minji-sync-capacity-cdea3b1e9b444df8aee18ecff146f24b:qwen4b-shaped-capacity-test@1@0@4c9cbb3ed4af0663@bfloat16,31,1,2561002045848509,2561002046200889,2561002046225078,2561002056692174,2561002056709457,2561002075595665,2561002078034865,2561002079107697,10.467096,18.903491,16.927973,0.937082,1.038436,22.415523,1.713171,0.834705,14.380097
minji-sync-capacity-cdea3b1e9b444df8aee18ecff146f24b:qwen4b-shaped-capacity-test@1@0@57c15e2584dd93c5@bfloat16,32,1,2561002046461681,2561002046682094,2561002046715185,2561002054355397,2561002054367638,2561002075595665,2561002078034865,2561002079131662,7.640212,21.240268,19.26475,0.937082,1.038436,24.776265,4.049948,0.834705,14.380097
minji-sync-capacity-cdea3b1e9b444df8aee18ecff146f24b:qwen4b-shaped-capacity-test@1@0@4b2e1c02d7a49b6d@bfloat16,33,1,2561002047849559,2561002048348115,2561002048970876,2561002055762878,2561002055773193,2561002075595665,2561002078034865,2561002079154252,6.792002,19.832787,17.857269,0.937082,1.038436,23.391374,2.642467,0.834705,14.380097
minji-sync-capacity-cdea3b1e9b444df8aee18ecff146f24b:qwen4b-shaped-capacity-test@1@0@-185ea811a9ae811@bfloat16,34,1,2561002048030494,2561002048487794,2561002049144959,2561002058379037,2561002058390248,2561002075595665,2561002078034865,2561002079175218,9.234078,17.216628,15.24111,0.937082,1.038436,20.796181,0.026308,0.834705,14.380097
minji-sync-capacity-cdea3b1e9b444df8aee18ecff146f24b:qwen4b-shaped-capacity-test@1@0@-5c7be34fd9ce7f03@bfloat16,35,1,2561002048144928,2561002048599388,2561002049078404,2561002055819110,2561002055828456,2561002075595665,2561002078034865,2561002079194929,6.740706,19.776555,17.801037,0.937082,1.038436,23.375819,2.586235,0.834705,14.380097
minji-sync-capacity-cdea3b1e9b444df8aee18ecff146f24b:qwen4b-shaped-capacity-test@1@0@568b49afb964abe6@bfloat16,36,1,2561002048677140,2561002048949483,2561002049341851,2561002059520938,2561002059535892,2561002075595665,2561002078034865,2561002079215178,10.179087,16.074727,14.099209,0.937082,1.038436,19.69424,0.0,0.0,14.099209
minji-sync-capacity-cdea3b1e9b444df8aee18ecff146f24b:qwen4b-shaped-capacity-test@1@0@7c9f63fe6a9695f7@bfloat16,37,1,2561002049021000,2561002049288664,2561002049373001,2561002058094094,2561002058112381,2561002075595665,2561002078034865,2561002079236762,8.721093,17.501571,15.526053,0.937082,1.038436,21.142668,0.311251,0.834705,14.380097
minji-sync-capacity-cdea3b1e9b444df8aee18ecff146f24b:qwen4b-shaped-capacity-test@1@0@1bbf1bde28bc7f1a@bfloat16,38,1,2561002049927767,2561002050156090,2561002050184185,2561002060654622,2561002060668342,2561002075595665,2561002078034865,2561002079260053,10.470437,14.941043,12.965525,0.937082,1.038436,18.605431,0.0,0.0,12.965525
minji-sync-capacity-cdea3b1e9b444df8aee18ecff146f24b:qwen4b-shaped-capacity-test@1@0@-5f4765823a56d34b@bfloat16,39,1,2561002050697135,2561002051011236,2561002051039631,2561002057398936,2561002057411855,2561002075595665,2561002078034865,2561002079279824,6.359305,18.196729,16.221211,0.937082,1.038436,21.880888,1.006409,0.834705,14.380097
minji-sync-capacity-cdea3b1e9b444df8aee18ecff146f24b:qwen4b-shaped-capacity-test@1@0@33164dc54ece73e5@bfloat16,40,1,2561002051250745,2561002051548660,2561002051579718,2561002063742117,2561002063755997,2561002075595665,2561002078034865,2561002079299656,12.162399,11.853548,9.87803,0.937082,1.038436,15.557539,0.0,0.0,9.87803
minji-sync-capacity-cdea3b1e9b444df8aee18ecff146f24b:qwen4b-shaped-capacity-test@1@0@2a73525ea529b72d@bfloat16,41,1,2561002051506847,2561002051744656,2561002051773989,2561002059121883,2561002059138196,2561002075595665,2561002078034865,2561002079396718,7.347894,16.473782,14.498264,0.937082,1.038436,20.274835,0.0,0.118167,14.380097
minji-sync-capacity-cdea3b1e9b444df8aee18ecff146f24b:qwen4b-shaped-capacity-test@1@0@62ac5f94735985fe@bfloat16,42,1,2561002052592300,2561002055655806,2561002056063425,2561002073620147,2561002073632913,2561002075595665,2561002078034865,2561002079426555,17.556722,1.975518,0.0,0.937082,1.038436,5.806408,0.0,0.0,0.0
minji-sync-capacity-cdea3b1e9b444df8aee18ecff146f24b:qwen4b-shaped-capacity-test@1@0@5681a18c83a52722@bfloat16,43,1,2561002053304107,2561002054340718,2561002054434359,2561002060172939,2561002060188650,2561002075595665,2561002078034865,2561002079501657,5.73858,15.422726,13.447208,0.937082,1.038436,19.328718,0.0,0.0,13.447208
minji-sync-capacity-cdea3b1e9b444df8aee18ecff146f24b:qwen4b-shaped-capacity-test@1@0@2461ba8ba2cf79d1@bfloat16,44,1,2561002053766245,2561002055891861,2561002056224806,2561002073545792,2561002073558739,2561002075595665,2561002078034865,2561002079699006,17.320986,2.049873,0.074355,0.937082,1.038436,6.153214,0.0,0.0,0.074355
minji-sync-capacity-cdea3b1e9b444df8aee18ecff146f24b:qwen4b-shaped-capacity-test@1@0@-947c4793dc6b53e@bfloat16,45,1,2561002053923075,2561002054184735,2561002054237160,2561002061460460,2561002061472791,2561002075595665,2561002078034865,2561002079725888,7.2233,14.135205,12.159687,0.937082,1.038436,18.265428,0.0,0.0,12.159687
minji-sync-capacity-cdea3b1e9b444df8aee18ecff146f24b:qwen4b-shaped-capacity-test@1@0@2eee176295153ce@bfloat16,46,1,2561002054382236,2561002054585223,2561002054648819,2561002073383903,2561002073396790,2561002075595665,2561002078034865,2561002079749973,18.735084,2.211762,0.236244,0.937082,1.038436,6.36607,0.0,0.0,0.236244
minji-sync-capacity-cdea3b1e9b444df8aee18ecff146f24b:qwen4b-shaped-capacity-test@1@0@-4c691b2eb9ade197@bfloat16,47,1,2561002055785321,2561002056009299,2561002056192852,2561002065265398,2561002065273541,2561002075595665,2561002078034865,2561002079837516,9.072546,10.330267,8.354749,0.937082,1.038436,14.572118,0.0,0.0,8.354749
minji-sync-capacity-cdea3b1e9b444df8aee18ecff146f24b:qwen4b-shaped-capacity-test@1@0@-77507763a4c2887a@bfloat16,48,1,2561002055841949,2561002056955643,2561002057016556,2561002068423934,2561002068438885,2561002075595665,2561002078034865,2561002079881817,11.407378,7.171731,5.196213,0.937082,1.038436,11.457883,0.0,0.0,5.196213
minji-sync-capacity-cdea3b1e9b444df8aee18ecff146f24b:qwen4b-shaped-capacity-test@1@0@-71aae1aea6f06c4a@bfloat16,49,1,2561002056728023,2561002057355787,2561002057508779,2561002062728592,2561002062740904,2561002075595665,2561002078034865,2561002079905092,5.219813,12.867073,10.891555,0.937082,1.038436,17.1765,0.0,0.0,10.891555
minji-sync-capacity-cdea3b1e9b444df8aee18ecff146f24b:qwen4b-shaped-capacity-test@1@0@-334383d9a166caa8@bfloat16,50,1,2561002057107958,2561002059195719,2561002059240050,2561002064595307,2561002064606476,2561002075595665,2561002078034865,2561002079993991,5.355257,11.000358,9.02484,0.937082,1.038436,15.398684,0.0,0.0,9.02484
minji-sync-capacity-cdea3b1e9b444df8aee18ecff146f24b:qwen4b-shaped-capacity-test@1@0@5ac655d66fb76630@bfloat16,51,1,2561002057427336,2561002057734449,2561002057783944,2561002062647114,2561002062662433,2561002075595665,2561002078034865,2561002080048898,4.86317,12.948551,10.973033,0.937082,1.038436,17.401784,0.0,0.0,10.973033
minji-sync-capacity-cdea3b1e9b444df8aee18ecff146f24b:qwen4b-shaped-capacity-test@1@0@-222030f398c876cd@bfloat16,52,1,2561002058128492,2561002058364638,2561002058475528,2561002064029465,2561002064041261,2561002075595665,2561002078034865,2561002080267117,5.553937,11.5662,9.590682,0.937082,1.038436,16.237652,0.0,0.0,9.590682
minji-sync-capacity-cdea3b1e9b444df8aee18ecff146f24b:qwen4b-shaped-capacity-test@1@0@7d7151eda1005a64@bfloat16,53,1,2561002058405345,2561002058644462,2561002058782372,2561002066347677,2561002066361642,2561002075595665,2561002078034865,2561002080295392,7.565305,9.247988,7.27247,0.937082,1.038436,13.947715,0.0,0.0,7.27247
minji-sync-capacity-cdea3b1e9b444df8aee18ecff146f24b:qwen4b-shaped-capacity-test@1@0@-7ee592a19958a46e@bfloat16,54,2,2561002013050323,2561002013426641,2561002014149915,2561002019059063,2561002019084905,2561002080543212,2561002082035248,2561002082155063,4.909148,61.484149,17.153824,1.204337,43.125988,63.096,7.084636,0.295999,9.773189
minji-sync-capacity-cdea3b1e9b444df8aee18ecff146f24b:qwen4b-shaped-capacity-test@1@0@-5ff01255cd1c3307@bfloat16,55,2,2561002013390368,2561002014362474,2561002014923977,2561002020011411,2561002020030512,2561002080543212,2561002082035248,2561002082181217,5.087434,60.531801,16.201476,1.204337,43.125988,62.169806,6.132288,0.295999,9.773189
minji-sync-capacity-cdea3b1e9b444df8aee18ecff146f24b:qwen4b-shaped-capacity-test@1@0@6453f2d018b6af0c@bfloat16,56,2,2561002014204074,2561002014612950,2561002015027917,2561002020847074,2561002020860636,2561002080543212,2561002082035248,2561002082203674,5.819157,59.696138,15.365813,1.204337,43.125988,61.3566,5.296625,0.295999,9.773189
minji-sync-capacity-cdea3b1e9b444df8aee18ecff146f24b:qwen4b-shaped-capacity-test@1@0@1b168b5e6d0c435c@bfloat16,57,2,2561002014972051,2561002016545042,2561002016622371,2561002022312580,2561002022329826,2561002080543212,2561002082035248,2561002082226692,5.690209,58.230632,13.900307,1.204337,43.125988,59.914112,3.831119,0.295999,9.773189
minji-sync-capacity-cdea3b1e9b444df8aee18ecff146f24b:qwen4b-shaped-capacity-test@1@0@659b2ea4d9d391d9@bfloat16,58,2,2561002015097688,2561002016812718,2561002016854207,2561002021925301,2561002021947209,2561002080543212,2561002082035248,2561002082248110,5.071094,58.617911,14.287586,1.204337,43.125988,60.322809,4.218398,0.295999,9.773189
minji-sync-capacity-cdea3b1e9b444df8aee18ecff146f24b:qwen4b-shaped-capacity-test@1@0@-45549862280a4110@bfloat16,59,2,2561002015369280,2561002017108380,2561002017147865,2561002022745001,2561002022759841,2561002080543212,2561002082035248,2561002082268316,5.597136,57.798211,13.467886,1.204337,43.125988,59.523315,3.398698,0.295999,9.773189
minji-sync-capacity-cdea3b1e9b444df8aee18ecff146f24b:qwen4b-shaped-capacity-test@1@0@-2915fdeb60cc347e@bfloat16,60,2,2561002015478116,2561002018626525,2561002018662366,2561002023840736,2561002023855511,2561002080543212,2561002082035248,2561002082290090,5.17837,56.702476,12.372151,1.204337,43.125988,58.449354,2.302963,0.295999,9.773189
minji-sync-capacity-cdea3b1e9b444df8aee18ecff146f24b:qwen4b-shaped-capacity-test@1@0@1ae95ef0d0225495@bfloat16,61,2,2561002016230628,2561002018395160,2561002018455536,2561002023595478,2561002023611149,2561002080543212,2561002082035248,2561002082313441,5.139942,56.947734,12.617409,1.204337,43.125988,58.717963,2.548221,0.295999,9.773189
minji-sync-capacity-cdea3b1e9b444df8aee18ecff146f24b:qwen4b-shaped-capacity-test@1@0@7cebec75d1b9e6b8@bfloat16,62,2,2561002016337990,2561002019276529,2561002019560934,2561002025278379,2561002025292329,2561002080543212,2561002082035248,2561002082334522,5.717445,55.264833,10.934508,1.204337,43.125988,57.056143,0.86532,0.295999,9.773189
minji-sync-capacity-cdea3b1e9b444df8aee18ecff146f24b:qwen4b-shaped-capacity-test@1@0@4fa5a8831dca8bb8@bfloat16,63,2,2561002017398141,2561002018861110,2561002019836660,2561002027105613,2561002027121546,2561002080543212,2561002082035248,2561002082354609,7.268953,53.437599,9.107274,1.204337,43.125988,55.248996,0.0,0.0,9.107274
minji-sync-capacity-cdea3b1e9b444df8aee18ecff146f24b:qwen4b-shaped-capacity-test@1@0@7e1d9c5e0f54c76b@bfloat16,64,2,2561002017517712,2561002019031037,2561002019736965,2561002032278181,2561002032294682,2561002080543212,2561002082035248,2561002082378436,12.541216,48.265031,3.934706,1.204337,43.125988,50.100255,0.0,0.0,3.934706
minji-sync-capacity-cdea3b1e9b444df8aee18ecff146f24b:qwen4b-shaped-capacity-test@1@0@-51ea4d79b1f6570c@bfloat16,65,2,2561002017655104,2561002020751602,2561002020787665,2561002025838812,2561002025853056,2561002080543212,2561002082035248,2561002082400051,5.051147,54.7044,10.374075,1.204337,43.125988,56.561239,0.304887,0.295999,9.773189
minji-sync-capacity-cdea3b1e9b444df8aee18ecff146f24b:qwen4b-shaped-capacity-test@1@0@-6389e4ed0faf13a0@bfloat16,66,2,2561002017759668,2561002020246205,2561002020318247,2561002032049887,2561002032073285,2561002080543212,2561002082035248,2561002082421031,11.73164,48.493325,4.163,1.204337,43.125988,50.371144,0.0,0.0,4.163
minji-sync-capacity-cdea3b1e9b444df8aee18ecff146f24b:qwen4b-shaped-capacity-test@1@0@-53e19a4caa892283@bfloat16,67,2,2561002017881414,2561002021193679,2561002021235351,2561002030879258,2561002030896435,2561002080543212,2561002082035248,2561002082441678,9.643907,49.663954,5.333629,1.204337,43.125988,51.56242,0.0,0.0,5.333629
minji-sync-capacity-cdea3b1e9b444df8aee18ecff146f24b:qwen4b-shaped-capacity-test@1@0@-7e7a8f03f16dbede@bfloat16,68,2,2561002017940971,2561002021455524,2561002023192524,2561002031930268,2561002031950181,2561002080543212,2561002082035248,2561002082461991,8.737744,48.612944,4.282619,1.204337,43.125988,50.531723,0.0,0.0,4.282619
minji-sync-capacity-cdea3b1e9b444df8aee18ecff146f24b:qwen4b-shaped-capacity-test@1@0@-5332e6f4fc261e61@bfloat16,69,2,2561002018171354,2561002020501934,2561002020539727,2561002026110255,2561002026127202,2561002080543212,2561002082035248,2561002082484278,5.570528,54.432957,10.102632,1.204337,43.125988,56.374023,0.033444,0.295999,9.773189
minji-sync-capacity-cdea3b1e9b444df8aee18ecff146f24b:qwen4b-shaped-capacity-test@1@0@2eae0c3da430742a@bfloat16,70,2,2561002019113337,2561002019587256,2561002019808616,2561002031841367,2561002031858618,2561002080543212,2561002082035248,2561002082505230,12.032751,48.701845,4.37152,1.204337,43.125988,50.663863,0.0,0.0,4.37152
minji-sync-capacity-cdea3b1e9b444df8aee18ecff146f24b:qwen4b-shaped-capacity-test@1@0@-1267f8a0934686ce@bfloat16,71,2,2561002020053583,2561002021558764,2561002021725201,2561002034176441,2561002034189620,2561002080543212,2561002082035248,2561002082525875,12.45124,46.366771,2.036446,1.204337,43.125988,48.349434,0.0,0.0,2.036446
minji-sync-capacity-cdea3b1e9b444df8aee18ecff146f24b:qwen4b-shaped-capacity-test@1@0@195e61ed354b0f42@bfloat16,72,2,2561002020884515,2561002021683305,2561002021764312,2561002027567196,2561002027578396,2561002080543212,2561002082035248,2561002082546106,5.802884,52.976016,8.645691,1.204337,43.125988,54.97891,0.0,0.0,8.645691
minji-sync-capacity-cdea3b1e9b444df8aee18ecff146f24b:qwen4b-shaped-capacity-test@1@0@677d447c8f8d934a@bfloat16,73,2,2561002021967727,2561002022561632,2561002023145179,2561002035355574,2561002035370104,2561002080543212,2561002082035248,2561002082567021,12.210395,45.187638,0.857313,1.204337,43.125988,47.211447,0.0,0.0,0.857313
minji-sync-capacity-cdea3b1e9b444df8aee18ecff146f24b:qwen4b-shaped-capacity-test@1@0@-c908cd04293bc79@bfloat16,74,2,2561002022353469,2561002022727997,2561002023178254,2561002033882143,2561002033897656,2561002080543212,2561002082035248,2561002082586585,10.703889,46.661069,2.330744,1.204337,43.125988,48.704442,0.0,0.0,2.330744
minji-sync-capacity-cdea3b1e9b444df8aee18ecff146f24b:qwen4b-shaped-capacity-test@1@0@-70e0cece01931c02@bfloat16,75,2,2561002022776447,2561002023005060,2561002023077633,2561002035131466,2561002035145343,2561002080543212,2561002082035248,2561002082606421,12.053833,45.411746,1.081421,1.204337,43.125988,47.474955,0.0,0.0,1.081421
minji-sync-capacity-cdea3b1e9b444df8aee18ecff146f24b:qwen4b-shaped-capacity-test@1@0@4e38039411c713a0@bfloat16,76,2,2561002023629428,2561002025215663,2561002025249773,2561002036057999,2561002036071848,2561002080543212,2561002082035248,2561002082626791,10.808226,44.485213,0.154888,1.204337,43.125988,46.568792,0.0,0.0,0.154888
minji-sync-capacity-cdea3b1e9b444df8aee18ecff146f24b:qwen4b-shaped-capacity-test@1@0@36147543a86220b2@bfloat16,77,2,2561002023877253,2561002024141762,2561002024175246,2561002031512645,2561002031526598,2561002080543212,2561002082035248,2561002082647840,7.337399,49.030567,4.700242,1.204337,43.125988,51.135195,0.0,0.0,4.700242
minji-sync-capacity-cdea3b1e9b444df8aee18ecff146f24b:qwen4b-shaped-capacity-test@1@0@6bbed1155b637c2e@bfloat16,78,2,2561002025314288,2561002025516556,2561002025547120,2561002036212887,2561002036226962,2561002080543212,2561002082035248,2561002082667545,10.665767,44.330325,0.0,1.204337,43.125988,46.454658,0.0,0.0,0.0
minji-sync-capacity-cdea3b1e9b444df8aee18ecff146f24b:qwen4b-shaped-capacity-test@1@0@-66c2a53dc2dba6@bfloat16,79,2,2561002025869786,2561002026092081,2561002026188844,2561002033998935,2561002034014249,2561002080543212,2561002082035248,2561002082687398,7.810091,46.544277,2.213952,1.204337,43.125988,48.688463,0.0,0.0,2.213952
minji-sync-capacity-cdea3b1e9b444df8aee18ecff146f24b:qwen4b-shaped-capacity-test@1@0@2c108de5f53e9798@bfloat16,80,2,2561002026143699,2561002026403183,2561002026439698,2561002033425740,2561002033439889,2561002080543212,2561002082035248,2561002082706727,6.986042,47.117472,2.787147,1.204337,43.125988,49.280987,0.0,0.0,2.787147
minji-sync-capacity-cdea3b1e9b444df8aee18ecff146f24b:qwen4b-shaped-capacity-test@1@0@321768bd89007389@bfloat16,81,3,2561002059160791,2561002060410639,2561002060805195,2561002067125919,2561002067140562,2561002089167332,2561002091382649,2561002091548344,6.320724,22.041413,20.493713,0.647674,0.900026,24.422425,7.755168,3.527368,9.211177
minji-sync-capacity-cdea3b1e9b444df8aee18ecff146f24b:qwen4b-shaped-capacity-test@1@0@1afbc8863cd8c932@bfloat16,82,3,2561002059556967,2561002060277756,2561002060462743,2561002066052196,2561002066067188,2561002089167332,2561002091382649,2561002091583559,5.589453,23.115136,21.567436,0.647674,0.900026,25.531363,8.828891,3.527368,9.211177
minji-sync-capacity-cdea3b1e9b444df8aee18ecff146f24b:qwen4b-shaped-capacity-test@1@0@-2f5919c01f3cfdc7@bfloat16,83,3,2561002060205060,2561002060613426,2561002060969634,2561002073903017,2561002073917511,2561002089167332,2561002091382649,2561002091682538,12.933383,15.264315,13.716615,0.647674,0.900026,17.779521,0.97807,3.527368,9.211177
minji-sync-capacity-cdea3b1e9b444df8aee18ecff146f24b:qwen4b-shaped-capacity-test@1@0@1709715b07cfe048@bfloat16,84,3,2561002060689181,2561002060942255,2561002060996223,2561002072103339,2561002072115021,2561002089167332,2561002091382649,2561002091795086,11.107116,17.063993,15.516293,0.647674,0.900026,19.691747,2.777748,3.527368,9.211177
minji-sync-capacity-cdea3b1e9b444df8aee18ecff146f24b:qwen4b-shaped-capacity-test@1@0@-7ed8023ac50f40bc@bfloat16,85,3,2561002061487012,2561002062711653,2561002062802811,2561002069782203,2561002069796397,2561002089167332,2561002091382649,2561002092203295,6.979392,19.385129,17.837429,0.647674,0.900026,22.421092,5.098884,3.527368,9.211177
minji-sync-capacity-cdea3b1e9b444df8aee18ecff146f24b:qwen4b-shaped-capacity-test@1@0@-5daa627f9af49c17@bfloat16,86,3,2561002062681101,2561002062978480,2561002063171518,2561002069358662,2561002069374110,2561002089167332,2561002091382649,2561002092427360,6.187144,19.80867,18.26097,0.647674,0.900026,23.068698,5.522425,3.527368,9.211177
minji-sync-capacity-cdea3b1e9b444df8aee18ecff146f24b:qwen4b-shaped-capacity-test@1@0@6f7e218154d1aa8d@bfloat16,87,3,2561002062756497,2561002063090668,2561002063154336,2561002069893347,2561002069907510,2561002089167332,2561002091382649,2561002092477861,6.739011,19.273985,17.726285,0.647674,0.900026,22.584514,4.98774,3.527368,9.211177
minji-sync-capacity-cdea3b1e9b444df8aee18ecff146f24b:qwen4b-shaped-capacity-test@1@0@18f2730bd9ecab67@bfloat16,88,3,2561002063776396,2561002064076846,2561002064106693,2561002070657062,2561002070667696,2561002089167332,2561002091382649,2561002092519562,6.550369,18.51027,16.96257,0.647674,0.900026,21.8625,4.224025,3.527368,9.211177
minji-sync-capacity-cdea3b1e9b444df8aee18ecff146f24b:qwen4b-shaped-capacity-test@1@0@-6855406728f7ed24@bfloat16,89,3,2561002064054191,2561002064260216,2561002064287061,2561002073253951,2561002073267990,2561002089167332,2561002091382649,2561002092549493,8.96689,15.913381,14.365681,0.647674,0.900026,19.295542,1.627136,3.527368,9.211177
minji-sync-capacity-cdea3b1e9b444df8aee18ecff146f24b:qwen4b-shaped-capacity-test@1@0@-5480a14d1a627a31@bfloat16,90,3,2561002064620605,2561002064801261,2561002064828075,2561002074193779,2561002074205454,2561002089167332,2561002091382649,2561002092573962,9.365704,14.973553,13.425853,0.647674,0.900026,18.380183,0.687308,3.527368,9.211177
minji-sync-capacity-cdea3b1e9b444df8aee18ecff146f24b:qwen4b-shaped-capacity-test@1@0@74b5291ce452efb6@bfloat16,91,3,2561002065285997,2561002065453342,2561002065486049,2561002074856135,2561002074864975,2561002089167332,2561002091382649,2561002092597788,9.370086,14.311197,12.763497,0.647674,0.900026,17.741653,0.024952,3.527368,9.211177
minji-sync-capacity-cdea3b1e9b444df8aee18ecff146f24b:qwen4b-shaped-capacity-test@1@0@-3ec868f2ee62ee95@bfloat16,92,3,2561002066084746,2561002066408017,2561002066441325,2561002076661237,2561002076674867,2561002089167332,2561002091382649,2561002092623938,10.219912,12.506095,10.958395,0.647674,0.900026,15.962701,0.0,1.747218,9.211177
minji-sync-capacity-cdea3b1e9b444df8aee18ecff146f24b:qwen4b-shaped-capacity-test@1@0@3551dedbfe3c268b@bfloat16,93,3,2561002066377121,2561002067104904,2561002067236717,2561002077186305,2561002077200494,2561002089167332,2561002091382649,2561002092649041,9.949588,11.981027,10.433327,0.647674,0.900026,15.462736,0.0,1.22215,9.211177
minji-sync-capacity-cdea3b1e9b444df8aee18ecff146f24b:qwen4b-shaped-capacity-test@1@0@19e6f74789e484c8@bfloat16,94,3,2561002067166314,2561002067406656,2561002067436924,2561002078107686,2561002078127142,2561002089167332,2561002091382649,2561002092677279,10.670762,11.059646,9.511946,0.647674,0.900026,14.569593,0.0,0.300769,9.211177
minji-sync-capacity-cdea3b1e9b444df8aee18ecff146f24b:qwen4b-shaped-capacity-test@1@0@-7543ec1bce8c175a@bfloat16,95,3,2561002068455886,2561002070641271,2561002070717840,2561002079325393,2561002079350316,2561002089167332,2561002091382649,2561002092706603,8.607553,9.841939,8.294239,0.647674,0.900026,13.38121,0.0,0.0,8.294239
minji-sync-capacity-cdea3b1e9b444df8aee18ecff146f24b:qwen4b-shaped-capacity-test@1@0@-473f1bcc7815682b@bfloat16,96,3,2561002069391743,2561002069604237,2561002069634138,2561002076096998,2561002076112541,2561002089167332,2561002091382649,2561002092768834,6.46286,13.070334,11.522634,0.647674,0.900026,16.671836,0.0,2.311457,9.211177
minji-sync-capacity-cdea3b1e9b444df8aee18ecff146f24b:qwen4b-shaped-capacity-test@1@0@-2471c17a65ad3ddb@bfloat16,97,3,2561002069812636,2561002070075922,2561002070298282,2561002076856942,2561002076869099,2561002089167332,2561002091382649,2561002093072208,6.55866,12.31039,10.76269,0.647674,0.900026,16.215266,0.0,1.551513,9.211177
minji-sync-capacity-cdea3b1e9b444df8aee18ecff146f24b:qwen4b-shaped-capacity-test@1@0@1e4519b73b9897b@bfloat16,98,3,2561002069924029,2561002070247359,2561002070319842,2561002076944998,2561002076960736,2561002089167332,2561002091382649,2561002093105950,6.625156,12.222334,10.674634,0.647674,0.900026,16.160952,0.0,1.463457,9.211177
minji-sync-capacity-cdea3b1e9b444df8aee18ecff146f24b:qwen4b-shaped-capacity-test@1@0@4e4881312e3bf7d8@bfloat16,99,3,2561002070681490,2561002070896631,2561002070921492,2561002079767888,2561002079779284,2561002089167332,2561002091382649,2561002093128626,8.846396,9.399444,7.851744,0.647674,0.900026,13.360738,0.0,0.0,7.851744
minji-sync-capacity-cdea3b1e9b444df8aee18ecff146f24b:qwen4b-shaped-capacity-test@1@0@5e017a955e4bbaad@bfloat16,100,3,2561002072127734,2561002072345649,2561002072376928,2561002079918354,2561002079930313,2561002089167332,2561002091382649,2561002093154253,7.541426,9.248978,7.701278,0.647674,0.900026,13.235899,0.0,0.0,7.701278
minji-sync-capacity-cdea3b1e9b444df8aee18ecff146f24b:qwen4b-shaped-capacity-test@1@0@fbb32dad16731dd@bfloat16,101,3,2561002073280451,2561002073515855,2561002073601331,2561002083299915,2561002083312754,2561002089167332,2561002091382649,2561002093250923,9.698584,5.867417,4.319717,0.647674,0.900026,9.951008,0.0,0.0,4.319717
minji-sync-capacity-cdea3b1e9b444df8aee18ecff146f24b:qwen4b-shaped-capacity-test@1@0@34b310864b3b7621@bfloat16,102,3,2561002073411706,2561002074905818,2561002074972597,2561002085078089,2561002085091930,2561002089167332,2561002091382649,2561002093435144,10.105492,4.089243,2.541543,0.647674,0.900026,8.357055,0.0,0.0,2.541543
minji-sync-capacity-cdea3b1e9b444df8aee18ecff146f24b:qwen4b-shaped-capacity-test@1@0@43764f131b5c36ce@bfloat16,103,3,2561002073574532,2561002073841561,2561002074052309,2561002083397626,2561002083409753,2561002089167332,2561002091382649,2561002093462079,9.345317,5.769706,4.222006,0.647674,0.900026,10.064453,0.0,0.0,4.222006
minji-sync-capacity-cdea3b1e9b444df8aee18ecff146f24b:qwen4b-shaped-capacity-test@1@0@4a6215642b8c6806@bfloat16,104,3,2561002073649955,2561002074761484,2561002074986419,2561002085026022,2561002085038382,2561002089167332,2561002091382649,2561002093494315,10.039603,4.14131,2.59361,0.647674,0.900026,8.468293,0.0,0.0,2.59361
minji-sync-capacity-cdea3b1e9b444df8aee18ecff146f24b:qwen4b-shaped-capacity-test@1@0@-7362425dd7294a27@bfloat16,105,3,2561002073935990,2561002074178177,2561002074456479,2561002080877817,2561002080889741,2561002089167332,2561002091382649,2561002093558832,6.421338,8.289515,6.741815,0.647674,0.900026,12.681015,0.0,0.0,6.741815
minji-sync-capacity-cdea3b1e9b444df8aee18ecff146f24b:qwen4b-shaped-capacity-test@1@0@-1d93ae8c2a98556b@bfloat16,106,3,2561002074220853,2561002077030536,2561002078408455,2561002087619632,2561002087633614,2561002089167332,2561002091382649,2561002093582041,9.211177,1.5477,0.0,0.647674,0.900026,5.962409,0.0,0.0,0.0
minji-sync-capacity-cdea3b1e9b444df8aee18ecff146f24b:qwen4b-shaped-capacity-test@1@0@5f3d02d606952e8f@bfloat16,107,3,2561002074881087,2561002075074819,2561002075098934,2561002082926985,2561002082942614,2561002089167332,2561002091382649,2561002093602440,7.828051,6.240347,4.692647,0.647674,0.900026,10.675455,0.0,0.0,4.692647
minji-sync-capacity-cdea3b1e9b444df8aee18ecff146f24b:qwen4b-shaped-capacity-test@1@0@16c9e4918a47cba9@bfloat16,108,4,2561002076131506,2561002076408240,2561002076454128,2561002083044125,2561002083060247,2561002107118224,2561002108828415,2561002109006554,6.589997,24.074099,21.44528,1.782915,0.845904,25.962429,8.684035,0.713909,12.047336
minji-sync-capacity-cdea3b1e9b444df8aee18ecff146f24b:qwen4b-shaped-capacity-test@1@0@-1d8304d6cab3b345@bfloat16,109,4,2561002076694106,2561002077302157,2561002077671680,2561002087520290,2561002087537820,2561002107118224,2561002108828415,2561002109038141,9.84861,19.597934,16.969115,1.782915,0.845904,21.517851,4.20787,0.713909,12.047336
minji-sync-capacity-cdea3b1e9b444df8aee18ecff146f24b:qwen4b-shaped-capacity-test@1@0@5600c1c79ff3cb7c@bfloat16,110,4,2561002076883194,2561002077577911,2561002078356659,2561002085542099,2561002085554138,2561002107118224,2561002108828415,2561002109071139,7.18544,21.576125,18.947306,1.782915,0.845904,23.52904,6.186061,0.713909,12.047336
minji-sync-capacity-cdea3b1e9b444df8aee18ecff146f24b:qwen4b-shaped-capacity-test@1@0@-1331ebd674ab228e@bfloat16,111,4,2561002076979569,2561002078242170,2561002078642210,2561002086047385,2561002086062311,2561002107118224,2561002108828415,2561002109098700,7.405175,21.070839,18.44202,1.782915,0.845904,23.051315,5.680775,0.713909,12.047336
minji-sync-capacity-cdea3b1e9b444df8aee18ecff146f24b:qwen4b-shaped-capacity-test@1@0@-45febab979a0d5e6@bfloat16,112,4,2561002077218172,2561002077781269,2561002078378270,2561002085456024,2561002085466436,2561002107118224,2561002108828415,2561002109124538,7.077754,21.6622,19.033381,1.782915,0.845904,23.668514,6.272136,0.713909,12.047336
minji-sync-capacity-cdea3b1e9b444df8aee18ecff146f24b:qwen4b-shaped-capacity-test@1@0@18219b28373cb63a@bfloat16,113,4,2561002078152471,2561002078866460,2561002078919705,2561002087905389,2561002087920887,2561002107118224,2561002108828415,2561002109151034,8.985684,19.212835,16.584016,1.782915,0.845904,21.245645,3.822771,0.713909,12.047336
minji-sync-capacity-cdea3b1e9b444df8aee18ecff146f24b:qwen4b-shaped-capacity-test@1@0@498fd657d9945519@bfloat16,114,4,2561002079370833,2561002079608692,2561002079655718,2561002090621456,2561002090634156,2561002107118224,2561002108828415,2561002109188029,10.965738,16.496768,13.867949,1.782915,0.845904,18.566573,1.106704,0.713909,12.047336
minji-sync-capacity-cdea3b1e9b444df8aee18ecff146f24b:qwen4b-shaped-capacity-test@1@0@-30cb149bdc1154b2@bfloat16,115,4,2561002079797384,2561002080177393,2561002080250648,2561002093005292,2561002093021696,2561002107118224,2561002108828415,2561002109219711,12.754644,14.112932,11.484113,1.782915,0.845904,16.214419,0.0,0.0,11.484113
minji-sync-capacity-cdea3b1e9b444df8aee18ecff146f24b:qwen4b-shaped-capacity-test@1@0@5304150e961a0adb@bfloat16,116,4,2561002079948959,2561002082991723,2561002083025588,2561002089489068,2561002089500423,2561002107118224,2561002108828415,2561002109329605,6.46348,17.629156,15.000337,1.782915,0.845904,19.840537,2.239092,0.713909,12.047336
minji-sync-capacity-cdea3b1e9b444df8aee18ecff146f24b:qwen4b-shaped-capacity-test@1@0@580ba59f764e5ae9@bfloat16,117,4,2561002080905775,2561002081526539,2561002081574425,2561002102596231,2561002102611126,2561002107118224,2561002108828415,2561002109353805,21.021806,4.521993,1.893174,1.782915,0.845904,6.757574,0.0,0.0,1.893174
minji-sync-capacity-cdea3b1e9b444df8aee18ecff146f24b:qwen4b-shaped-capacity-test@1@0@6cf532f4c2c91a52@bfloat16,118,4,2561002082958775,2561002083485239,2561002083531229,2561002089880635,2561002089893679,2561002107118224,2561002108828415,2561002109380496,6.349406,17.237589,14.60877,1.782915,0.845904,19.499861,1.847525,0.713909,12.047336
minji-sync-capacity-cdea3b1e9b444df8aee18ecff146f24b:qwen4b-shaped-capacity-test@1@0@-6435f46a7e0275af@bfloat16,119,4,2561002083084925,2561002084679796,2561002084706889,2561002092296453,2561002092310699,2561002107118224,2561002108828415,2561002109459496,7.589564,14.821771,12.192952,1.782915,0.845904,17.163043,0.0,0.145616,12.047336
minji-sync-capacity-cdea3b1e9b444df8aee18ecff146f24b:qwen4b-shaped-capacity-test@1@0@-1db4d69b196c9d20@bfloat16,120,4,2561002083333510,2561002085143890,2561002086020441,2561002094670623,2561002094687325,2561002107118224,2561002108828415,2561002109962311,8.650182,12.447601,9.818782,1.782915,0.845904,15.291688,0.0,0.0,9.818782
minji-sync-capacity-cdea3b1e9b444df8aee18ecff146f24b:qwen4b-shaped-capacity-test@1@0@583b37bfbc3d486f@bfloat16,121,4,2561002083424710,2561002085292074,2561002086174930,2561002097918528,2561002097932200,2561002107118224,2561002108828415,2561002110278135,11.743598,9.199696,6.570877,1.782915,0.845904,12.359607,0.0,0.0,6.570877
minji-sync-capacity-cdea3b1e9b444df8aee18ecff146f24b:qwen4b-shaped-capacity-test@1@0@fb70e9a7ac55f61@bfloat16,122,4,2561002085053831,2561002085509098,2561002085992369,2561002101820827,2561002101833131,2561002107118224,2561002108828415,2561002110309792,15.828458,5.297397,2.668578,1.782915,0.845904,8.488965,0.0,0.0,2.668578
minji-sync-capacity-cdea3b1e9b444df8aee18ecff146f24b:qwen4b-shaped-capacity-test@1@0@-63889b56e3d4e768@bfloat16,123,4,2561002085109086,2561002085815699,2561002086218222,2561002091603297,2561002091614699,2561002107118224,2561002108828415,2561002110354631,5.385075,15.514927,12.886108,1.782915,0.845904,18.751334,0.124863,0.713909,12.047336
minji-sync-capacity-cdea3b1e9b444df8aee18ecff146f24b:qwen4b-shaped-capacity-test@1@0@-272d6e5aed903aeb@bfloat16,124,4,2561002085481948,2561002087498077,2561002087682309,2561002095240641,2561002095250722,2561002107118224,2561002108828415,2561002110441156,7.558332,11.877583,9.248764,1.782915,0.845904,15.200515,0.0,0.0,9.248764
minji-sync-capacity-cdea3b1e9b444df8aee18ecff146f24b:qwen4b-shaped-capacity-test@1@0@-29f367a7ac386bf4@bfloat16,125,4,2561002085569937,2561002085971793,2561002086193631,2561002101436953,2561002101450551,2561002107118224,2561002108828415,2561002110462498,15.243322,5.681271,3.052452,1.782915,0.845904,9.025545,0.0,0.0,3.052452
minji-sync-capacity-cdea3b1e9b444df8aee18ecff146f24b:qwen4b-shaped-capacity-test@1@0@6973eb3be63ff2f3@bfloat16,126,4,2561002086083680,2561002086366905,2561002086397859,2561002091697830,2561002091710974,2561002107118224,2561002108828415,2561002110485054,5.299971,15.420394,12.791575,1.782915,0.845904,18.787224,0.03033,0.713909,12.047336
minji-sync-capacity-cdea3b1e9b444df8aee18ecff146f24b:qwen4b-shaped-capacity-test@1@0@-6b217b49b70916c5@bfloat16,127,4,2561002087561538,2561002089963502,2561002090732483,2561002098781310,2561002098794349,2561002107118224,2561002108828415,2561002110507370,8.048827,8.336914,5.708095,1.782915,0.845904,11.72606,0.0,0.0,5.708095
minji-sync-capacity-cdea3b1e9b444df8aee18ecff146f24b:qwen4b-shaped-capacity-test@1@0@-7f349b605af61a0f@bfloat16,128,4,2561002087655343,2561002088063230,2561002088161423,2561002094610771,2561002094622050,2561002107118224,2561002108828415,2561002110528171,6.449348,12.507453,9.878634,1.782915,0.845904,15.9174,0.0,0.0,9.878634
minji-sync-capacity-cdea3b1e9b444df8aee18ecff146f24b:qwen4b-shaped-capacity-test@1@0@10d3bc3816def689@bfloat16,129,4,2561002087942236,2561002090466813,2561002090771118,2561002102336740,2561002102351984,2561002107118224,2561002108828415,2561002110549452,11.565622,4.781484,2.152665,1.782915,0.845904,8.212712,0.0,0.0,2.152665
minji-sync-capacity-cdea3b1e9b444df8aee18ecff146f24b:qwen4b-shaped-capacity-test@1@0@40c9996f26ebc512@bfloat16,130,4,2561002089516067,2561002089747808,2561002090441774,2561002096163786,2561002096175351,2561002107118224,2561002108828415,2561002110572680,5.722012,10.954438,8.325619,1.782915,0.845904,14.408894,0.0,0.0,8.325619
minji-sync-capacity-cdea3b1e9b444df8aee18ecff146f24b:qwen4b-shaped-capacity-test@1@0@2dbffd695a6de493@bfloat16,131,4,2561002089908688,2561002090190688,2561002090817129,2561002096918981,2561002096930220,2561002107118224,2561002108828415,2561002110594516,6.101852,10.199243,7.570424,1.782915,0.845904,13.675535,0.0,0.0,7.570424
minji-sync-capacity-cdea3b1e9b444df8aee18ecff146f24b:qwen4b-shaped-capacity-test@1@0@-71626b03023220b3@bfloat16,132,4,2561002090654198,2561002090955428,2561002091040695,2561002102065034,2561002102077553,2561002107118224,2561002108828415,2561002110615485,11.024339,5.05319,2.424371,1.782915,0.845904,8.550451,0.0,0.0,2.424371
minji-sync-capacity-cdea3b1e9b444df8aee18ecff146f24b:qwen4b-shaped-capacity-test@1@0@6eeb207e5a91d39f@bfloat16,133,4,2561002091629816,2561002091925155,2561002092442069,2561002098698555,2561002098711794,2561002107118224,2561002108828415,2561002110637454,6.256486,8.419669,5.79085,1.782915,0.845904,11.938899,0.0,0.0,5.79085
minji-sync-capacity-cdea3b1e9b444df8aee18ecff146f24b:qwen4b-shaped-capacity-test@1@0@7023e4105dbccb8b@bfloat16,134,4,2561002091728160,2561002092111651,2561002092363062,2561002104489405,2561002104504889,2561002107118224,2561002108828415,2561002110657850,12.126343,2.628819,0.0,1.782915,0.845904,6.168445,0.0,0.0,0.0
minji-sync-capacity-cdea3b1e9b444df8aee18ecff146f24b:qwen4b-shaped-capacity-test@1@0@-123bfe07fc32daa@bfloat16,135,5,2561002092328619,2561002092902505,2561002092942199,2561002098972552,2561002098985378,2561002124654821,2561002125514495,2561002126358251,6.030353,25.682269,23.462032,1.180251,1.039986,27.385699,10.546244,3.846637,9.069151
minji-sync-capacity-cdea3b1e9b444df8aee18ecff146f24b:qwen4b-shaped-capacity-test@1@0@2763c44afbd530e9@bfloat16,136,5,2561002093043172,2561002093381063,2561002093522153,2561002104429462,2561002104441421,2561002124654821,2561002125514495,2561002126389051,10.907309,20.225359,18.005122,1.180251,1.039986,21.959589,5.089334,3.846637,9.069151
minji-sync-capacity-cdea3b1e9b444df8aee18ecff146f24b:qwen4b-shaped-capacity-test@1@0@-59a6da64233a4144@bfloat16,137,5,2561002094635563,2561002094956309,2561002095152766,2561002107969522,2561002107981321,2561002124654821,2561002125514495,2561002126415505,12.816756,16.685299,14.465062,1.180251,1.039986,18.445983,1.549274,3.846637,9.069151
minji-sync-capacity-cdea3b1e9b444df8aee18ecff146f24b:qwen4b-shaped-capacity-test@1@0@-3e68caed6df6cb25@bfloat16,138,5,2561002094705993,2561002095079764,2561002095132160,2561002107875128,2561002107891616,2561002124654821,2561002125514495,2561002126438586,12.742968,16.779693,14.559456,1.180251,1.039986,18.563458,1.643668,3.846637,9.069151
minji-sync-capacity-cdea3b1e9b444df8aee18ecff146f24b:qwen4b-shaped-capacity-test@1@0@519ad070d3629d17@bfloat16,139,5,2561002095264483,2561002097869016,2561002097895369,2561002114231635,2561002114245588,2561002124654821,2561002125514495,2561002126463774,16.336266,10.423186,8.202949,1.180251,1.039986,12.232139,0.0,0.0,8.202949
minji-sync-capacity-cdea3b1e9b444df8aee18ecff146f24b:qwen4b-shaped-capacity-test@1@0@5653bd3d229fd881@bfloat16,140,5,2561002096187790,2561002096438289,2561002096466139,2561002103082559,2561002103096024,2561002124654821,2561002125514495,2561002126487231,6.61642,21.572262,19.352025,1.180251,1.039986,23.404672,6.436237,3.846637,9.069151
minji-sync-capacity-cdea3b1e9b444df8aee18ecff146f24b:qwen4b-shaped-capacity-test@1@0@ff2eccb1b77540f@bfloat16,141,5,2561002096943220,2561002097194295,2561002097220063,2561002104555705,2561002104569213,2561002124654821,2561002125514495,2561002126516157,7.335642,20.099116,17.878879,1.180251,1.039986,21.960452,4.963091,3.846637,9.069151
minji-sync-capacity-cdea3b1e9b444df8aee18ecff146f24b:qwen4b-shaped-capacity-test@1@0@3e29be11fe762584@bfloat16,142,5,2561002097946279,2561002098206144,2561002098236800,2561002104977637,2561002104991420,2561002124654821,2561002125514495,2561002126538057,6.740837,19.677184,17.456947,1.180251,1.039986,21.56042,4.541159,3.846637,9.069151
minji-sync-capacity-cdea3b1e9b444df8aee18ecff146f24b:qwen4b-shaped-capacity-test@1@0@451e0a4baef42910@bfloat16,143,5,2561002098724716,2561002099186718,2561002099242301,2561002105767498,2561002105781093,2561002124654821,2561002125514495,2561002126558982,6.525197,18.887323,16.667086,1.180251,1.039986,20.791484,3.751298,3.846637,9.069151
minji-sync-capacity-cdea3b1e9b444df8aee18ecff146f24b:qwen4b-shaped-capacity-test@1@0@-35db65e4784848ed@bfloat16,144,5,2561002098813670,2561002103570069,2561002103861116,2561002113272341,2561002113292485,2561002124654821,2561002125514495,2561002126581253,9.411225,11.38248,9.162243,1.180251,1.039986,13.308912,0.0,0.093092,9.069151
minji-sync-capacity-cdea3b1e9b444df8aee18ecff146f24b:qwen4b-shaped-capacity-test@1@0@-1328ef27a5f2b028@bfloat16,145,5,2561002099009027,2561002102973457,2561002103280047,2561002109234567,2561002109250019,2561002124654821,2561002125514495,2561002126604175,5.95452,15.420254,13.200017,1.180251,1.039986,17.369608,0.284229,3.846637,9.069151
minji-sync-capacity-cdea3b1e9b444df8aee18ecff146f24b:qwen4b-shaped-capacity-test@1@0@-4c105d998f3d7100@bfloat16,146,5,2561002101466750,2561002101704436,2561002101739351,2561002107807252,2561002107819497,2561002124654821,2561002125514495,2561002126627165,6.067901,16.847569,14.627332,1.180251,1.039986,18.819913,1.711544,3.846637,9.069151
minji-sync-capacity-cdea3b1e9b444df8aee18ecff146f24b:qwen4b-shaped-capacity-test@1@0@-439e2dd54493b147@bfloat16,147,5,2561002101846599,2561002102262516,2561002102537390,2561002111110366,2561002111122363,2561002124654821,2561002125514495,2561002126647939,8.572976,13.544455,11.324218,1.180251,1.039986,15.537573,0.0,2.255067,9.069151
minji-sync-capacity-cdea3b1e9b444df8aee18ecff146f24b:qwen4b-shaped-capacity-test@1@0@-451f23a4e74437ee@bfloat16,148,5,2561002102093840,2561002102663374,2561002103373687,2561002117892136,2561002117908530,2561002124654821,2561002125514495,2561002126670060,14.518449,6.762685,4.542448,1.180251,1.039986,8.777924,0.0,0.0,4.542448
minji-sync-capacity-cdea3b1e9b444df8aee18ecff146f24b:qwen4b-shaped-capacity-test@1@0@42970274dd8a785e@bfloat16,149,5,2561002102370656,2561002103334968,2561002103414992,2561002109485910,2561002109500631,2561002124654821,2561002125514495,2561002126692732,6.070918,15.168911,12.948674,1.180251,1.039986,17.206822,0.032886,3.846637,9.069151
minji-sync-capacity-cdea3b1e9b444df8aee18ecff146f24b:qwen4b-shaped-capacity-test@1@0@-66a8eb535522a522@bfloat16,150,5,2561002102631400,2561002103717512,2561002103929418,2561002109710470,2561002109725457,2561002124654821,2561002125514495,2561002126713884,5.781052,14.944351,12.724114,1.180251,1.039986,17.003414,0.0,3.654963,9.069151
minji-sync-capacity-cdea3b1e9b444df8aee18ecff146f24b:qwen4b-shaped-capacity-test@1@0@-529b03328c3b628d@bfloat16,151,5,2561002103111260,2561002103819374,2561002103904119,2561002112827747,2561002112840073,2561002124654821,2561002125514495,2561002126734834,8.923628,11.827074,9.606837,1.180251,1.039986,13.907087,0.0,0.537686,9.069151
minji-sync-capacity-cdea3b1e9b444df8aee18ecff146f24b:qwen4b-shaped-capacity-test@1@0@712f29129f191015@bfloat16,152,5,2561002104459371,2561002104712356,2561002105072135,2561002113532522,2561002113545994,2561002124654821,2561002125514495,2561002126757311,8.460387,11.122299,8.902062,1.180251,1.039986,13.224789,0.0,0.0,8.902062
minji-sync-capacity-cdea3b1e9b444df8aee18ecff146f24b:qwen4b-shaped-capacity-test@1@0@1605afefcebd2f54@bfloat16,153,5,2561002104527131,2561002105298380,2561002105878332,2561002118163808,2561002118179234,2561002124654821,2561002125514495,2561002126777223,12.285476,6.491013,4.270776,1.180251,1.039986,8.613415,0.0,0.0,4.270776
minji-sync-capacity-cdea3b1e9b444df8aee18ecff146f24b:qwen4b-shaped-capacity-test@1@0@-1707e5374c192350@bfloat16,154,5,2561002104584164,2561002105491218,2561002105829530,2561002115981405,2561002115993124,2561002124654821,2561002125514495,2561002126797101,10.151875,8.673416,6.453179,1.180251,1.039986,10.815696,0.0,0.0,6.453179
minji-sync-capacity-cdea3b1e9b444df8aee18ecff146f24b:qwen4b-shaped-capacity-test@1@0@529ddde6e27aab26@bfloat16,155,5,2561002105015178,2561002105608909,2561002106100440,2561002112487013,2561002112499546,2561002124654821,2561002125514495,2561002126817400,6.386573,12.167808,9.947571,1.180251,1.039986,14.330387,0.0,0.87842,9.069151
minji-sync-capacity-cdea3b1e9b444df8aee18ecff146f24b:qwen4b-shaped-capacity-test@1@0@-6637a38ded152b4e@bfloat16,156,5,2561002105796053,2561002106027758,2561002106163991,2561002112748957,2561002112762054,2561002124654821,2561002125514495,2561002126837534,6.584966,11.905864,9.685627,1.180251,1.039986,14.088577,0.0,0.616476,9.069151
minji-sync-capacity-cdea3b1e9b444df8aee18ecff146f24b:qwen4b-shaped-capacity-test@1@0@-7425ca7fac609b37@bfloat16,157,5,2561002107832494,2561002108343260,2561002108729961,2561002115591593,2561002115604827,2561002124654821,2561002125514495,2561002126857247,6.861632,9.063228,6.842991,1.180251,1.039986,11.265654,0.0,0.0,6.842991
minji-sync-capacity-cdea3b1e9b444df8aee18ecff146f24b:qwen4b-shaped-capacity-test@1@0@-5425cb4b9dc6781c@bfloat16,158,5,2561002107907086,2561002108443814,2561002108769954,2561002115926734,2561002115941247,2561002124654821,2561002125514495,2561002126877021,7.15678,8.728087,6.50785,1.180251,1.039986,10.950287,0.0,0.0,6.50785
minji-sync-capacity-cdea3b1e9b444df8aee18ecff146f24b:qwen4b-shaped-capacity-test@1@0@-4bcb40853ea76374@bfloat16,159,5,2561002107999000,2561002110086327,2561002110407617,2561002122434584,2561002122450579,2561002124654821,2561002125514495,2561002126899154,12.026967,2.220237,0.0,1.180251,1.039986,4.46457,0.0,0.0,0.0
minji-sync-capacity-cdea3b1e9b444df8aee18ecff146f24b:qwen4b-shaped-capacity-test@1@0@2d413da4f32fdf39@bfloat16,160,5,2561002109268445,2561002109791915,2561002109940785,2561002116477045,2561002116491385,2561002124654821,2561002125514495,2561002126927954,6.53626,8.177776,5.957539,1.180251,1.039986,10.450909,0.0,0.0,5.957539
minji-sync-capacity-cdea3b1e9b444df8aee18ecff146f24b:qwen4b-shaped-capacity-test@1@0@-60eab58919cd625@bfloat16,161,5,2561002109518796,2561002113094998,2561002113365433,2561002119494526,2561002119509638,2561002124654821,2561002125514495,2561002126952265,6.129093,5.160295,2.940058,1.180251,1.039986,7.457739,0.0,0.0,2.940058
minji-sync-capacity-cdea3b1e9b444df8aee18ecff146f24b:qwen4b-shaped-capacity-test@1@0@3aa150de898bac1a@bfloat16,162,6,2561002109758056,2561002110193540,2561002110376103,2561002122291671,2561002122304428,2561002145527789,2561002147264781,2561002147425977,11.915568,23.236118,22.090381,0.654985,0.490752,25.134306,3.530189,0.397123,18.163069
minji-sync-capacity-cdea3b1e9b444df8aee18ecff146f24b:qwen4b-shaped-capacity-test@1@0@-3f86cb54dabc0300@bfloat16,163,6,2561002111136481,2561002112698984,2561002112919644,2561002118934393,2561002118948546,2561002145527789,2561002147264781,2561002147457461,6.014749,26.593396,25.447659,0.654985,0.490752,28.523068,6.887467,0.397123,18.163069
minji-sync-capacity-cdea3b1e9b444df8aee18ecff146f24b:qwen4b-shaped-capacity-test@1@0@29ddbe47615ba93d@bfloat16,164,6,2561002112515656,2561002113248488,2561002113595778,2561002119561670,2561002119575683,2561002145527789,2561002147264781,2561002147486908,5.965892,25.966119,24.820382,0.654985,0.490752,27.925238,6.26019,0.397123,18.163069
minji-sync-capacity-cdea3b1e9b444df8aee18ecff146f24b:qwen4b-shaped-capacity-test@1@0@65656c90315e6997@bfloat16,165,6,2561002112776327,2561002116214413,2561002116875599,2561002130273121,2561002130290079,2561002145527789,2561002147264781,2561002147512954,13.397522,15.254668,14.108931,0.654985,0.490752,17.239833,0.0,0.0,14.108931
minji-sync-capacity-cdea3b1e9b444df8aee18ecff146f24b:qwen4b-shaped-capacity-test@1@0@-3e1d90e6d245132a@bfloat16,166,6,2561002112855112,2561002113517128,2561002113629340,2561002119759170,2561002119772063,2561002145527789,2561002147264781,2561002147537657,6.12983,25.768619,24.622882,0.654985,0.490752,27.778487,6.06269,0.397123,18.163069
minji-sync-capacity-cdea3b1e9b444df8aee18ecff146f24b:qwen4b-shaped-capacity-test@1@0@6d4be382779c9c84@bfloat16,167,6,2561002113314206,2561002118285070,2561002118724834,2561002127089621,2561002127107062,2561002145527789,2561002147264781,2561002147561036,8.364787,18.438168,17.292431,0.654985,0.490752,20.471415,0.0,0.0,17.292431
minji-sync-capacity-cdea3b1e9b444df8aee18ecff146f24b:qwen4b-shaped-capacity-test@1@0@3ade81ed59d8cc9b@bfloat16,168,6,2561002113562482,2561002115888094,2561002116943818,2561002130159565,2561002130172964,2561002145527789,2561002147264781,2561002147592911,13.215747,15.368224,14.222487,0.654985,0.490752,17.433346,0.0,0.0,14.222487
minji-sync-capacity-cdea3b1e9b444df8aee18ecff146f24b:qwen4b-shaped-capacity-test@1@0@-df5fafe581eb273@bfloat16,169,6,2561002114265907,2561002115744583,2561002116553500,2561002122186835,2561002122198358,2561002145527789,2561002147264781,2561002147618114,5.633335,23.340954,22.195217,0.654985,0.490752,25.431279,3.635025,0.397123,18.163069
minji-sync-capacity-cdea3b1e9b444df8aee18ecff146f24b:qwen4b-shaped-capacity-test@1@0@-1543206fca202e70@bfloat16,170,6,2561002115623346,2561002117956140,2561002118584944,2561002124184559,2561002124195522,2561002145527789,2561002147264781,2561002147642366,5.599615,21.34323,20.197493,0.654985,0.490752,23.457807,1.637301,0.397123,18.163069
minji-sync-capacity-cdea3b1e9b444df8aee18ecff146f24b:qwen4b-shaped-capacity-test@1@0@-1076622f8ae9c09c@bfloat16,171,6,2561002115956178,2561002116441697,2561002116901192,2561002122756366,2561002122768093,2561002145527789,2561002147264781,2561002147665418,5.855174,22.771423,21.625686,0.654985,0.490752,24.909052,3.065494,0.397123,18.163069
minji-sync-capacity-cdea3b1e9b444df8aee18ecff146f24b:qwen4b-shaped-capacity-test@1@0@-7cbdf14e9805ba51@bfloat16,172,6,2561002116011003,2561002116728240,2561002117099903,2561002122907512,2561002122917456,2561002145527789,2561002147264781,2561002147687291,5.807609,22.620277,21.47454,0.654985,0.490752,24.779779,2.914348,0.397123,18.163069
minji-sync-capacity-cdea3b1e9b444df8aee18ecff146f24b:qwen4b-shaped-capacity-test@1@0@496e49f82eb7caab@bfloat16,173,6,2561002116511425,2561002116921907,2561002117121701,2561002125787983,2561002125804259,2561002145527789,2561002147264781,2561002147712238,8.666282,19.739806,18.594069,0.654985,0.490752,21.924255,0.033877,0.397123,18.163069
minji-sync-capacity-cdea3b1e9b444df8aee18ecff146f24b:qwen4b-shaped-capacity-test@1@0@-1f9e96d6a974f11e@bfloat16,174,6,2561002117928531,2561002118500355,2561002118691289,2561002131137579,2561002131158426,2561002145527789,2561002147264781,2561002147734521,12.44629,14.39021,13.244473,0.654985,0.490752,16.596942,0.0,0.0,13.244473
minji-sync-capacity-cdea3b1e9b444df8aee18ecff146f24b:qwen4b-shaped-capacity-test@1@0@-1fc5b6057047437f@bfloat16,175,6,2561002118203192,2561002118889954,2561002118918955,2561002123877115,2561002123891614,2561002145527789,2561002147264781,2561002147756472,4.95816,21.650674,20.504937,0.654985,0.490752,23.879357,1.944745,0.397123,18.163069
minji-sync-capacity-cdea3b1e9b444df8aee18ecff146f24b:qwen4b-shaped-capacity-test@1@0@-3e4fd31085d8e83f@bfloat16,176,6,2561002118965380,2561002119424950,2561002119456604,2561002125416831,2561002125427342,2561002145527789,2561002147264781,2561002147776932,5.960227,20.110958,18.965221,0.654985,0.490752,22.360101,0.405029,0.397123,18.163069
minji-sync-capacity-cdea3b1e9b444df8aee18ecff146f24b:qwen4b-shaped-capacity-test@1@0@-725c6d0698141ea0@bfloat16,177,6,2561002119525992,2561002119857881,2561002120197221,2561002130592380,2561002130606221,2561002145527789,2561002147264781,2561002147798377,10.395159,14.935409,13.789672,0.654985,0.490752,17.205997,0.0,0.0,13.789672
minji-sync-capacity-cdea3b1e9b444df8aee18ecff146f24b:qwen4b-shaped-capacity-test@1@0@519d8dbab7f2b262@bfloat16,178,6,2561002119591150,2561002120016004,2561002120236703,2561002144382052,2561002144400573,2561002145527789,2561002147264781,2561002147820148,24.145349,1.145737,0.0,0.654985,0.490752,3.438096,0.0,0.0,0.0
minji-sync-capacity-cdea3b1e9b444df8aee18ecff146f24b:qwen4b-shaped-capacity-test@1@0@22e50aceb95d57ea@bfloat16,179,6,2561002119787940,2561002120148436,2561002120262787,2561002133783008,2561002133798663,2561002145527789,2561002147264781,2561002147847982,13.520221,11.744781,10.599044,0.654985,0.490752,14.064974,0.0,0.0,10.599044
minji-sync-capacity-cdea3b1e9b444df8aee18ecff146f24b:qwen4b-shaped-capacity-test@1@0@3f08a94ebd7aa303@bfloat16,180,6,2561002122213833,2561002122623378,2561002122738056,2561002128037807,2561002128049789,2561002145527789,2561002147264781,2561002147870489,5.299751,17.489982,16.344245,0.654985,0.490752,19.832682,0.0,0.0,16.344245
minji-sync-capacity-cdea3b1e9b444df8aee18ecff146f24b:qwen4b-shaped-capacity-test@1@0@61c07c186e4bd357@bfloat16,181,6,2561002122325961,2561002123163017,2561002123245079,2561002131668284,2561002131685309,2561002145527789,2561002147264781,2561002147890470,8.423205,13.859505,12.713768,0.654985,0.490752,16.222186,0.0,0.0,12.713768
minji-sync-capacity-cdea3b1e9b444df8aee18ecff146f24b:qwen4b-shaped-capacity-test@1@0@-73ea5a085e3c01ec@bfloat16,182,6,2561002122472461,2561002123349257,2561002123662295,2561002129145462,2561002129154853,2561002145527789,2561002147264781,2561002147911501,5.483167,16.382327,15.23659,0.654985,0.490752,18.766039,0.0,0.0,15.23659
minji-sync-capacity-cdea3b1e9b444df8aee18ecff146f24b:qwen4b-shaped-capacity-test@1@0@482ef3843fa0f913@bfloat16,183,6,2561002122783439,2561002123462367,2561002123516747,2561002134437362,2561002134448528,2561002145527789,2561002147264781,2561002148018557,10.920615,11.090427,9.94469,0.654985,0.490752,13.581195,0.0,0.0,9.94469
minji-sync-capacity-cdea3b1e9b444df8aee18ecff146f24b:qwen4b-shaped-capacity-test@1@0@-2fcff0317eb91d78@bfloat16,184,6,2561002122930432,2561002124271724,2561002124422317,2561002136519840,2561002136535502,2561002145527789,2561002147264781,2561002148048738,12.097523,9.007949,7.862212,0.654985,0.490752,11.528898,0.0,0.0,7.862212
minji-sync-capacity-cdea3b1e9b444df8aee18ecff146f24b:qwen4b-shaped-capacity-test@1@0@2920aeded14f1e76@bfloat16,185,6,2561002123908623,2561002124481232,2561002124776496,2561002137003515,2561002137019008,2561002145527789,2561002147264781,2561002148075196,12.227019,8.524274,7.378537,0.654985,0.490752,11.071681,0.0,0.0,7.378537
minji-sync-capacity-cdea3b1e9b444df8aee18ecff146f24b:qwen4b-shaped-capacity-test@1@0@59b5e93e32341b51@bfloat16,186,6,2561002124208361,2561002125639589,2561002126175345,2561002144252642,2561002144269799,2561002145527789,2561002147264781,2561002148100412,18.077297,1.275147,0.12941,0.654985,0.490752,3.84777,0.0,0.0,0.12941
minji-sync-capacity-cdea3b1e9b444df8aee18ecff146f24b:qwen4b-shaped-capacity-test@1@0@44c507efe9b0b287@bfloat16,187,6,2561002125442082,2561002125748104,2561002125918505,2561002132140052,2561002132160445,2561002145527789,2561002147264781,2561002148125224,6.221547,13.387737,12.242,0.654985,0.490752,15.985172,0.0,0.0,12.242
minji-sync-capacity-cdea3b1e9b444df8aee18ecff146f24b:qwen4b-shaped-capacity-test@1@0@-242d164745b6953a@bfloat16,188,6,2561002125821860,2561002126053317,2561002126218983,2561002132081245,2561002132093405,2561002145527789,2561002147264781,2561002148217757,5.862262,13.446544,12.300807,0.654985,0.490752,16.136512,0.0,0.0,12.300807
minji-sync-capacity-cdea3b1e9b444df8aee18ecff146f24b:qwen4b-shaped-capacity-test@1@0@7cf6c1c5063f10b2@bfloat16,189,7,2561002127127300,2561002127401164,2561002127434177,2561002140219600,2561002140234559,2561002158159926,2561002160623899,2561002161137864,12.785423,17.940326,13.548525,1.333323,3.058478,20.918264,4.666956,2.049649,6.83192
minji-sync-capacity-cdea3b1e9b444df8aee18ecff146f24b:qwen4b-shaped-capacity-test@1@0@20d45a0959eea5ca@bfloat16,190,7,2561002128066133,2561002128322346,2561002128502507,2561002134215691,2561002134230453,2561002158159926,2561002160623899,2561002161175226,5.713184,23.944235,19.552434,1.333323,3.058478,26.959535,10.670865,2.049649,6.83192
minji-sync-capacity-cdea3b1e9b444df8aee18ecff146f24b:qwen4b-shaped-capacity-test@1@0@702e1526a9da56ec@bfloat16,191,7,2561002129168897,2561002129418100,2561002129445475,2561002134973645,2561002134985920,2561002158159926,2561002160623899,2561002161217235,5.52817,23.186281,18.79448,1.333323,3.058478,26.24359,9.912911,2.049649,6.83192
minji-sync-capacity-cdea3b1e9b444df8aee18ecff146f24b:qwen4b-shaped-capacity-test@1@0@-331724232156ee74@bfloat16,192,7,2561002130192238,2561002130800664,2561002132023054,2561002137829225,2561002137847262,2561002158159926,2561002160623899,2561002161250720,5.806171,20.330701,15.9389,1.333323,3.058478,23.421495,7.057331,2.049649,6.83192
minji-sync-capacity-cdea3b1e9b444df8aee18ecff146f24b:qwen4b-shaped-capacity-test@1@0@-63d1cd7d02b7489b@bfloat16,193,7,2561002130315154,2561002130991409,2561002131373440,2561002149301339,2561002149318206,2561002158159926,2561002160623899,2561002161280212,17.927899,8.858587,4.466786,1.333323,3.058478,11.978873,0.0,0.0,4.466786
minji-sync-capacity-cdea3b1e9b444df8aee18ecff146f24b:qwen4b-shaped-capacity-test@1@0@-2a8bcf2ba08a71cc@bfloat16,194,7,2561002130624332,2561002131426382,2561002132412093,2561002138449220,2561002138468065,2561002158159926,2561002160623899,2561002161307320,6.037127,19.710706,15.318905,1.333323,3.058478,22.8581,6.437336,2.049649,6.83192
minji-sync-capacity-cdea3b1e9b444df8aee18ecff146f24b:qwen4b-shaped-capacity-test@1@0@-118f34a1d7d3a774@bfloat16,195,7,2561002131196818,2561002131643748,2561002131864588,2561002144847977,2561002144865208,2561002158159926,2561002160623899,2561002161333039,12.983389,13.311949,8.920148,1.333323,3.058478,16.485062,0.038579,2.049649,6.83192
minji-sync-capacity-cdea3b1e9b444df8aee18ecff146f24b:qwen4b-shaped-capacity-test@1@0@-145599f00760cb44@bfloat16,196,7,2561002131704828,2561002133848841,2561002133891067,2561002146842966,2561002146859460,2561002158159926,2561002160623899,2561002161361824,12.951899,11.31696,6.925159,1.333323,3.058478,14.518858,0.0,0.093239,6.83192
minji-sync-capacity-cdea3b1e9b444df8aee18ecff146f24b:qwen4b-shaped-capacity-test@1@0@34f84683868b949c@bfloat16,197,7,2561002132109404,2561002132348318,2561002132382466,2561002138582782,2561002138592859,2561002158159926,2561002160623899,2561002161393809,6.200316,19.577144,15.185343,1.333323,3.058478,22.811027,6.303774,2.049649,6.83192
minji-sync-capacity-cdea3b1e9b444df8aee18ecff146f24b:qwen4b-shaped-capacity-test@1@0@-2267ca280a213ac4@bfloat16,198,7,2561002132182201,2561002134497469,2561002135030534,2561002141854863,2561002141872108,2561002158159926,2561002160623899,2561002161420112,6.824329,16.305063,11.913262,1.333323,3.058478,19.565249,3.031693,2.049649,6.83192
minji-sync-capacity-cdea3b1e9b444df8aee18ecff146f24b:qwen4b-shaped-capacity-test@1@0@-2017c3115dfbb67b@bfloat16,199,7,2561002133816702,2561002134293107,2561002134950060,2561002141685049,2561002141701879,2561002158159926,2561002160623899,2561002161445774,6.734989,16.474877,12.083076,1.333323,3.058478,19.760725,3.201507,2.049649,6.83192
minji-sync-capacity-cdea3b1e9b444df8aee18ecff146f24b:qwen4b-shaped-capacity-test@1@0@5c585bc5b4bd4f88@bfloat16,200,7,2561002134259323,2561002134752802,2561002135068465,2561002142110812,2561002142125655,2561002158159926,2561002160623899,2561002161471199,7.042347,16.049114,11.657313,1.333323,3.058478,19.360387,2.775744,2.049649,6.83192
minji-sync-capacity-cdea3b1e9b444df8aee18ecff146f24b:qwen4b-shaped-capacity-test@1@0@-7775d1ffc1b56b02@bfloat16,201,7,2561002134462892,2561002134922229,2561002135086524,2561002142671019,2561002142686342,2561002158159926,2561002160623899,2561002161495939,7.584495,15.488907,11.097106,1.333323,3.058478,18.82492,2.215537,2.049649,6.83192
minji-sync-capacity-cdea3b1e9b444df8aee18ecff146f24b:qwen4b-shaped-capacity-test@1@0@6a885311bf56ff3a@bfloat16,202,7,2561002135003713,2561002135205757,2561002135239358,2561002145614243,2561002145628525,2561002158159926,2561002160623899,2561002161517732,10.374885,12.545683,8.153882,1.333323,3.058478,15.903489,0.0,1.321962,6.83192
minji-sync-capacity-cdea3b1e9b444df8aee18ecff146f24b:qwen4b-shaped-capacity-test@1@0@197a3490d5c4a1f8@bfloat16,203,7,2561002136553019,2561002138046734,2561002138335033,2561002147938255,2561002147957311,2561002158159926,2561002160623899,2561002161540931,9.603222,10.221671,5.82987,1.333323,3.058478,13.602676,0.0,0.0,5.82987
minji-sync-capacity-cdea3b1e9b444df8aee18ecff146f24b:qwen4b-shaped-capacity-test@1@0@68ad17cc6597c66b@bfloat16,204,7,2561002137037151,2561002137291895,2561002137324207,2561002148942441,2561002148957756,2561002158159926,2561002160623899,2561002161564024,11.618234,9.217485,4.825684,1.333323,3.058478,12.621583,0.0,0.0,4.825684
minji-sync-capacity-cdea3b1e9b444df8aee18ecff146f24b:qwen4b-shaped-capacity-test@1@0@-3677129bb28878dc@bfloat16,205,7,2561002137867020,2561002138208272,2561002138285141,2561002148247488,2561002148261371,2561002158159926,2561002160623899,2561002161586838,9.962347,9.912438,5.520637,1.333323,3.058478,13.33935,0.0,0.0,5.520637
minji-sync-capacity-cdea3b1e9b444df8aee18ecff146f24b:qwen4b-shaped-capacity-test@1@0@1b1b64c71a122f5@bfloat16,206,7,2561002138487223,2561002139008170,2561002139084400,2561002148490947,2561002148503629,2561002158159926,2561002160623899,2561002161610709,9.406547,9.668979,5.277178,1.333323,3.058478,13.119762,0.0,0.0,5.277178
minji-sync-capacity-cdea3b1e9b444df8aee18ecff146f24b:qwen4b-shaped-capacity-test@1@0@681d84c2708578cd@bfloat16,207,7,2561002138605553,2561002138880823,2561002139062124,2561002148659977,2561002148673736,2561002158159926,2561002160623899,2561002161634738,9.597853,9.499949,5.108148,1.333323,3.058478,12.974761,0.0,0.0,5.108148
minji-sync-capacity-cdea3b1e9b444df8aee18ecff146f24b:qwen4b-shaped-capacity-test@1@0@744e9e7fc8158896@bfloat16,208,7,2561002140258478,2561002140503343,2561002140536020,2561002148137928,2561002148148450,2561002158159926,2561002160623899,2561002161661622,7.601908,10.021998,5.630197,1.333323,3.058478,13.523694,0.0,0.0,5.630197
minji-sync-capacity-cdea3b1e9b444df8aee18ecff146f24b:qwen4b-shaped-capacity-test@1@0@-160c0950e81999a7@bfloat16,209,7,2561002141720393,2561002142183078,2561002142654499,2561002153466190,2561002153488776,2561002158159926,2561002160623899,2561002161685585,10.811691,4.693736,0.301935,1.333323,3.058478,8.219395,0.0,0.0,0.301935
minji-sync-capacity-cdea3b1e9b444df8aee18ecff146f24b:qwen4b-shaped-capacity-test@1@0@2605eb4444d3c56c@bfloat16,210,7,2561002141889990,2561002142317148,2561002142641067,2561002149394458,2561002149413572,2561002158159926,2561002160623899,2561002161708408,6.753391,8.765468,4.373667,1.333323,3.058478,12.31395,0.0,0.0,4.373667
minji-sync-capacity-cdea3b1e9b444df8aee18ecff146f24b:qwen4b-shaped-capacity-test@1@0@280b9e3674ef672b@bfloat16,211,7,2561002142148141,2561002142483554,2561002142625673,2561002152109020,2561002152126254,2561002158159926,2561002160623899,2561002161735877,9.483347,6.050906,1.659105,1.333323,3.058478,9.626857,0.0,0.0,1.659105
minji-sync-capacity-cdea3b1e9b444df8aee18ecff146f24b:qwen4b-shaped-capacity-test@1@0@2fd8976222bcafb9@bfloat16,212,7,2561002142704983,2561002143019082,2561002143065280,2561002150855240,2561002150872256,2561002158159926,2561002160623899,2561002161760581,7.78996,7.304686,2.912885,1.333323,3.058478,10.905341,0.0,0.0,2.912885
minji-sync-capacity-cdea3b1e9b444df8aee18ecff146f24b:qwen4b-shaped-capacity-test@1@0@153c4e85a0be1dd3@bfloat16,213,7,2561002144287878,2561002144587296,2561002144761844,2561002151324065,2561002151335606,2561002158159926,2561002160623899,2561002161783640,6.562221,6.835861,2.44406,1.333323,3.058478,10.459575,0.0,0.0,2.44406
minji-sync-capacity-cdea3b1e9b444df8aee18ecff146f24b:qwen4b-shaped-capacity-test@1@0@-ae237731e2edf6e@bfloat16,214,7,2561002144437588,2561002146750151,2561002146936205,2561002153768125,2561002153779533,2561002158159926,2561002160623899,2561002161809507,6.83192,4.391801,0.0,1.333323,3.058478,8.041382,0.0,0.0,0.0
minji-sync-capacity-cdea3b1e9b444df8aee18ecff146f24b:qwen4b-shaped-capacity-test@1@0@6d9b8fc076d664c@bfloat16,215,7,2561002144886556,2561002145265139,2561002145393430,2561002152413302,2561002152425625,2561002158159926,2561002160623899,2561002161833962,7.019872,5.746624,1.354823,1.333323,3.058478,9.42066,0.0,0.0,1.354823
minji-sync-capacity-cdea3b1e9b444df8aee18ecff146f24b:qwen4b-shaped-capacity-test@1@0@-376a72c33c76f1e5@bfloat16,216,8,2561002145647486,2561002146066316,2561002146113092,2561002152920293,2561002152930897,2561002185428667,2561002188487079,2561002188649104,6.807201,32.508374,29.847772,1.27878,1.381822,35.728811,7.647008,0.423313,21.777451
minji-sync-capacity-cdea3b1e9b444df8aee18ecff146f24b:qwen4b-shaped-capacity-test@1@0@-131aecef958fc444@bfloat16,217,8,2561002146880374,2561002149553518,2561002150068535,2561002156796092,2561002156811052,2561002185428667,2561002188487079,2561002188682566,6.727557,28.632575,25.971973,1.27878,1.381822,31.886474,3.771209,0.423313,21.777451
minji-sync-capacity-cdea3b1e9b444df8aee18ecff146f24b:qwen4b-shaped-capacity-test@1@0@4822b0f893b8d889@bfloat16,218,8,2561002147980826,2561002149059767,2561002150093327,2561002156727506,2561002156738880,2561002185428667,2561002188487079,2561002188710764,6.634179,28.701161,26.040559,1.27878,1.381822,31.983258,3.839795,0.423313,21.777451
minji-sync-capacity-cdea3b1e9b444df8aee18ecff146f24b:qwen4b-shaped-capacity-test@1@0@21bc95f5158cb4cb@bfloat16,219,8,2561002148166969,2561002148587221,2561002148861871,2561002155296265,2561002155308150,2561002185428667,2561002188487079,2561002188740746,6.434394,30.132402,27.4718,1.27878,1.381822,33.444481,5.271036,0.423313,21.777451
minji-sync-capacity-cdea3b1e9b444df8aee18ecff146f24b:qwen4b-shaped-capacity-test@1@0@-6867f4dc961860b3@bfloat16,220,8,2561002148277680,2561002150144246,2561002150333691,2561002157732161,2561002157747611,2561002185428667,2561002188487079,2561002188768944,7.39847,27.696506,25.035904,1.27878,1.381822,31.036783,2.83514,0.423313,21.777451
minji-sync-capacity-cdea3b1e9b444df8aee18ecff146f24b:qwen4b-shaped-capacity-test@1@0@559838ee1d148d57@bfloat16,221,8,2561002148522752,2561002149678708,2561002150487114,2561002158855694,2561002158868302,2561002185428667,2561002188487079,2561002188796619,8.36858,26.572973,23.912371,1.27878,1.381822,29.940925,1.711607,0.423313,21.777451
minji-sync-capacity-cdea3b1e9b444df8aee18ecff146f24b:qwen4b-shaped-capacity-test@1@0@-530f217ddf6a8673@bfloat16,222,8,2561002148690975,2561002151303139,2561002151792520,2561002168675117,2561002168689624,2561002185428667,2561002188487079,2561002188828008,16.882597,16.75355,14.092948,1.27878,1.381822,20.152891,0.0,0.0,14.092948
minji-sync-capacity-cdea3b1e9b444df8aee18ecff146f24b:qwen4b-shaped-capacity-test@1@0@-521b226dcff38b60@bfloat16,223,8,2561002148976602,2561002150303691,2561002150639927,2561002165197923,2561002165212597,2561002185428667,2561002188487079,2561002188853185,14.557996,20.230744,17.570142,1.27878,1.381822,23.655262,0.0,0.0,17.570142
minji-sync-capacity-cdea3b1e9b444df8aee18ecff146f24b:qwen4b-shaped-capacity-test@1@0@-305eb405bda85ad1@bfloat16,224,8,2561002149341039,2561002151515411,2561002152208100,2561002168139250,2561002168156631,2561002185428667,2561002188487079,2561002188877003,15.93115,17.289417,14.628815,1.27878,1.381822,20.737753,0.0,0.0,14.628815
minji-sync-capacity-cdea3b1e9b444df8aee18ecff146f24b:qwen4b-shaped-capacity-test@1@0@a3c47150a7525ae@bfloat16,225,8,2561002149435891,2561002150530874,2561002150615494,2561002156872667,2561002156890287,2561002185428667,2561002188487079,2561002188906677,6.257173,28.556,25.895398,1.27878,1.381822,32.03401,3.694634,0.423313,21.777451
minji-sync-capacity-cdea3b1e9b444df8aee18ecff146f24b:qwen4b-shaped-capacity-test@1@0@3c8ff40a21e6acf9@bfloat16,226,8,2561002150894724,2561002151851526,2561002153691106,2561002159471568,2561002159491333,2561002185428667,2561002188487079,2561002188939687,5.780462,25.957099,23.296497,1.27878,1.381822,29.468119,1.095733,0.423313,21.777451
minji-sync-capacity-cdea3b1e9b444df8aee18ecff146f24b:qwen4b-shaped-capacity-test@1@0@-440d8b73936b8c46@bfloat16,227,8,2561002151351943,2561002152052318,2561002153160352,2561002158916734,2561002158928765,2561002185428667,2561002188487079,2561002188969141,5.756382,26.511933,23.851331,1.27878,1.381822,30.052407,1.650567,0.423313,21.777451
minji-sync-capacity-cdea3b1e9b444df8aee18ecff146f24b:qwen4b-shaped-capacity-test@1@0@2595f0b1071f3a83@bfloat16,228,8,2561002152148180,2561002152881717,2561002153572341,2561002161903407,2561002161913803,2561002185428667,2561002188487079,2561002189739959,8.331066,23.52526,20.864658,1.27878,1.381822,27.836552,0.0,0.0,20.864658
minji-sync-capacity-cdea3b1e9b444df8aee18ecff146f24b:qwen4b-shaped-capacity-test@1@0@608fa87356c457a9@bfloat16,229,8,2561002152442125,2561002153925527,2561002154687796,2561002160536703,2561002160549906,2561002185428667,2561002188487079,2561002190244813,5.848907,24.891964,22.231362,1.27878,1.381822,29.70811,0.030598,0.423313,21.777451
minji-sync-capacity-cdea3b1e9b444df8aee18ecff146f24b:qwen4b-shaped-capacity-test@1@0@450053bbc7055cc4@bfloat16,230,8,2561002152958439,2561002155229495,2561002156954333,2561002164116007,2561002164134943,2561002185428667,2561002188487079,2561002190602787,7.161674,21.31266,18.652058,1.27878,1.381822,26.48678,0.0,0.0,18.652058
minji-sync-capacity-cdea3b1e9b444df8aee18ecff146f24b:qwen4b-shaped-capacity-test@1@0@-7332a9ee3734f7f6@bfloat16,231,8,2561002153520399,2561002154090292,2561002154748741,2561002160450487,2561002160461053,2561002185428667,2561002188487079,2561002190643809,5.701746,24.97818,22.317578,1.27878,1.381822,30.193322,0.116814,0.423313,21.777451
minji-sync-capacity-cdea3b1e9b444df8aee18ecff146f24b:qwen4b-shaped-capacity-test@1@0@f8a6162ae4ca28f@bfloat16,232,8,2561002153802509,2561002154361917,2561002154706971,2561002169105071,2561002169129079,2561002185428667,2561002188487079,2561002190701204,14.3981,16.323596,13.662994,1.27878,1.381822,21.596133,0.0,0.0,13.662994
minji-sync-capacity-cdea3b1e9b444df8aee18ecff146f24b:qwen4b-shaped-capacity-test@1@0@7721421229a5c409@bfloat16,233,8,2561002155323303,2561002157902265,2561002157984719,2561002169730677,2561002169745922,2561002185428667,2561002188487079,2561002190735358,11.745958,15.69799,13.037388,1.27878,1.381822,21.004681,0.0,0.0,13.037388
minji-sync-capacity-cdea3b1e9b444df8aee18ecff146f24b:qwen4b-shaped-capacity-test@1@0@52318613635a7678@bfloat16,234,8,2561002156756210,2561002157078366,2561002157713989,2561002163998151,2561002164017881,2561002185428667,2561002188487079,2561002190767073,6.284162,21.430516,18.769914,1.27878,1.381822,26.768922,0.0,0.0,18.769914
minji-sync-capacity-cdea3b1e9b444df8aee18ecff146f24b:qwen4b-shaped-capacity-test@1@0@3c0a4b6610081381@bfloat16,235,8,2561002156832490,2561002159097522,2561002159858398,2561002182768065,2561002182782359,2561002185428667,2561002188487079,2561002190833851,22.909667,2.660602,0.0,1.27878,1.381822,8.065786,0.0,0.0,0.0
minji-sync-capacity-cdea3b1e9b444df8aee18ecff146f24b:qwen4b-shaped-capacity-test@1@0@-4c81164fc49ffae7@bfloat16,236,8,2561002156913652,2561002157326151,2561002157551299,2561002164237149,2561002164251938,2561002185428667,2561002188487079,2561002190861866,6.68585,21.191518,18.530916,1.27878,1.381822,26.624717,0.0,0.0,18.530916
minji-sync-capacity-cdea3b1e9b444df8aee18ecff146f24b:qwen4b-shaped-capacity-test@1@0@5269e6c2331b98c5@bfloat16,237,8,2561002157769757,2561002158407382,2561002158483096,2561002169464292,2561002169480423,2561002185428667,2561002188487079,2561002190887952,10.981196,15.964375,13.303773,1.27878,1.381822,21.42366,0.0,0.0,13.303773
minji-sync-capacity-cdea3b1e9b444df8aee18ecff146f24b:qwen4b-shaped-capacity-test@1@0@11d03fd47916fcd2@bfloat16,238,8,2561002158888928,2561002159289315,2561002159673409,2561002167274868,2561002167285141,2561002185428667,2561002188487079,2561002190912460,7.601459,18.153799,15.493197,1.27878,1.381822,23.637592,0.0,0.0,15.493197
minji-sync-capacity-cdea3b1e9b444df8aee18ecff146f24b:qwen4b-shaped-capacity-test@1@0@-65c8ab1f99a5a1b4@bfloat16,239,8,2561002158943084,2561002159427776,2561002160019719,2561002172533035,2561002172547314,2561002185428667,2561002188487079,2561002190940729,12.513316,12.895632,10.23503,1.27878,1.381822,18.407694,0.0,0.0,10.23503
minji-sync-capacity-cdea3b1e9b444df8aee18ecff146f24b:qwen4b-shaped-capacity-test@1@0@7fd391c076f4b3f1@bfloat16,240,8,2561002159513873,2561002159980143,2561002160118356,2561002169798744,2561002169817476,2561002185428667,2561002188487079,2561002190963669,9.680388,15.629923,12.969321,1.27878,1.381822,21.164925,0.0,0.0,12.969321
minji-sync-capacity-cdea3b1e9b444df8aee18ecff146f24b:qwen4b-shaped-capacity-test@1@0@3a7c14c4ed3eb0be@bfloat16,241,8,2561002160477283,2561002160755283,2561002160947689,2561002169398074,2561002169410945,2561002185428667,2561002188487079,2561002190985941,8.450385,16.030593,13.369991,1.27878,1.381822,21.587867,0.0,0.0,13.369991
minji-sync-capacity-cdea3b1e9b444df8aee18ecff146f24b:qwen4b-shaped-capacity-test@1@0@-6efb97de145cb4b1@bfloat16,242,8,2561002160567301,2561002160891440,2561002160990614,2561002167607233,2561002167620375,2561002185428667,2561002188487079,2561002191012408,6.616619,17.821434,15.160832,1.27878,1.381822,23.405175,0.0,0.0,15.160832
minji-sync-capacity-cdea3b1e9b444df8aee18ecff146f24b:qwen4b-shaped-capacity-test@1@0@-17569f2bbe70332d@bfloat16,243,9,2561002161929317,2561002163977386,2561002164096073,2561002170250989,2561002170267649,2561002195287751,2561002196767444,2561002196928639,6.154916,25.036762,21.592455,1.251139,2.193168,26.67765,11.997427,2.622347,6.972681
minji-sync-capacity-cdea3b1e9b444df8aee18ecff146f24b:qwen4b-shaped-capacity-test@1@0@-6265011565615130@bfloat16,244,9,2561002164035382,2561002165974345,2561002166007968,2561002176217343,2561002176228105,2561002195287751,2561002196767444,2561002196959998,10.209375,19.070408,15.626101,1.251139,2.193168,20.742655,6.031073,2.622347,6.972681
minji-sync-capacity-cdea3b1e9b444df8aee18ecff146f24b:qwen4b-shaped-capacity-test@1@0@-38c38e118a4caff0@bfloat16,245,9,2561002164155094,2561002164499839,2561002164533213,2561002175403425,2561002175415063,2561002195287751,2561002196767444,2561002196985710,10.870212,19.884326,16.440019,1.251139,2.193168,21.582285,6.844991,2.622347,6.972681
minji-sync-capacity-cdea3b1e9b444df8aee18ecff146f24b:qwen4b-shaped-capacity-test@1@0@-426a3b4564abd00b@bfloat16,246,9,2561002164269687,2561002168112631,2561002170189953,2561002181091764,2561002181102884,2561002195287751,2561002196767444,2561002197022097,10.901811,14.195987,10.75168,1.251139,2.193168,15.930333,1.156652,2.622347,6.972681
minji-sync-capacity-cdea3b1e9b444df8aee18ecff146f24b:qwen4b-shaped-capacity-test@1@0@145ac5731d40fb25@bfloat16,247,9,2561002165231711,2561002165496534,2561002165530459,2561002175345781,2561002175361066,2561002195287751,2561002196767444,2561002197275074,9.815322,19.94197,16.497663,1.251139,2.193168,21.929293,6.902635,2.622347,6.972681
minji-sync-capacity-cdea3b1e9b444df8aee18ecff146f24b:qwen4b-shaped-capacity-test@1@0@4b815f186fc40898@bfloat16,248,9,2561002167302554,2561002167560958,2561002167588722,2561002173113048,2561002173126521,2561002195287751,2561002196767444,2561002197309032,5.524326,22.174703,18.730396,1.251139,2.193168,24.195984,9.135368,2.622347,6.972681
minji-sync-capacity-cdea3b1e9b444df8aee18ecff146f24b:qwen4b-shaped-capacity-test@1@0@-6cf56ba6714d5b5a@bfloat16,249,9,2561002167639234,2561002167966139,2561002170024556,2561002176552216,2561002176566954,2561002195287751,2561002196767444,2561002197336427,6.52766,18.735535,15.291228,1.251139,2.193168,20.784211,5.6962,2.622347,6.972681
minji-sync-capacity-cdea3b1e9b444df8aee18ecff146f24b:qwen4b-shaped-capacity-test@1@0@f684d1f9fe0e30a@bfloat16,250,9,2561002168179694,2561002169080369,2561002170742744,2561002182210505,2561002182225306,2561002195287751,2561002196767444,2561002197389880,11.467761,13.077246,9.632939,1.251139,2.193168,15.179375,0.037911,2.622347,6.972681
minji-sync-capacity-cdea3b1e9b444df8aee18ecff146f24b:qwen4b-shaped-capacity-test@1@0@-55f4680bdfe748ac@bfloat16,251,9,2561002168711359,2561002169358396,2561002170328925,2561002184126945,2561002184143343,2561002195287751,2561002196767444,2561002197598078,13.79802,11.160806,7.716499,1.251139,2.193168,13.471133,0.0,0.743818,6.972681
minji-sync-capacity-cdea3b1e9b444df8aee18ecff146f24b:qwen4b-shaped-capacity-test@1@0@-ad464ab80551ace@bfloat16,252,9,2561002169155076,2561002170048945,2561002171301884,2561002182879743,2561002182894537,2561002195287751,2561002196767444,2561002198852281,11.577859,12.408008,8.963701,1.251139,2.193168,15.972538,0.0,1.99102,6.972681
minji-sync-capacity-cdea3b1e9b444df8aee18ecff146f24b:qwen4b-shaped-capacity-test@1@0@-3c425f2745889fea@bfloat16,253,9,2561002169430613,2561002170767860,2561002171578779,2561002179451647,2561002179462177,2561002195287751,2561002196767444,2561002198885189,7.872868,15.836104,12.391797,1.251139,2.193168,19.433542,2.796769,2.622347,6.972681
minji-sync-capacity-cdea3b1e9b444df8aee18ecff146f24b:qwen4b-shaped-capacity-test@1@0@19412065c1776584@bfloat16,254,9,2561002169497655,2561002171027279,2561002171521713,2561002178977171,2561002178991370,2561002195287751,2561002196767444,2561002198909927,7.455458,16.31058,12.866273,1.251139,2.193168,19.932756,3.271245,2.622347,6.972681
minji-sync-capacity-cdea3b1e9b444df8aee18ecff146f24b:qwen4b-shaped-capacity-test@1@0@477c2f2b5fee9763@bfloat16,255,9,2561002169766724,2561002171598599,2561002171635377,2561002179732297,2561002179753295,2561002195287751,2561002196767444,2561002198934537,8.09692,15.555454,12.111147,1.251139,2.193168,19.20224,2.516119,2.622347,6.972681
minji-sync-capacity-cdea3b1e9b444df8aee18ecff146f24b:qwen4b-shaped-capacity-test@1@0@-543f8dc4d9ef666a@bfloat16,256,9,2561002169840955,2561002170500602,2561002171223914,2561002182376414,2561002182391847,2561002195287751,2561002196767444,2561002198958719,11.1525,12.911337,9.46703,1.251139,2.193168,16.582305,0.0,2.494349,6.972681
minji-sync-capacity-cdea3b1e9b444df8aee18ecff146f24b:qwen4b-shaped-capacity-test@1@0@-7a9660ac6084dfac@bfloat16,257,9,2561002170291396,2561002171268583,2561002171562119,2561002180994552,2561002181013889,2561002195287751,2561002196767444,2561002198983285,9.432433,14.293199,10.848892,1.251139,2.193168,17.988733,1.253864,2.622347,6.972681
minji-sync-capacity-cdea3b1e9b444df8aee18ecff146f24b:qwen4b-shaped-capacity-test@1@0@-b4533b737356555@bfloat16,258,9,2561002172562879,2561002172757425,2561002172828796,2561002182284345,2561002182295413,2561002195287751,2561002196767444,2561002199010455,9.455549,13.003406,9.559099,1.251139,2.193168,16.72611,0.0,2.586418,6.972681
minji-sync-capacity-cdea3b1e9b444df8aee18ecff146f24b:qwen4b-shaped-capacity-test@1@0@-2afdf3aaa0a92c50@bfloat16,259,9,2561002173142527,2561002173430680,2561002173461791,2561002184445607,2561002184459684,2561002195287751,2561002196767444,2561002199033980,10.983816,10.842144,7.397837,1.251139,2.193168,14.588373,0.0,0.425156,6.972681
minji-sync-capacity-cdea3b1e9b444df8aee18ecff146f24b:qwen4b-shaped-capacity-test@1@0@6f301bf960d997a4@bfloat16,260,9,2561002175377549,2561002175614018,2561002175824158,2561002184531434,2561002184546602,2561002195287751,2561002196767444,2561002199056370,8.707276,10.756317,7.31201,1.251139,2.193168,14.524936,0.0,0.339329,6.972681
minji-sync-capacity-cdea3b1e9b444df8aee18ecff146f24b:qwen4b-shaped-capacity-test@1@0@-484cc44dba281941@bfloat16,261,9,2561002175429782,2561002175721055,2561002175800927,2561002186750868,2561002186766554,2561002195287751,2561002196767444,2561002199078095,10.949941,8.536883,5.092576,1.251139,2.193168,12.327227,0.0,0.0,5.092576
minji-sync-capacity-cdea3b1e9b444df8aee18ecff146f24b:qwen4b-shaped-capacity-test@1@0@7e8e356b9219e428@bfloat16,262,9,2561002176247053,2561002176463160,2561002176493247,2561002187216598,2561002187232119,2561002195287751,2561002196767444,2561002199099210,10.723351,8.071153,4.626846,1.251139,2.193168,11.882612,0.0,0.0,4.626846
minji-sync-capacity-cdea3b1e9b444df8aee18ecff146f24b:qwen4b-shaped-capacity-test@1@0@-cec2a932c3dd1bd@bfloat16,263,9,2561002176585124,2561002179430403,2561002179509563,2561002185914570,2561002185929403,2561002195287751,2561002196767444,2561002199120303,6.405007,9.373181,5.928874,1.251139,2.193168,13.205733,0.0,0.0,5.928874
minji-sync-capacity-cdea3b1e9b444df8aee18ecff146f24b:qwen4b-shaped-capacity-test@1@0@5e5c7f7264776f71@bfloat16,264,9,2561002179013916,2561002180953029,2561002181069370,2561002189215750,2561002189234367,2561002195287751,2561002196767444,2561002199143621,8.14638,6.072001,2.627694,1.251139,2.193168,9.927871,0.0,0.0,2.627694
minji-sync-capacity-cdea3b1e9b444df8aee18ecff146f24b:qwen4b-shaped-capacity-test@1@0@5bc9d61549846560@bfloat16,265,9,2561002179477387,2561002179687968,2561002179712551,2561002186066022,2561002186078752,2561002195287751,2561002196767444,2561002199168574,6.353471,9.221729,5.777422,1.251139,2.193168,13.102552,0.0,0.0,5.777422
minji-sync-capacity-cdea3b1e9b444df8aee18ecff146f24b:qwen4b-shaped-capacity-test@1@0@-249177ffd3a6691@bfloat16,266,9,2561002179774523,2561002180098384,2561002180136782,2561002186684419,2561002186701957,2561002195287751,2561002196767444,2561002199193105,6.547637,8.603332,5.159025,1.251139,2.193168,12.508686,0.0,0.0,5.159025
minji-sync-capacity-cdea3b1e9b444df8aee18ecff146f24b:qwen4b-shaped-capacity-test@1@0@-384a93c9f833eecf@bfloat16,267,9,2561002181030808,2561002184510329,2561002184870763,2561002191843444,2561002191858685,2561002195287751,2561002196767444,2561002199218563,6.972681,3.444307,0.0,1.251139,2.193168,7.375119,0.0,0.0,0.0
minji-sync-capacity-cdea3b1e9b444df8aee18ecff146f24b:qwen4b-shaped-capacity-test@1@0@-7fc947336d0c160b@bfloat16,268,9,2561002181120143,2561002181388400,2561002181414865,2561002187660274,2561002187674892,2561002195287751,2561002196767444,2561002199240255,6.245409,7.627477,4.18317,1.251139,2.193168,11.579981,0.0,0.0,4.18317
minji-sync-capacity-cdea3b1e9b444df8aee18ecff146f24b:qwen4b-shaped-capacity-test@1@0@-219ec7478560c46a@bfloat16,269,9,2561002182248416,2561002182635763,2561002183367949,2561002189317554,2561002189336113,2561002195287751,2561002196767444,2561002199263306,5.949605,5.970197,2.52589,1.251139,2.193168,9.945752,0.0,0.0,2.52589
minji-sync-capacity-cdea3b1e9b444df8aee18ecff146f24b:qwen4b-shaped-capacity-test@1@0@1245845e7cadc494@bfloat16,270,10,2561002182309172,2561002182742826,2561002183283242,2561002189545421,2561002189559585,2561002218056992,2561002221269046,2561002221466303,6.262179,28.511571,24.816488,1.966334,1.728749,31.920882,7.075618,2.001627,15.739243
minji-sync-capacity-cdea3b1e9b444df8aee18ecff146f24b:qwen4b-shaped-capacity-test@1@0@5eae02ceac7a359d@bfloat16,271,10,2561002182410531,2561002183081580,2561002183647601,2561002192400235,2561002192416977,2561002218056992,2561002221269046,2561002221499061,8.752634,25.656757,21.961674,1.966334,1.728749,29.098826,4.220804,2.001627,15.739243
minji-sync-capacity-cdea3b1e9b444df8aee18ecff146f24b:qwen4b-shaped-capacity-test@1@0@-7081f83dc44555bd@bfloat16,272,10,2561002182806582,2561002183388327,2561002183722373,2561002190132142,2561002190145108,2561002218056992,2561002221269046,2561002221529864,6.409769,27.92485,24.229767,1.966334,1.728749,31.397722,6.488897,2.001627,15.739243
minji-sync-capacity-cdea3b1e9b444df8aee18ecff146f24b:qwen4b-shaped-capacity-test@1@0@453d7abc7fc7946b@bfloat16,273,10,2561002182911701,2561002186297913,2561002187145912,2561002193112115,2561002193127051,2561002218056992,2561002221269046,2561002221562084,5.966203,24.944877,21.249794,1.966334,1.728749,28.449969,3.508924,2.001627,15.739243
minji-sync-capacity-cdea3b1e9b444df8aee18ecff146f24b:qwen4b-shaped-capacity-test@1@0@17dd2217ee34c3b4@bfloat16,274,10,2561002184166030,2561002186021143,2561002186242161,2561002192906705,2561002192922942,2561002218056992,2561002221269046,2561002221592753,6.664544,25.150287,21.455204,1.966334,1.728749,28.686048,3.714334,2.001627,15.739243
minji-sync-capacity-cdea3b1e9b444df8aee18ecff146f24b:qwen4b-shaped-capacity-test@1@0@-1360c1e88eb4aba1@bfloat16,275,10,2561002184479250,2561002185125007,2561002185370556,2561002191394231,2561002191405996,2561002218056992,2561002221269046,2561002221620724,6.023675,26.662761,22.967678,1.966334,1.728749,30.226493,5.226808,2.001627,15.739243
minji-sync-capacity-cdea3b1e9b444df8aee18ecff146f24b:qwen4b-shaped-capacity-test@1@0@-5e78748d4377ab41@bfloat16,276,10,2561002184562129,2561002184952075,2561002185356004,2561002194731036,2561002194745399,2561002218056992,2561002221269046,2561002221646782,9.375032,23.325956,19.630873,1.966334,1.728749,26.915746,1.890003,2.001627,15.739243
minji-sync-capacity-cdea3b1e9b444df8aee18ecff146f24b:qwen4b-shaped-capacity-test@1@0@7aa5255d6fa0eb03@bfloat16,277,10,2561002185947555,2561002186420487,2561002187390284,2561002197759631,2561002197772927,2561002218056992,2561002221269046,2561002221673233,10.369347,20.297361,16.602278,1.966334,1.728749,23.913602,0.0,0.863035,15.739243
minji-sync-capacity-cdea3b1e9b444df8aee18ecff146f24b:qwen4b-shaped-capacity-test@1@0@-35afba3ad847c397@bfloat16,278,10,2561002186092626,2561002186599163,2561002187782919,2561002196473192,2561002196486263,2561002218056992,2561002221269046,2561002221702632,8.690273,21.5838,17.888717,1.966334,1.728749,25.22944,0.147847,2.001627,15.739243
minji-sync-capacity-cdea3b1e9b444df8aee18ecff146f24b:qwen4b-shaped-capacity-test@1@0@-363125951036c8a5@bfloat16,279,10,2561002186720629,2561002187079040,2561002188085991,2561002194179473,2561002194195473,2561002218056992,2561002221269046,2561002221727990,6.093482,23.877519,20.182436,1.966334,1.728749,27.548517,2.441566,2.001627,15.739243
minji-sync-capacity-cdea3b1e9b444df8aee18ecff146f24b:qwen4b-shaped-capacity-test@1@0@c0b96493924859f@bfloat16,280,10,2561002186783265,2561002189465543,2561002190583757,2561002198405075,2561002198421532,2561002218056992,2561002221269046,2561002221758675,7.821318,19.651917,15.956834,1.966334,1.728749,23.3536,0.0,0.217591,15.739243
minji-sync-capacity-cdea3b1e9b444df8aee18ecff146f24b:qwen4b-shaped-capacity-test@1@0@47aa1c65104f41c6@bfloat16,281,10,2561002187248135,2561002187529228,2561002188062298,2561002200628160,2561002200641413,2561002218056992,2561002221269046,2561002221783696,12.565862,17.428832,13.733749,1.966334,1.728749,21.155536,0.0,0.0,13.733749
minji-sync-capacity-cdea3b1e9b444df8aee18ecff146f24b:qwen4b-shaped-capacity-test@1@0@37699a5b23be09bd@bfloat16,282,10,2561002187692701,2561002187937039,2561002188185983,2561002195517463,2561002195537428,2561002218056992,2561002221269046,2561002221813823,7.33148,22.539529,18.844446,1.966334,1.728749,26.29636,1.103576,2.001627,15.739243
minji-sync-capacity-cdea3b1e9b444df8aee18ecff146f24b:qwen4b-shaped-capacity-test@1@0@-1897b375c288c375@bfloat16,283,10,2561002189257480,2561002189897447,2561002190428031,2561002197222844,2561002197233326,2561002218056992,2561002221269046,2561002221841375,6.794813,20.834148,17.139065,1.966334,1.728749,24.618531,0.0,1.399822,15.739243
minji-sync-capacity-cdea3b1e9b444df8aee18ecff146f24b:qwen4b-shaped-capacity-test@1@0@-1aa249b7aa440138@bfloat16,284,10,2561002189352077,2561002191716865,2561002192291283,2561002206040761,2561002206053813,2561002218056992,2561002221269046,2561002221866987,13.749478,12.016231,8.321148,1.966334,1.728749,15.826226,0.0,0.0,8.321148
minji-sync-capacity-cdea3b1e9b444df8aee18ecff146f24b:qwen4b-shaped-capacity-test@1@0@362234f51774865b@bfloat16,285,10,2561002189577099,2561002190031529,2561002190274940,2561002196593189,2561002196605334,2561002218056992,2561002221269046,2561002221891245,6.318249,21.463803,17.76872,1.966334,1.728749,25.298056,0.02785,2.001627,15.739243
minji-sync-capacity-cdea3b1e9b444df8aee18ecff146f24b:qwen4b-shaped-capacity-test@1@0@185939d0c3812712@bfloat16,286,10,2561002190161304,2561002190457738,2561002190784910,2561002200686957,2561002200699878,2561002218056992,2561002221269046,2561002222007644,9.902047,17.370035,13.674952,1.966334,1.728749,21.320687,0.0,0.0,13.674952
minji-sync-capacity-cdea3b1e9b444df8aee18ecff146f24b:qwen4b-shaped-capacity-test@1@0@21c2567b6acdaaa7@bfloat16,287,10,2561002191420023,2561002191815181,2561002192515962,2561002203868407,2561002203881891,2561002218056992,2561002221269046,2561002222046558,11.352445,14.188585,10.493502,1.966334,1.728749,18.178151,0.0,0.0,10.493502
minji-sync-capacity-cdea3b1e9b444df8aee18ecff146f24b:qwen4b-shaped-capacity-test@1@0@6337a8b2fd32e992@bfloat16,288,10,2561002191882575,2561002192235700,2561002192618438,2561002206145594,2561002206164990,2561002218056992,2561002221269046,2561002222146951,13.527156,11.911398,8.216315,1.966334,1.728749,16.001357,0.0,0.0,8.216315
minji-sync-capacity-cdea3b1e9b444df8aee18ecff146f24b:qwen4b-shaped-capacity-test@1@0@-5a6c8be2537d6ce1@bfloat16,289,10,2561002192448488,2561002193563323,2561002194442927,2561002201052882,2561002201075174,2561002218056992,2561002221269046,2561002222195083,6.609955,17.00411,13.309027,1.966334,1.728749,21.142201,0.0,0.0,13.309027
minji-sync-capacity-cdea3b1e9b444df8aee18ecff146f24b:qwen4b-shaped-capacity-test@1@0@-4fe9d4c3ce85075d@bfloat16,290,10,2561002192940425,2561002194701124,2561002194865555,2561002208639377,2561002208655203,2561002218056992,2561002221269046,2561002222752982,13.773822,9.417615,5.722532,1.966334,1.728749,14.113605,0.0,0.0,5.722532
minji-sync-capacity-cdea3b1e9b444df8aee18ecff146f24b:qwen4b-shaped-capacity-test@1@0@-2d41dda3b7c5112a@bfloat16,291,10,2561002193148216,2561002194074088,2561002194112576,2561002200783633,2561002200799520,2561002218056992,2561002221269046,2561002222786606,6.671057,17.273359,13.578276,1.966334,1.728749,22.002973,0.0,0.0,13.578276
minji-sync-capacity-cdea3b1e9b444df8aee18ecff146f24b:qwen4b-shaped-capacity-test@1@0@-29b2ce42f42162c5@bfloat16,292,10,2561002194213423,2561002194485417,2561002194915492,2561002214361909,2561002214379981,2561002218056992,2561002221269046,2561002222814618,19.446417,3.695083,0.0,1.966334,1.728749,8.452709,0.0,0.0,0.0
minji-sync-capacity-cdea3b1e9b444df8aee18ecff146f24b:qwen4b-shaped-capacity-test@1@0@22ef8b6fd48865a9@bfloat16,293,10,2561002194765630,2561002195150127,2561002195425359,2561002202038337,2561002202054755,2561002218056992,2561002221269046,2561002222839944,6.612978,16.018655,12.323572,1.966334,1.728749,20.801607,0.0,0.0,12.323572
minji-sync-capacity-cdea3b1e9b444df8aee18ecff146f24b:qwen4b-shaped-capacity-test@1@0@35f963414e48adc7@bfloat16,294,10,2561002195561160,2561002195927120,2561002196038994,2561002204020473,2561002204038406,2561002218056992,2561002221269046,2561002222864993,7.981479,14.036519,10.341436,1.966334,1.728749,18.84452,0.0,0.0,10.341436
minji-sync-capacity-cdea3b1e9b444df8aee18ecff146f24b:qwen4b-shaped-capacity-test@1@0@319eec844b29bb67@bfloat16,295,10,2561002196503990,2561002198316009,2561002198622666,2561002211537150,2561002211554111,2561002218056992,2561002221269046,2561002222896324,12.914484,6.519842,2.824759,1.966334,1.728749,11.359174,0.0,0.0,2.824759
minji-sync-capacity-cdea3b1e9b444df8aee18ecff146f24b:qwen4b-shaped-capacity-test@1@0@65b8e67735d4039@bfloat16,296,10,2561002196621039,2561002197142735,2561002197179566,2561002203949125,2561002203961322,2561002218056992,2561002221269046,2561002222923605,6.769559,14.107867,10.412784,1.966334,1.728749,18.97448,0.0,0.0,10.412784
minji-sync-capacity-cdea3b1e9b444df8aee18ecff146f24b:qwen4b-shaped-capacity-test@1@0@-5c4d031684fd31cd@bfloat16,297,11,2561002197248002,2561002197499396,2561002198559004,2561002204780760,2561002204793557,2561002240362566,2561002243993512,2561002244292014,6.221756,35.581806,33.889582,0.492162,1.200062,39.511254,10.515613,2.640795,20.733174
minji-sync-capacity-cdea3b1e9b444df8aee18ecff146f24b:qwen4b-shaped-capacity-test@1@0@4debb5d4dae7ebc0@bfloat16,298,11,2561002197797752,2561002200758645,2561002202106000,2561002214494180,2561002214507099,2561002240362566,2561002243993512,2561002244336138,12.38818,25.868386,24.176162,0.492162,1.200062,29.841958,0.802193,2.640795,20.733174
minji-sync-capacity-cdea3b1e9b444df8aee18ecff146f24b:qwen4b-shaped-capacity-test@1@0@-6275416bdb469701@bfloat16,299,11,2561002198445571,2561002201141776,2561002201961407,2561002207582709,2561002207595985,2561002240362566,2561002243993512,2561002244415299,5.621302,32.779857,31.087633,0.492162,1.200062,36.83259,7.713664,2.640795,20.733174
minji-sync-capacity-cdea3b1e9b444df8aee18ecff146f24b:qwen4b-shaped-capacity-test@1@0@-570073f7cfda1aea@bfloat16,300,11,2561002200661518,2561002202335787,2561002203044263,2561002217086924,2561002217100900,2561002240362566,2561002243993512,2561002244485705,14.042661,23.275642,21.583418,0.492162,1.200062,27.398781,0.0,0.850244,20.733174
minji-sync-capacity-cdea3b1e9b444df8aee18ecff146f24b:qwen4b-shaped-capacity-test@1@0@-1d66538743c8e44c@bfloat16,301,11,2561002200715205,2561002201401603,2561002202293326,2561002207899595,2561002207911215,2561002240362566,2561002243993512,2561002244704878,5.606269,32.462971,30.770747,0.492162,1.200062,36.805283,7.396778,2.640795,20.733174
minji-sync-capacity-cdea3b1e9b444df8aee18ecff146f24b:qwen4b-shaped-capacity-test@1@0@-98ccef71e62acba@bfloat16,302,11,2561002200819484,2561002201665886,2561002202128991,2561002220329824,2561002220345593,2561002240362566,2561002243993512,2561002244743569,18.200833,20.032742,18.340518,0.492162,1.200062,24.413745,0.0,0.0,18.340518
minji-sync-capacity-cdea3b1e9b444df8aee18ecff146f24b:qwen4b-shaped-capacity-test@1@0@2f827b231e30d5cd@bfloat16,303,11,2561002201100657,2561002202152003,2561002202514498,2561002210821201,2561002210834552,2561002240362566,2561002243993512,2561002244823636,8.306703,29.541365,27.849141,0.492162,1.200062,34.002435,4.475172,2.640795,20.733174
minji-sync-capacity-cdea3b1e9b444df8aee18ecff146f24b:qwen4b-shaped-capacity-test@1@0@2fd6460008a8198b@bfloat16,304,11,2561002202074677,2561002203065453,2561002204005109,2561002217231531,2561002217244970,2561002240362566,2561002243993512,2561002244930334,13.226422,23.131035,21.438811,0.492162,1.200062,27.698803,0.0,0.705637,20.733174
minji-sync-capacity-cdea3b1e9b444df8aee18ecff146f24b:qwen4b-shaped-capacity-test@1@0@1d18d04c1fd69e22@bfloat16,305,11,2561002203898727,2561002204198948,2561002204256146,2561002220029885,2561002220045323,2561002240362566,2561002243993512,2561002245007905,15.773739,20.332681,18.640457,0.492162,1.200062,24.97802,0.0,0.0,18.640457
minji-sync-capacity-cdea3b1e9b444df8aee18ecff146f24b:qwen4b-shaped-capacity-test@1@0@5e70607c714290f@bfloat16,306,11,2561002203975852,2561002204370383,2561002204547246,2561002212310784,2561002212324143,2561002240362566,2561002243993512,2561002245074771,7.763538,28.051782,26.359558,0.492162,1.200062,32.763987,2.985589,2.640795,20.733174
minji-sync-capacity-cdea3b1e9b444df8aee18ecff146f24b:qwen4b-shaped-capacity-test@1@0@689fd5502cc556a5@bfloat16,307,11,2561002204061123,2561002204573187,2561002204602541,2561002210636479,2561002210650855,2561002240362566,2561002243993512,2561002245250853,6.033938,29.726087,28.033863,0.492162,1.200062,34.614374,4.659894,2.640795,20.733174
minji-sync-capacity-cdea3b1e9b444df8aee18ecff146f24b:qwen4b-shaped-capacity-test@1@0@71764d9e549d43e@bfloat16,308,11,2561002204814039,2561002205085007,2561002205119183,2561002211252792,2561002211266086,2561002240362566,2561002243993512,2561002245321002,6.133609,29.109774,27.41755,0.492162,1.200062,34.06821,4.043581,2.640795,20.733174
minji-sync-capacity-cdea3b1e9b444df8aee18ecff146f24b:qwen4b-shaped-capacity-test@1@0@-4e060de7fad0c197@bfloat16,309,11,2561002206072076,2561002206349859,2561002206391021,2561002212938947,2561002212948649,2561002240362566,2561002243993512,2561002245346780,6.547926,27.423619,25.731395,0.492162,1.200062,32.407833,2.357426,2.640795,20.733174
minji-sync-capacity-cdea3b1e9b444df8aee18ecff146f24b:qwen4b-shaped-capacity-test@1@0@-4128ea33090b2306@bfloat16,310,11,2561002206190989,2561002208137930,2561002208417907,2561002214876157,2561002214891516,2561002240362566,2561002243993512,2561002245377597,6.45825,25.486409,23.794185,0.492162,1.200062,30.50144,0.420216,2.640795,20.733174
minji-sync-capacity-cdea3b1e9b444df8aee18ecff146f24b:qwen4b-shaped-capacity-test@1@0@-51d94abfb8607074@bfloat16,311,11,2561002207611944,2561002207856979,2561002208455228,2561002223341611,2561002223359117,2561002240362566,2561002243993512,2561002245408562,14.886383,17.020955,15.328731,0.492162,1.200062,22.066951,0.0,0.0,15.328731
minji-sync-capacity-cdea3b1e9b444df8aee18ecff146f24b:qwen4b-shaped-capacity-test@1@0@79475abedfecce19@bfloat16,312,11,2561002207925769,2561002208331288,2561002208441637,2561002215476755,2561002215488329,2561002240362566,2561002243993512,2561002245433428,7.035118,24.885811,23.193587,0.492162,1.200062,29.956673,0.0,2.460413,20.733174
minji-sync-capacity-cdea3b1e9b444df8aee18ecff146f24b:qwen4b-shaped-capacity-test@1@0@-7f76366870ed55f6@bfloat16,313,11,2561002208674203,2561002208914523,2561002208948199,2561002215266345,2561002215280007,2561002240362566,2561002243993512,2561002245457315,6.318146,25.096221,23.403997,0.492162,1.200062,30.19097,0.030028,2.640795,20.733174
minji-sync-capacity-cdea3b1e9b444df8aee18ecff146f24b:qwen4b-shaped-capacity-test@1@0@520e467577b1c6c4@bfloat16,314,11,2561002210668202,2561002211140058,2561002211366499,2561002217511704,2561002217526357,2561002240362566,2561002243993512,2561002245481440,6.145205,22.850862,21.158638,0.492162,1.200062,27.969736,0.0,0.425464,20.733174
minji-sync-capacity-cdea3b1e9b444df8aee18ecff146f24b:qwen4b-shaped-capacity-test@1@0@-16cb8d26a534560f@bfloat16,315,11,2561002210851288,2561002211335939,2561002211406229,2561002218480022,2561002218494863,2561002240362566,2561002243993512,2561002245503699,7.073793,21.882544,20.19032,0.492162,1.200062,27.023677,0.0,0.0,20.19032
minji-sync-capacity-cdea3b1e9b444df8aee18ecff146f24b:qwen4b-shaped-capacity-test@1@0@-4c599531f4ec2dff@bfloat16,316,11,2561002211283325,2561002211611560,2561002211641148,2561002217661905,2561002217675304,2561002240362566,2561002243993512,2561002245526657,6.020757,22.700661,21.008437,0.492162,1.200062,27.864752,0.0,0.275263,20.733174
minji-sync-capacity-cdea3b1e9b444df8aee18ecff146f24b:qwen4b-shaped-capacity-test@1@0@3cae85d89a5e5b10@bfloat16,317,11,2561002211578068,2561002214464799,2561002216044077,2561002225463715,2561002225480159,2561002240362566,2561002243993512,2561002245550531,9.419638,14.898851,13.206627,0.492162,1.200062,20.086816,0.0,0.0,13.206627
minji-sync-capacity-cdea3b1e9b444df8aee18ecff146f24b:qwen4b-shaped-capacity-test@1@0@693a5b5c33765911@bfloat16,318,11,2561002212339800,2561002212582055,2561002212612106,2561002218811136,2561002218825916,2561002240362566,2561002243993512,2561002245575121,6.19903,21.55143,19.859206,0.492162,1.200062,26.763985,0.0,0.0,19.859206
minji-sync-capacity-cdea3b1e9b444df8aee18ecff146f24b:qwen4b-shaped-capacity-test@1@0@59ed65f2cfc1be91@bfloat16,319,11,2561002212962003,2561002214760183,2561002216013976,2561002221924836,2561002221939210,2561002240362566,2561002243993512,2561002245599771,5.91086,18.43773,16.745506,0.492162,1.200062,23.674935,0.0,0.0,16.745506
minji-sync-capacity-cdea3b1e9b444df8aee18ecff146f24b:qwen4b-shaped-capacity-test@1@0@-613ff0e00debae9b@bfloat16,320,11,2561002214400788,2561002215819895,2561002216160094,2561002226505602,2561002226522137,2561002240362566,2561002243993512,2561002245622970,10.345508,13.856964,12.16474,0.492162,1.200062,19.117368,0.0,0.0,12.16474
minji-sync-capacity-cdea3b1e9b444df8aee18ecff146f24b:qwen4b-shaped-capacity-test@1@0@-5785e0e57fcc2929@bfloat16,321,11,2561002214527659,2561002215246012,2561002216083634,2561002222415215,2561002222428909,2561002240362566,2561002243993512,2561002245647793,6.331581,17.947351,16.255127,0.492162,1.200062,23.232578,0.0,0.0,16.255127
minji-sync-capacity-cdea3b1e9b444df8aee18ecff146f24b:qwen4b-shaped-capacity-test@1@0@-355ec2591aac52b3@bfloat16,322,11,2561002214908885,2561002217020138,2561002217068856,2561002226790289,2561002226805210,2561002240362566,2561002243993512,2561002245671199,9.721433,13.572277,11.880053,0.492162,1.200062,18.88091,0.0,0.0,11.880053
minji-sync-capacity-cdea3b1e9b444df8aee18ecff146f24b:qwen4b-shaped-capacity-test@1@0@7204b1c019f07ff5@bfloat16,323,11,2561002215296373,2561002217610443,2561002217937168,2561002238670342,2561002238684494,2561002240362566,2561002243993512,2561002245694330,20.733174,1.692224,0.0,0.492162,1.200062,7.023988,0.0,0.0,0.0
minji-sync-capacity-cdea3b1e9b444df8aee18ecff146f24b:qwen4b-shaped-capacity-test@1@0@709cdf1e2a439012@bfloat16,324,12,2561002215501661,2561002215976424,2561002216220632,2561002222082790,2561002222097561,2561002250588033,2561002254429885,2561002254581025,5.862158,28.505243,25.121475,0.942259,2.441509,32.498235,9.974793,0.319712,14.82697
minji-sync-capacity-cdea3b1e9b444df8aee18ecff146f24b:qwen4b-shaped-capacity-test@1@0@41da4f2f613ce348@bfloat16,325,12,2561002217120028,2561002217958502,2561002218202216,2561002224606934,2561002224618535,2561002250588033,2561002254429885,2561002254612291,6.404718,25.981099,22.597331,0.942259,2.441509,30.005357,7.450649,0.319712,14.82697
minji-sync-capacity-cdea3b1e9b444df8aee18ecff146f24b:qwen4b-shaped-capacity-test@1@0@e1570f6aee15b12@bfloat16,326,12,2561002217260626,2561002218329568,2561002218969098,2561002225571519,2561002225585969,2561002250588033,2561002254429885,2561002254668424,6.602421,25.016514,21.632746,0.942259,2.441509,29.096905,6.486064,0.319712,14.82697
minji-sync-capacity-cdea3b1e9b444df8aee18ecff146f24b:qwen4b-shaped-capacity-test@1@0@51a1aaccd9fbc66b@bfloat16,327,12,2561002217546325,2561002218696251,2561002219535693,2561002226663026,2561002226691731,2561002250588033,2561002254429885,2561002254825101,7.127333,23.925007,20.541239,0.942259,2.441509,28.162075,5.394557,0.319712,14.82697
minji-sync-capacity-cdea3b1e9b444df8aee18ecff146f24b:qwen4b-shaped-capacity-test@1@0@-219688ca7c76e3ec@bfloat16,328,12,2561002217691468,2561002219098332,2561002219455088,2561002228408586,2561002228423664,2561002250588033,2561002254429885,2561002254851113,8.953498,22.179447,18.795679,0.942259,2.441509,26.442527,3.648997,0.319712,14.82697
minji-sync-capacity-cdea3b1e9b444df8aee18ecff146f24b:qwen4b-shaped-capacity-test@1@0@-7d52c1324baae89f@bfloat16,329,12,2561002218512350,2561002219824486,2561002219875440,2561002231458072,2561002231473922,2561002250588033,2561002254429885,2561002254876677,11.582632,19.129961,15.746193,0.942259,2.441509,23.418605,0.599511,0.319712,14.82697
minji-sync-capacity-cdea3b1e9b444df8aee18ecff146f24b:qwen4b-shaped-capacity-test@1@0@-33dbb60c84f4ce3d@bfloat16,330,12,2561002218841635,2561002219295832,2561002219476430,2561002228811768,2561002228823495,2561002250588033,2561002254429885,2561002254903385,9.335338,21.776265,18.392497,0.942259,2.441509,26.091617,3.245815,0.319712,14.82697
minji-sync-capacity-cdea3b1e9b444df8aee18ecff146f24b:qwen4b-shaped-capacity-test@1@0@-394d492a2ec1d07@bfloat16,331,12,2561002220062603,2561002220415140,2561002220948172,2561002235138238,2561002235155983,2561002250588033,2561002254429885,2561002254928433,14.190066,15.449795,12.066027,0.942259,2.441509,19.790195,0.0,0.0,12.066027
minji-sync-capacity-cdea3b1e9b444df8aee18ecff146f24b:qwen4b-shaped-capacity-test@1@0@-1476ec44cb63627d@bfloat16,332,12,2561002220367904,2561002220821713,2561002220928711,2561002227381061,2561002227395137,2561002250588033,2561002254429885,2561002254951375,6.45235,23.206972,19.823204,0.942259,2.441509,27.570314,4.676522,0.319712,14.82697
minji-sync-capacity-cdea3b1e9b444df8aee18ecff146f24b:qwen4b-shaped-capacity-test@1@0@-45ff0c90f72ecd8e@bfloat16,333,12,2561002221956934,2561002222590445,2561002222736145,2561002229395078,2561002229407414,2561002250588033,2561002254429885,2561002254975524,6.658933,21.192955,17.809187,0.942259,2.441509,25.580446,2.662505,0.319712,14.82697
minji-sync-capacity-cdea3b1e9b444df8aee18ecff146f24b:qwen4b-shaped-capacity-test@1@0@38b1d2f198f13980@bfloat16,334,12,2561002222117135,2561002222478023,2561002222635205,2561002229270899,2561002229285652,2561002250588033,2561002254429885,2561002255006472,6.635694,21.317134,17.933366,0.942259,2.441509,25.735573,2.786684,0.319712,14.82697
minji-sync-capacity-cdea3b1e9b444df8aee18ecff146f24b:qwen4b-shaped-capacity-test@1@0@2f66514fb3da7cc1@bfloat16,335,12,2561002222445660,2561002223305153,2561002223426264,2561002238252626,2561002238268719,2561002250588033,2561002254429885,2561002255033702,14.826362,12.335407,8.951639,0.942259,2.441509,16.781076,0.0,0.0,8.951639
minji-sync-capacity-cdea3b1e9b444df8aee18ecff146f24b:qwen4b-shaped-capacity-test@1@0@-32a27b5ea89ff72a@bfloat16,336,12,2561002223381388,2561002223682754,2561002223723890,2561002230854456,2561002230866703,2561002250588033,2561002254429885,2561002255059083,7.130566,19.733577,16.349809,0.942259,2.441509,24.204627,1.203127,0.319712,14.82697
minji-sync-capacity-cdea3b1e9b444df8aee18ecff146f24b:qwen4b-shaped-capacity-test@1@0@-255e4bd156e234ef@bfloat16,337,12,2561002224641413,2561002224893207,2561002224956654,2561002232030920,2561002232042812,2561002250588033,2561002254429885,2561002255082489,7.074266,18.557113,15.173345,0.942259,2.441509,23.051569,0.026663,0.319712,14.82697
minji-sync-capacity-cdea3b1e9b444df8aee18ecff146f24b:qwen4b-shaped-capacity-test@1@0@7c889678216f241@bfloat16,338,12,2561002225500763,2561002228383141,2561002228497619,2561002234500772,2561002234516422,2561002250588033,2561002254429885,2561002255106644,6.003153,16.087261,12.703493,0.942259,2.441509,20.605872,0.0,0.0,12.703493
minji-sync-capacity-cdea3b1e9b444df8aee18ecff146f24b:qwen4b-shaped-capacity-test@1@0@-6f2dfc9cb36e93b7@bfloat16,339,12,2561002225612634,2561002228712171,2561002229458009,2561002236170541,2561002236184121,2561002250588033,2561002254429885,2561002255131935,6.712532,14.417492,11.033724,0.942259,2.441509,18.961394,0.0,0.0,11.033724
minji-sync-capacity-cdea3b1e9b444df8aee18ecff146f24b:qwen4b-shaped-capacity-test@1@0@7efb42433330e345@bfloat16,340,12,2561002226547663,2561002227094718,2561002227337147,2561002233306804,2561002233321495,2561002250588033,2561002254429885,2561002255156160,5.969657,17.281229,13.897461,0.942259,2.441509,21.849356,0.0,0.0,13.897461
minji-sync-capacity-cdea3b1e9b444df8aee18ecff146f24b:qwen4b-shaped-capacity-test@1@0@-31119a27ba70f43c@bfloat16,341,12,2561002226712811,2561002229123575,2561002229777359,2561002239738396,2561002239751231,2561002250588033,2561002254429885,2561002255179328,9.961037,10.849637,7.465869,0.942259,2.441509,15.440932,0.0,0.0,7.465869
minji-sync-capacity-cdea3b1e9b444df8aee18ecff146f24b:qwen4b-shaped-capacity-test@1@0@3fab49cf97c33f9b@bfloat16,342,12,2561002226831684,2561002227268363,2561002227312300,2561002235288671,2561002235302225,2561002250588033,2561002254429885,2561002255202517,7.976371,15.299362,11.915594,0.942259,2.441509,19.913846,0.0,0.0,11.915594
minji-sync-capacity-cdea3b1e9b444df8aee18ecff146f24b:qwen4b-shaped-capacity-test@1@0@-5a503bb1aa1e29@bfloat16,343,12,2561002227413054,2561002227645123,2561002227680337,2561002233230913,2561002233246336,2561002250588033,2561002254429885,2561002255227361,5.550576,17.35712,13.973352,0.942259,2.441509,21.996448,0.0,0.0,13.973352
minji-sync-capacity-cdea3b1e9b444df8aee18ecff146f24b:qwen4b-shaped-capacity-test@1@0@3f147cfc5087ad57@bfloat16,344,12,2561002228443943,2561002228886420,2561002229480443,2561002237006592,2561002237020152,2561002250588033,2561002254429885,2561002255251176,7.526149,13.581441,10.197673,0.942259,2.441509,18.244584,0.0,0.0,10.197673
minji-sync-capacity-cdea3b1e9b444df8aee18ecff146f24b:qwen4b-shaped-capacity-test@1@0@-235d9ab0f1514a79@bfloat16,345,12,2561002228840389,2561002229498798,2561002229797573,2561002236401515,2561002236412468,2561002250588033,2561002254429885,2561002255274863,6.603942,14.186518,10.80275,0.942259,2.441509,18.873348,0.0,0.0,10.80275
minji-sync-capacity-cdea3b1e9b444df8aee18ecff146f24b:qwen4b-shaped-capacity-test@1@0@-1a032ffc2f5fd240@bfloat16,346,12,2561002229302904,2561002229676109,2561002229812266,2561002239223803,2561002239241219,2561002250588033,2561002254429885,2561002255296609,9.411537,11.36423,7.980462,0.942259,2.441509,16.072806,0.0,0.0,7.980462
minji-sync-capacity-cdea3b1e9b444df8aee18ecff146f24b:qwen4b-shaped-capacity-test@1@0@-46510d635d53ae04@bfloat16,347,12,2561002229423084,2561002231636912,2561002232080735,2561002244223798,2561002244237681,2561002250588033,2561002254429885,2561002255318913,12.143063,6.364235,2.980467,0.942259,2.441509,11.095115,0.0,0.0,2.980467
minji-sync-capacity-cdea3b1e9b444df8aee18ecff146f24b:qwen4b-shaped-capacity-test@1@0@5b6ccc54e1ecd70d@bfloat16,348,12,2561002230881854,2561002231089445,2561002231112448,2561002242458747,2561002242471673,2561002250588033,2561002254429885,2561002255341395,11.346299,8.129286,4.745518,0.942259,2.441509,12.882648,0.0,0.0,4.745518
minji-sync-capacity-cdea3b1e9b444df8aee18ecff146f24b:qwen4b-shaped-capacity-test@1@0@33b21358a0c419dd@bfloat16,349,12,2561002231495441,2561002231877209,2561002231929344,2561002241701757,2561002241716804,2561002250588033,2561002254429885,2561002255363195,9.772413,8.886276,5.502508,0.942259,2.441509,13.661438,0.0,0.0,5.502508
minji-sync-capacity-cdea3b1e9b444df8aee18ecff146f24b:qwen4b-shaped-capacity-test@1@0@-3065b8fa3952fbd9@bfloat16,350,12,2561002232057583,2561002232329431,2561002232377295,2561002247204265,2561002247218106,2561002250588033,2561002254429885,2561002255384784,14.82697,3.383768,0.0,0.942259,2.441509,8.180519,0.0,0.0,0.0
minji-sync-capacity-cdea3b1e9b444df8aee18ecff146f24b:qwen4b-shaped-capacity-test@1@0@-5428e95b5195997e@bfloat16,351,13,2561002233262855,2561002235974863,2561002236009194,2561002244840565,2561002244853249,2561002266576212,2561002269366526,2561002269554257,8.831371,21.735647,20.523516,0.889647,0.322484,24.713692,6.017329,2.446312,12.059875
minji-sync-capacity-cdea3b1e9b444df8aee18ecff146f24b:qwen4b-shaped-capacity-test@1@0@64134714620645d0@bfloat16,352,13,2561002233338611,2561002233582369,2561002233609348,2561002242334777,2561002242354241,2561002266576212,2561002269366526,2561002269587012,8.725429,24.241435,23.029304,0.889647,0.322484,27.252235,8.523117,2.446312,12.059875
minji-sync-capacity-cdea3b1e9b444df8aee18ecff146f24b:qwen4b-shaped-capacity-test@1@0@-598218edbcffdc42@bfloat16,353,13,2561002234533954,2561002234799526,2561002234835251,2561002241028908,2561002241042195,2561002266576212,2561002269366526,2561002269615814,6.193657,25.547304,24.335173,0.889647,0.322484,28.586906,9.828986,2.446312,12.059875
minji-sync-capacity-cdea3b1e9b444df8aee18ecff146f24b:qwen4b-shaped-capacity-test@1@0@-52af02b0957e1b22@bfloat16,354,13,2561002235177066,2561002235515714,2561002235729030,2561002243690877,2561002243704833,2561002266576212,2561002269366526,2561002269642249,7.961847,22.885335,21.673204,0.889647,0.322484,25.951372,7.167017,2.446312,12.059875
minji-sync-capacity-cdea3b1e9b444df8aee18ecff146f24b:qwen4b-shaped-capacity-test@1@0@4a6a2070faab8a0d@bfloat16,355,13,2561002235318613,2561002235684900,2561002235769125,2561002241855299,2561002241868830,2561002266576212,2561002269366526,2561002269672247,6.086174,24.720913,23.508782,0.889647,0.322484,27.816948,9.002595,2.446312,12.059875
minji-sync-capacity-cdea3b1e9b444df8aee18ecff146f24b:qwen4b-shaped-capacity-test@1@0@7860f9a1628d4f6c@bfloat16,356,13,2561002236199891,2561002236449607,2561002236476033,2561002247732353,2561002247743672,2561002266576212,2561002269366526,2561002269701780,11.25632,18.843859,17.631728,0.889647,0.322484,21.969427,3.125541,2.446312,12.059875
minji-sync-capacity-cdea3b1e9b444df8aee18ecff146f24b:qwen4b-shaped-capacity-test@1@0@7296281578471ee9@bfloat16,357,13,2561002236426587,2561002236718011,2561002236746484,2561002252196207,2561002252211206,2561002266576212,2561002269366526,2561002269726282,15.449723,14.380005,13.167874,0.889647,0.322484,17.530075,0.0,1.107999,12.059875
minji-sync-capacity-cdea3b1e9b444df8aee18ecff146f24b:qwen4b-shaped-capacity-test@1@0@11ff0a249758591f@bfloat16,358,13,2561002237033564,2561002237299975,2561002237388338,2561002251509400,2561002251527339,2561002266576212,2561002269366526,2561002269750144,14.121062,15.066812,13.854681,0.889647,0.322484,18.240744,0.0,1.794806,12.059875
minji-sync-capacity-cdea3b1e9b444df8aee18ecff146f24b:qwen4b-shaped-capacity-test@1@0@-602f8e829db9f939@bfloat16,359,13,2561002238291239,2561002238568501,2561002238602617,2561002248295502,2561002248311008,2561002266576212,2561002269366526,2561002269773825,9.692885,18.28071,17.068579,0.889647,0.322484,21.478323,2.562392,2.446312,12.059875
minji-sync-capacity-cdea3b1e9b444df8aee18ecff146f24b:qwen4b-shaped-capacity-test@1@0@6aaea239eda1ba24@bfloat16,360,13,2561002238704634,2561002241005921,2561002241107364,2561002246716334,2561002246732255,2561002266576212,2561002269366526,2561002269799809,5.60897,19.859878,18.647747,0.889647,0.322484,23.083475,4.14156,2.446312,12.059875
minji-sync-capacity-cdea3b1e9b444df8aee18ecff146f24b:qwen4b-shaped-capacity-test@1@0@-7f5bfd5ebef23905@bfloat16,361,13,2561002239258226,2561002241766178,2561002241834474,2561002253982541,2561002253992676,2561002266576212,2561002269366526,2561002269826578,12.148067,12.593671,11.38154,0.889647,0.322484,15.844037,0.0,0.0,11.38154
minji-sync-capacity-cdea3b1e9b444df8aee18ecff146f24b:qwen4b-shaped-capacity-test@1@0@-1fbd4aa3b29630e@bfloat16,362,13,2561002239771350,2561002240033932,2561002240056153,2561002251128141,2561002251144600,2561002266576212,2561002269366526,2561002269853271,11.071988,15.448071,14.23594,0.889647,0.322484,18.72513,0.0,2.176065,12.059875
minji-sync-capacity-cdea3b1e9b444df8aee18ecff146f24b:qwen4b-shaped-capacity-test@1@0@c390813d409640a@bfloat16,363,13,2561002241057231,2561002241533415,2561002242104809,2561002256264293,2561002256278369,2561002266576212,2561002269366526,2561002269881858,14.159484,10.311919,9.099788,0.889647,0.322484,13.617565,0.0,0.0,9.099788
minji-sync-capacity-cdea3b1e9b444df8aee18ecff146f24b:qwen4b-shaped-capacity-test@1@0@2272ac1434e50c74@bfloat16,364,13,2561002241733031,2561002242175915,2561002243184688,2561002249675944,2561002249694126,2561002266576212,2561002269366526,2561002269910056,6.491256,16.900268,15.688137,0.889647,0.322484,20.234112,1.18195,2.446312,12.059875
minji-sync-capacity-cdea3b1e9b444df8aee18ecff146f24b:qwen4b-shaped-capacity-test@1@0@-44c35c9944d17c1d@bfloat16,365,13,2561002241885382,2561002242313490,2561002243201671,2561002257863087,2561002257877629,2561002266576212,2561002269366526,2561002269934454,14.661416,8.713125,7.500994,0.889647,0.322484,12.071367,0.0,0.0,7.500994
minji-sync-capacity-cdea3b1e9b444df8aee18ecff146f24b:qwen4b-shaped-capacity-test@1@0@-13e2cd6c48baa945@bfloat16,366,13,2561002242373912,2561002243328805,2561002243761024,2561002251906306,2561002251919904,2561002266576212,2561002269366526,2561002269959129,8.145282,14.669906,13.457775,0.889647,0.322484,18.052823,0.0,1.3979,12.059875
minji-sync-capacity-cdea3b1e9b444df8aee18ecff146f24b:qwen4b-shaped-capacity-test@1@0@44d42d13ec2d0e6d@bfloat16,367,13,2561002242488589,2561002242853723,2561002243357461,2561002249977116,2561002249992858,2561002266576212,2561002269366526,2561002269984486,6.619655,16.599096,15.386965,0.889647,0.322484,20.00737,0.880778,2.446312,12.059875
minji-sync-capacity-cdea3b1e9b444df8aee18ecff146f24b:qwen4b-shaped-capacity-test@1@0@4604bff329139cc7@bfloat16,368,13,2561002243720277,2561002243961378,2561002244023252,2561002250825681,2561002250840295,2561002266576212,2561002269366526,2561002270017492,6.802429,15.750531,14.5384,0.889647,0.322484,19.191811,0.032213,2.446312,12.059875
minji-sync-capacity-cdea3b1e9b444df8aee18ecff146f24b:qwen4b-shaped-capacity-test@1@0@5839fea3f5202bdd@bfloat16,369,13,2561002244256720,2561002244601950,2561002244807102,2561002251678056,2561002251691839,2561002266576212,2561002269366526,2561002270044668,6.870954,14.898156,13.686025,0.889647,0.322484,18.366612,0.0,1.62615,12.059875
minji-sync-capacity-cdea3b1e9b444df8aee18ecff146f24b:qwen4b-shaped-capacity-test@1@0@80ff7c729e0616d@bfloat16,370,13,2561002244872347,2561002245191231,2561002245280036,2561002257669043,2561002257685691,2561002266576212,2561002269366526,2561002270071873,12.389007,8.907169,7.695038,0.889647,0.322484,12.40283,0.0,0.0,7.695038
minji-sync-capacity-cdea3b1e9b444df8aee18ecff146f24b:qwen4b-shaped-capacity-test@1@0@58079fc0be3159b6@bfloat16,371,13,2561002246749052,2561002247071136,2561002247095783,2561002253442018,2561002253455612,2561002266576212,2561002269366526,2561002270097058,6.346235,13.134194,11.922063,0.889647,0.322484,16.65504,0.0,0.0,11.922063
minji-sync-capacity-cdea3b1e9b444df8aee18ecff146f24b:qwen4b-shaped-capacity-test@1@0@5307ae6b5b89e439@bfloat16,372,13,2561002247239990,2561002247622885,2561002247688007,2561002253831499,2561002253845193,2561002266576212,2561002269366526,2561002270121557,6.143492,12.744713,11.532582,0.889647,0.322484,16.290058,0.0,0.0,11.532582
minji-sync-capacity-cdea3b1e9b444df8aee18ecff146f24b:qwen4b-shaped-capacity-test@1@0@-7192c8cdaaec5a52@bfloat16,373,13,2561002247760831,2561002248018296,2561002248062416,2561002255984595,2561002255996508,2561002266576212,2561002269366526,2561002270145195,7.922179,10.591617,9.379486,0.889647,0.322484,14.1606,0.0,0.0,9.379486
minji-sync-capacity-cdea3b1e9b444df8aee18ecff146f24b:qwen4b-shaped-capacity-test@1@0@4bd52f92851a4253@bfloat16,374,13,2561002248329814,2561002251971031,2561002253136063,2561002260671297,2561002260689261,2561002266576212,2561002269366526,2561002270169854,7.535234,5.904915,4.692784,0.889647,0.322484,9.498557,0.0,0.0,4.692784
minji-sync-capacity-cdea3b1e9b444df8aee18ecff146f24b:qwen4b-shaped-capacity-test@1@0@-75a0787de8368d20@bfloat16,375,13,2561002249713517,2561002250276312,2561002250502633,2561002259549937,2561002259568928,2561002266576212,2561002269366526,2561002270194362,9.047304,7.026275,5.814144,0.889647,0.322484,10.644425,0.0,0.0,5.814144
minji-sync-capacity-cdea3b1e9b444df8aee18ecff146f24b:qwen4b-shaped-capacity-test@1@0@769bc6f9649f2d5c@bfloat16,376,13,2561002250015657,2561002250789831,2561002250962040,2561002256847700,2561002256863491,2561002266576212,2561002269366526,2561002270217581,5.88566,9.728512,8.516381,0.889647,0.322484,13.369881,0.0,0.0,8.516381
minji-sync-capacity-cdea3b1e9b444df8aee18ecff146f24b:qwen4b-shaped-capacity-test@1@0@-7809acf54e64e716@bfloat16,377,13,2561002250857894,2561002251109992,2561002253304206,2561002265364081,2561002265378262,2561002266576212,2561002269366526,2561002270239796,12.059875,1.212131,0.0,0.889647,0.322484,4.875715,0.0,0.0,0.0
minji-sync-capacity-cdea3b1e9b444df8aee18ecff146f24b:qwen4b-shaped-capacity-test@1@0@2e7ed972fd132ca0@bfloat16,378,14,2561002251163694,2561002251638039,2561002253178026,2561002260221839,2561002260237541,2561002279653712,2561002280388165,2561002280643085,7.043813,19.431873,17.783847,1.395082,0.252944,20.421246,6.838522,1.454148,9.491177
minji-sync-capacity-cdea3b1e9b444df8aee18ecff146f24b:qwen4b-shaped-capacity-test@1@0@-74edaefa33b22ac4@bfloat16,379,14,2561002251550256,2561002252176001,2561002253198580,2561002260301496,2561002260314649,2561002279653712,2561002280388165,2561002280714873,7.102916,19.352216,17.70419,1.395082,0.252944,20.413377,6.758865,1.454148,9.491177
minji-sync-capacity-cdea3b1e9b444df8aee18ecff146f24b:qwen4b-shaped-capacity-test@1@0@-7143775ac7d07cd5@bfloat16,380,14,2561002251707598,2561002252378270,2561002252800636,2561002259201014,2561002259213716,2561002279653712,2561002280388165,2561002280808693,6.400378,20.452698,18.804672,1.395082,0.252944,21.607679,7.859347,1.454148,9.491177
minji-sync-capacity-cdea3b1e9b444df8aee18ecff146f24b:qwen4b-shaped-capacity-test@1@0@637f588ac560edd@bfloat16,381,14,2561002251936629,2561002253604643,2561002253951423,2561002259739481,2561002259755237,2561002279653712,2561002280388165,2561002280869337,5.788058,19.914231,18.266205,1.395082,0.252944,21.129856,7.32088,1.454148,9.491177
minji-sync-capacity-cdea3b1e9b444df8aee18ecff146f24b:qwen4b-shaped-capacity-test@1@0@-485f412243750757@bfloat16,382,14,2561002252233005,2561002252619067,2561002253020918,2561002263015683,2561002263038749,2561002279653712,2561002280388165,2561002281471117,9.994765,16.638029,14.990003,1.395082,0.252944,18.455434,4.044678,1.454148,9.491177
minji-sync-capacity-cdea3b1e9b444df8aee18ecff146f24b:qwen4b-shaped-capacity-test@1@0@-5b72598fd6f36ec@bfloat16,383,14,2561002253471091,2561002253741275,2561002253969350,2561002263330508,2561002263345589,2561002279653712,2561002280388165,2561002281793804,9.361158,16.323204,14.675178,1.395082,0.252944,18.463296,3.729853,1.454148,9.491177
minji-sync-capacity-cdea3b1e9b444df8aee18ecff146f24b:qwen4b-shaped-capacity-test@1@0@ecbc1d47599aed7@bfloat16,384,14,2561002253862789,2561002255712894,2561002255752953,2561002263677003,2561002263688438,2561002279653712,2561002280388165,2561002281870771,7.92405,15.976709,14.328683,1.395082,0.252944,18.193768,3.383358,1.454148,9.491177
minji-sync-capacity-cdea3b1e9b444df8aee18ecff146f24b:qwen4b-shaped-capacity-test@1@0@-572c54de95420994@bfloat16,385,14,2561002254015261,2561002255953291,2561002256049304,2561002267022531,2561002267035572,2561002279653712,2561002280388165,2561002281899209,10.973227,12.631181,10.983155,1.395082,0.252944,14.876678,0.03783,1.454148,9.491177
minji-sync-capacity-cdea3b1e9b444df8aee18ecff146f24b:qwen4b-shaped-capacity-test@1@0@70d7f29d53aebac1@bfloat16,386,14,2561002256016380,2561002256345328,2561002256405320,2561002263125356,2561002263143235,2561002279653712,2561002280388165,2561002281924035,6.720036,16.528356,14.88033,1.395082,0.252944,18.798679,3.935005,1.454148,9.491177
minji-sync-capacity-cdea3b1e9b444df8aee18ecff146f24b:qwen4b-shaped-capacity-test@1@0@-4b5797a1820a9886@bfloat16,387,14,2561002256297797,2561002256552329,2561002256607248,2561002263237789,2561002263252115,2561002279653712,2561002280388165,2561002281946756,6.630541,16.415923,14.767897,1.395082,0.252944,18.708967,3.822572,1.454148,9.491177
minji-sync-capacity-cdea3b1e9b444df8aee18ecff146f24b:qwen4b-shaped-capacity-test@1@0@-d589fb46cdcaf32@bfloat16,388,14,2561002256881128,2561002259525867,2561002260968830,2561002267967507,2561002267982561,2561002279653712,2561002280388165,2561002281973354,6.998677,11.686205,10.038179,1.395082,0.252944,14.005847,0.0,0.547002,9.491177
minji-sync-capacity-cdea3b1e9b444df8aee18ecff146f24b:qwen4b-shaped-capacity-test@1@0@7abd79773589c2da@bfloat16,389,14,2561002257706399,2561002260462247,2561002261286879,2561002267716536,2561002267732681,2561002279653712,2561002280388165,2561002281999522,6.429657,11.937176,10.28915,1.395082,0.252944,14.282986,0.0,0.797973,9.491177
minji-sync-capacity-cdea3b1e9b444df8aee18ecff146f24b:qwen4b-shaped-capacity-test@1@0@2fb628a2fe1686f3@bfloat16,390,14,2561002257900893,2561002258195772,2561002258230114,2561002265504611,2561002265522177,2561002279653712,2561002280388165,2561002282030244,7.274497,14.149101,12.501075,1.395082,0.252944,16.525633,1.55575,1.454148,9.491177
minji-sync-capacity-cdea3b1e9b444df8aee18ecff146f24b:qwen4b-shaped-capacity-test@1@0@696a50148d9c3c89@bfloat16,391,14,2561002259229600,2561002259712704,2561002260036576,2561002268447874,2561002268461078,2561002279653712,2561002280388165,2561002282054880,8.411298,11.205838,9.557812,1.395082,0.252944,13.607006,0.0,0.066635,9.491177
minji-sync-capacity-cdea3b1e9b444df8aee18ecff146f24b:qwen4b-shaped-capacity-test@1@0@-4edcccc7e964cc4d@bfloat16,392,14,2561002259591926,2561002260060953,2561002261206791,2561002271070477,2561002271085330,2561002279653712,2561002280388165,2561002282079260,9.863686,8.583235,6.935209,1.395082,0.252944,11.008783,0.0,0.0,6.935209
minji-sync-capacity-cdea3b1e9b444df8aee18ecff146f24b:qwen4b-shaped-capacity-test@1@0@-10c4c02dd8425ee7@bfloat16,393,14,2561002259773726,2561002260936269,2561002261158673,2561002270897724,2561002270911140,2561002279653712,2561002280388165,2561002282102584,9.739051,8.755988,7.107962,1.395082,0.252944,11.20486,0.0,0.0,7.107962
minji-sync-capacity-cdea3b1e9b444df8aee18ecff146f24b:qwen4b-shaped-capacity-test@1@0@32b9297da829fed5@bfloat16,394,14,2561002260264486,2561002262987108,2561002263218825,2561002271324489,2561002271338306,2561002279653712,2561002280388165,2561002282127286,8.105664,8.329223,6.681197,1.395082,0.252944,10.802797,0.0,0.0,6.681197
minji-sync-capacity-cdea3b1e9b444df8aee18ecff146f24b:qwen4b-shaped-capacity-test@1@0@-4e347a7ebe94423e@bfloat16,395,14,2561002260337279,2561002261098510,2561002261252355,2561002267566571,2561002267578415,2561002279653712,2561002280388165,2561002282150319,6.314216,12.087141,10.439115,1.395082,0.252944,14.583748,0.0,0.947938,9.491177
minji-sync-capacity-cdea3b1e9b444df8aee18ecff146f24b:qwen4b-shaped-capacity-test@1@0@-2884558b9c309bd8@bfloat16,396,14,2561002260717423,2561002262454436,2561002262489235,2561002271639965,2561002271655528,2561002279653712,2561002280388165,2561002282175161,9.15073,8.013747,6.365721,1.395082,0.252944,10.535196,0.0,0.0,6.365721
minji-sync-capacity-cdea3b1e9b444df8aee18ecff146f24b:qwen4b-shaped-capacity-test@1@0@-4f888c4a709a12f0@bfloat16,397,14,2561002263070045,2561002264260470,2561002264528342,2561002278005686,2561002278023715,2561002279653712,2561002280388165,2561002282199453,13.477344,1.648026,0.0,1.395082,0.252944,4.193767,0.0,0.0,0.0
minji-sync-capacity-cdea3b1e9b444df8aee18ecff146f24b:qwen4b-shaped-capacity-test@1@0@-33fe2d4eb609b499@bfloat16,398,14,2561002263161209,2561002263656738,2561002264289587,2561002270700589,2561002270726943,2561002279653712,2561002280388165,2561002282221532,6.411002,8.953123,7.305097,1.395082,0.252944,11.520943,0.0,0.0,7.305097
minji-sync-capacity-cdea3b1e9b444df8aee18ecff146f24b:qwen4b-shaped-capacity-test@1@0@7eb251b0969a106e@bfloat16,399,14,2561002263270279,2561002264065976,2561002264397451,2561002275105962,2561002275124167,2561002279653712,2561002280388165,2561002282244935,10.708511,4.54775,2.899724,1.395082,0.252944,7.138973,0.0,0.0,2.899724
minji-sync-capacity-cdea3b1e9b444df8aee18ecff146f24b:qwen4b-shaped-capacity-test@1@0@579acb6c581069c2@bfloat16,400,14,2561002263372181,2561002263844160,2561002264580183,2561002274203155,2561002274225021,2561002279653712,2561002280388165,2561002282267170,9.622972,5.450557,3.802531,1.395082,0.252944,8.064015,0.0,0.0,3.802531
minji-sync-capacity-cdea3b1e9b444df8aee18ecff146f24b:qwen4b-shaped-capacity-test@1@0@48e414f959f37e0a@bfloat16,401,14,2561002263717165,2561002264555901,2561002264601967,2561002276619277,2561002276636207,2561002279653712,2561002280388165,2561002282289279,12.01731,3.034435,1.386409,1.395082,0.252944,5.670002,0.0,0.0,1.386409
minji-sync-capacity-cdea3b1e9b444df8aee18ecff146f24b:qwen4b-shaped-capacity-test@1@0@48463e8d5a3c7f76@bfloat16,402,14,2561002265399340,2561002265703904,2561002265775758,2561002277916357,2561002277927398,2561002279653712,2561002280388165,2561002282312164,12.140599,1.737355,0.089329,1.395082,0.252944,4.395807,0.0,0.0,0.089329
minji-sync-capacity-cdea3b1e9b444df8aee18ecff146f24b:qwen4b-shaped-capacity-test@1@0@2994b8468630355c@bfloat16,403,14,2561002265544741,2561002265939513,2561002266040182,2561002272932450,2561002272944324,2561002279653712,2561002280388165,2561002282334784,6.892268,6.721262,5.073236,1.395082,0.252944,9.402334,0.0,0.0,5.073236
minji-sync-capacity-cdea3b1e9b444df8aee18ecff146f24b:qwen4b-shaped-capacity-test@1@0@774476aac7bc0a1a@bfloat16,404,14,2561002267060361,2561002267801525,2561002268514509,2561002276899175,2561002276911974,2561002279653712,2561002280388165,2561002282356652,8.384666,2.754537,1.106511,1.395082,0.252944,5.457477,0.0,0.0,1.106511
minji-sync-capacity-cdea3b1e9b444df8aee18ecff146f24b:qwen4b-shaped-capacity-test@1@0@-66d86ff2fa204843@bfloat16,405,15,2561002267593289,2561002267923109,2561002268906936,2561002276697707,2561002276709523,2561002303148557,2561002305262766,2561002305438272,7.790771,26.45085,24.601223,1.112268,0.737359,28.740565,7.244673,3.977004,13.379546
minji-sync-capacity-cdea3b1e9b444df8aee18ecff146f24b:qwen4b-shaped-capacity-test@1@0@-5b3f46abd0130980@bfloat16,406,15,2561002267752251,2561002268245930,2561002269161762,2561002280579956,2561002280592779,2561002303148557,2561002305262766,2561002305472765,11.418194,22.568601,20.718974,1.112268,0.737359,24.892809,3.362424,3.977004,13.379546
minji-sync-capacity-cdea3b1e9b444df8aee18ecff146f24b:qwen4b-shaped-capacity-test@1@0@66dad7c9e78de6a7@bfloat16,407,15,2561002268011785,2561002268535736,2561002268888745,2561002275295152,2561002275309670,2561002303148557,2561002305262766,2561002305500470,6.406407,27.853405,26.003778,1.112268,0.737359,30.205318,8.647228,3.977004,13.379546
minji-sync-capacity-cdea3b1e9b444df8aee18ecff146f24b:qwen4b-shaped-capacity-test@1@0@66f2e58a6d9670ed@bfloat16,408,15,2561002268477157,2561002268975528,2561002269116639,2561002278767984,2561002278778715,2561002303148557,2561002305262766,2561002305527818,9.651345,24.380573,22.530946,1.112268,0.737359,26.759834,5.174396,3.977004,13.379546
minji-sync-capacity-cdea3b1e9b444df8aee18ecff146f24b:qwen4b-shaped-capacity-test@1@0@30b3642234de0f0d@bfloat16,409,15,2561002270743759,2561002271267029,2561002271589454,2561002278079991,2561002278090354,2561002303148557,2561002305262766,2561002305555040,6.490537,25.068566,23.218939,1.112268,0.737359,27.475049,5.862389,3.977004,13.379546
minji-sync-capacity-cdea3b1e9b444df8aee18ecff146f24b:qwen4b-shaped-capacity-test@1@0@8b2a25881f60c05@bfloat16,410,15,2561002270928056,2561002272177865,2561002272510046,2561002286162025,2561002286183942,2561002303148557,2561002305262766,2561002305581455,13.651979,16.986532,15.136905,1.112268,0.737359,19.41943,0.0,1.757359,13.379546
minji-sync-capacity-cdea3b1e9b444df8aee18ecff146f24b:qwen4b-shaped-capacity-test@1@0@6834dce74684a045@bfloat16,411,15,2561002271125891,2561002272031095,2561002272404448,2561002279029725,2561002279046247,2561002303148557,2561002305262766,2561002305610714,6.625277,24.118832,22.269205,1.112268,0.737359,26.580989,4.912655,3.977004,13.379546
minji-sync-capacity-cdea3b1e9b444df8aee18ecff146f24b:qwen4b-shaped-capacity-test@1@0@3e9cefc0f8630cfa@bfloat16,412,15,2561002271368988,2561002272837011,2561002272869929,2561002280730591,2561002280741590,2561002303148557,2561002305262766,2561002305636748,7.860662,22.417966,20.568339,1.112268,0.737359,24.906157,3.211789,3.977004,13.379546
minji-sync-capacity-cdea3b1e9b444df8aee18ecff146f24b:qwen4b-shaped-capacity-test@1@0@-370b7caddadf288b@bfloat16,413,15,2561002271683446,2561002272421805,2561002272491622,2561002281075686,2561002281091210,2561002303148557,2561002305262766,2561002305663481,8.584064,22.072871,20.223244,1.112268,0.737359,24.587795,2.866694,3.977004,13.379546
minji-sync-capacity-cdea3b1e9b444df8aee18ecff146f24b:qwen4b-shaped-capacity-test@1@0@-129bb3fdd3a3bf37@bfloat16,414,15,2561002272960334,2561002274152512,2561002274187593,2561002280479613,2561002280489604,2561002303148557,2561002305262766,2561002305687659,6.29202,22.668944,20.819317,1.112268,0.737359,25.208046,3.462767,3.977004,13.379546
minji-sync-capacity-cdea3b1e9b444df8aee18ecff146f24b:qwen4b-shaped-capacity-test@1@0@3aa1df3677ce9d17@bfloat16,415,15,2561002274248745,2561002275059145,2561002275187762,2561002283691754,2561002283707520,2561002303148557,2561002305262766,2561002305711990,8.503992,19.456803,17.607176,1.112268,0.737359,22.020236,0.250626,3.977004,13.379546
minji-sync-capacity-cdea3b1e9b444df8aee18ecff146f24b:qwen4b-shaped-capacity-test@1@0@11d87fad0d1b8570@bfloat16,416,15,2561002275144920,2561002275490390,2561002275526390,2561002284510992,2561002284528089,2561002303148557,2561002305262766,2561002305736029,8.984602,18.637565,16.787938,1.112268,0.737359,21.225037,0.0,3.408392,13.379546
minji-sync-capacity-cdea3b1e9b444df8aee18ecff146f24b:qwen4b-shaped-capacity-test@1@0@-1d0bfe89450071a0@bfloat16,417,15,2561002275328635,2561002276591387,2561002276763021,2561002283900762,2561002283918629,2561002303148557,2561002305262766,2561002305762153,7.137741,19.247795,17.398168,1.112268,0.737359,21.861391,0.041618,3.977004,13.379546
minji-sync-capacity-cdea3b1e9b444df8aee18ecff146f24b:qwen4b-shaped-capacity-test@1@0@-470c7b5aaf29f94b@bfloat16,418,15,2561002276659564,2561002277111573,2561002277464079,2561002287514653,2561002287529862,2561002303148557,2561002305262766,2561002305859371,10.050574,15.633904,13.784277,1.112268,0.737359,18.344718,0.0,0.404731,13.379546
minji-sync-capacity-cdea3b1e9b444df8aee18ecff146f24b:qwen4b-shaped-capacity-test@1@0@3254517095c8167b@bfloat16,419,15,2561002276728266,2561002277431005,2561002277493196,2561002287741188,2561002287756098,2561002303148557,2561002305262766,2561002306346858,10.247992,15.407369,13.557742,1.112268,0.737359,18.60567,0.0,0.178196,13.379546
minji-sync-capacity-cdea3b1e9b444df8aee18ecff146f24b:qwen4b-shaped-capacity-test@1@0@1945839703c9c9f0@bfloat16,420,15,2561002276933860,2561002277268275,2561002277412655,2561002284020733,2561002284032966,2561002303148557,2561002305262766,2561002307511603,6.608078,19.127824,17.278197,1.112268,0.737359,23.49087,0.0,3.898651,13.379546
minji-sync-capacity-cdea3b1e9b444df8aee18ecff146f24b:qwen4b-shaped-capacity-test@1@0@-44d2a4bd9bc35021@bfloat16,421,15,2561002277942273,2561002278223307,2561002278629512,2561002289648211,2561002289659675,2561002303148557,2561002305262766,2561002308022797,11.018699,13.500346,11.650719,1.112268,0.737359,18.374586,0.0,0.0,11.650719
minji-sync-capacity-cdea3b1e9b444df8aee18ecff146f24b:qwen4b-shaped-capacity-test@1@0@38216d78e795e4c1@bfloat16,422,15,2561002278052394,2561002278647059,2561002279011579,2561002286535263,2561002286554530,2561002303148557,2561002305262766,2561002308056158,7.523684,16.613294,14.763667,1.112268,0.737359,21.520895,0.0,1.384121,13.379546
minji-sync-capacity-cdea3b1e9b444df8aee18ecff146f24b:qwen4b-shaped-capacity-test@1@0@356fd9a74647cb0b@bfloat16,423,15,2561002278103983,2561002278857524,2561002279089415,2561002286763469,2561002286777237,2561002303148557,2561002305262766,2561002308086531,7.674054,16.385088,14.535461,1.112268,0.737359,21.323062,0.0,1.155915,13.379546
minji-sync-capacity-cdea3b1e9b444df8aee18ecff146f24b:qwen4b-shaped-capacity-test@1@0@-69de7fb6ad9b9ee1@bfloat16,424,15,2561002278794782,2561002281343503,2561002281450422,2561002289494820,2561002289508730,2561002303148557,2561002305262766,2561002308112210,8.044398,13.653737,11.80411,1.112268,0.737359,18.61739,0.0,0.0,11.80411
minji-sync-capacity-cdea3b1e9b444df8aee18ecff146f24b:qwen4b-shaped-capacity-test@1@0@-343de570b383d758@bfloat16,425,15,2561002279063533,2561002279291024,2561002279474267,2561002290589153,2561002290604052,2561002303148557,2561002305262766,2561002308135596,11.114886,12.559404,10.709777,1.112268,0.737359,17.546443,0.0,0.0,10.709777
minji-sync-capacity-cdea3b1e9b444df8aee18ecff146f24b:qwen4b-shaped-capacity-test@1@0@34d7071cd88b63c7@bfloat16,426,15,2561002280506520,2561002281139247,2561002281178620,2561002288583971,2561002288597969,2561002303148557,2561002305262766,2561002308162230,7.405351,14.564586,12.714959,1.112268,0.737359,19.578259,0.0,0.0,12.714959
minji-sync-capacity-cdea3b1e9b444df8aee18ecff146f24b:qwen4b-shaped-capacity-test@1@0@33a9011a939f3096@bfloat16,427,15,2561002280615395,2561002283561621,2561002283589477,2561002291978110,2561002291992316,2561002303148557,2561002305262766,2561002308263889,8.388633,11.170447,9.32082,1.112268,0.737359,16.285779,0.0,0.0,9.32082
minji-sync-capacity-cdea3b1e9b444df8aee18ecff146f24b:qwen4b-shaped-capacity-test@1@0@6229c5f15c475817@bfloat16,428,15,2561002280756120,2561002281593920,2561002281741318,2561002294700854,2561002294713636,2561002303148557,2561002305262766,2561002308289193,12.959536,8.447703,6.598076,1.112268,0.737359,13.588339,0.0,0.0,6.598076
minji-sync-capacity-cdea3b1e9b444df8aee18ecff146f24b:qwen4b-shaped-capacity-test@1@0@798855e5d556f01e@bfloat16,429,15,2561002281110221,2561002281722455,2561002281827797,2561002289071988,2561002289085693,2561002303148557,2561002305262766,2561002308315615,7.244191,14.076569,12.226942,1.112268,0.737359,19.243627,0.0,0.0,12.226942
minji-sync-capacity-cdea3b1e9b444df8aee18ecff146f24b:qwen4b-shaped-capacity-test@1@0@5b7bc0a803126d63@bfloat16,430,15,2561002283727042,2561002287486506,2561002287919384,2561002301298930,2561002301313281,2561002303148557,2561002305262766,2561002308341575,13.379546,1.849627,0.0,1.112268,0.737359,7.042645,0.0,0.0,0.0
minji-sync-capacity-cdea3b1e9b444df8aee18ecff146f24b:qwen4b-shaped-capacity-test@1@0@37382785988eaa49@bfloat16,431,15,2561002283942380,2561002284204297,2561002284346673,2561002291511650,2561002291523038,2561002303148557,2561002305262766,2561002308403963,7.164977,11.636907,9.78728,1.112268,0.737359,16.892313,0.0,0.0,9.78728
minji-sync-capacity-cdea3b1e9b444df8aee18ecff146f24b:qwen4b-shaped-capacity-test@1@0@27522bbf206bafab@bfloat16,432,16,2561002284051884,2561002284363367,2561002284399635,2561002291607259,2561002291617177,2561002316438272,2561002319175927,2561002319360998,7.207624,24.831013,22.736286,1.030368,1.064359,27.753739,9.725755,0.888611,12.12192
minji-sync-capacity-cdea3b1e9b444df8aee18ecff146f24b:qwen4b-shaped-capacity-test@1@0@-12bfffa608879348@bfloat16,433,16,2561002284546501,2561002284813580,2561002284852878,2561002294894940,2561002294909702,2561002316438272,2561002319175927,2561002319399597,10.042062,21.543332,19.448605,1.030368,1.064359,24.504657,6.438074,0.888611,12.12192
minji-sync-capacity-cdea3b1e9b444df8aee18ecff146f24b:qwen4b-shaped-capacity-test@1@0@111ebc6d6a6a5f9b@bfloat16,434,16,2561002286211580,2561002286830507,2561002286872504,2561002303752702,2561002303771456,2561002316438272,2561002319175927,2561002319429115,16.880198,12.68557,10.590843,1.030368,1.064359,15.676413,0.0,0.0,10.590843
minji-sync-capacity-cdea3b1e9b444df8aee18ecff146f24b:qwen4b-shaped-capacity-test@1@0@-7bef48b00964ffc7@bfloat16,435,16,2561002286576521,2561002287709933,2561002287938484,2561002298410784,2561002298424224,2561002316438272,2561002319175927,2561002319456549,10.4723,18.027488,15.932761,1.030368,1.064359,21.045765,2.92223,0.888611,12.12192
minji-sync-capacity-cdea3b1e9b444df8aee18ecff146f24b:qwen4b-shaped-capacity-test@1@0@447dca968942bf7e@bfloat16,436,16,2561002286796226,2561002289046773,2561002289162209,2561002295551613,2561002295566346,2561002316438272,2561002319175927,2561002319483253,6.389404,20.886659,18.791932,1.030368,1.064359,23.93164,5.781401,0.888611,12.12192
minji-sync-capacity-cdea3b1e9b444df8aee18ecff146f24b:qwen4b-shaped-capacity-test@1@0@-1c0ffe36a374d6da@bfloat16,437,16,2561002287555381,2561002288203193,2561002288240313,2561002294771124,2561002294786709,2561002316438272,2561002319175927,2561002319511754,6.530811,21.667148,19.572421,1.030368,1.064359,24.74063,6.56189,0.888611,12.12192
minji-sync-capacity-cdea3b1e9b444df8aee18ecff146f24b:qwen4b-shaped-capacity-test@1@0@-6794d6c15afe7dfa@bfloat16,438,16,2561002287774051,2561002291492040,2561002291578263,2561002300570760,2561002300585533,2561002316438272,2561002319175927,2561002319537742,8.992497,15.867512,13.772785,1.030368,1.064359,18.966982,0.762254,0.888611,12.12192
minji-sync-capacity-cdea3b1e9b444df8aee18ecff146f24b:qwen4b-shaped-capacity-test@1@0@5e9581f3a78741cf@bfloat16,439,16,2561002288615901,2561002289711854,2561002289767769,2561002299458458,2561002299472470,2561002316438272,2561002319175927,2561002319561756,9.690689,16.979814,14.885087,1.030368,1.064359,20.103298,1.874556,0.888611,12.12192
minji-sync-capacity-cdea3b1e9b444df8aee18ecff146f24b:qwen4b-shaped-capacity-test@1@0@-467ca104e676038c@bfloat16,440,16,2561002289104435,2561002289382209,2561002289410633,2561002301186416,2561002301200730,2561002316438272,2561002319175927,2561002319587240,11.775783,15.251856,13.157129,1.030368,1.064359,18.400824,0.146598,0.888611,12.12192
minji-sync-capacity-cdea3b1e9b444df8aee18ecff146f24b:qwen4b-shaped-capacity-test@1@0@347d6a398d685ea9@bfloat16,441,16,2561002289524103,2561002291959290,2561002292112439,2561002301633532,2561002301645900,2561002316438272,2561002319175927,2561002319613798,9.521093,14.80474,12.710013,1.030368,1.064359,17.980266,0.0,0.588093,12.12192
minji-sync-capacity-cdea3b1e9b444df8aee18ecff146f24b:qwen4b-shaped-capacity-test@1@0@-5f4536cb8aeb9119@bfloat16,442,16,2561002289679804,2561002289963329,2561002289998130,2561002297983853,2561002297998567,2561002316438272,2561002319175927,2561002319637361,7.985723,18.454419,16.359692,1.030368,1.064359,21.653508,3.349161,0.888611,12.12192
minji-sync-capacity-cdea3b1e9b444df8aee18ecff146f24b:qwen4b-shaped-capacity-test@1@0@6e0a184e9bbf15b3@bfloat16,443,16,2561002290625520,2561002290956214,2561002290986158,2561002297157210,2561002297167689,2561002316438272,2561002319175927,2561002319680074,6.171052,19.281062,17.186335,1.030368,1.064359,22.522864,4.175804,0.888611,12.12192
minji-sync-capacity-cdea3b1e9b444df8aee18ecff146f24b:qwen4b-shaped-capacity-test@1@0@-3f557ad56d73b6b0@bfloat16,444,16,2561002291537519,2561002294679603,2561002294876715,2561002306600398,2561002306616684,2561002316438272,2561002319175927,2561002319706172,11.723683,9.837874,7.743147,1.030368,1.064359,13.105774,0.0,0.0,7.743147
minji-sync-capacity-cdea3b1e9b444df8aee18ecff146f24b:qwen4b-shaped-capacity-test@1@0@37a861ae48d5ce47@bfloat16,445,16,2561002291635904,2561002291859997,2561002292133572,2561002298122277,2561002298131231,2561002316438272,2561002319175927,2561002319770352,5.988705,18.315995,16.221268,1.030368,1.064359,21.648075,3.210737,0.888611,12.12192
minji-sync-capacity-cdea3b1e9b444df8aee18ecff146f24b:qwen4b-shaped-capacity-test@1@0@-41470c40fca6231e@bfloat16,446,16,2561002292015876,2561002292298844,2561002292325475,2561002304489252,2561002304501412,2561002316438272,2561002319175927,2561002320160764,12.163777,11.94902,9.854293,1.030368,1.064359,15.671512,0.0,0.0,9.854293
minji-sync-capacity-cdea3b1e9b444df8aee18ecff146f24b:qwen4b-shaped-capacity-test@1@0@-bd60057c7bd5a2@bfloat16,447,16,2561002294730922,2561002297111987,2561002297145488,2561002303412446,2561002303421518,2561002316438272,2561002319175927,2561002320257623,6.266958,13.025826,10.931099,1.030368,1.064359,16.845177,0.0,0.0,10.931099
minji-sync-capacity-cdea3b1e9b444df8aee18ecff146f24b:qwen4b-shaped-capacity-test@1@0@-5cd76cdf6f0ac33@bfloat16,448,16,2561002294803758,2561002295076410,2561002295354245,2561002314343545,2561002314358023,2561002316438272,2561002319175927,2561002320307839,18.9893,2.094727,0.0,1.030368,1.064359,5.964294,0.0,0.0,0.0
minji-sync-capacity-cdea3b1e9b444df8aee18ecff146f24b:qwen4b-shaped-capacity-test@1@0@6f371690acf356f4@bfloat16,449,16,2561002294929354,2561002295286787,2561002295381155,2561002306880807,2561002306895038,2561002316438272,2561002319175927,2561002320431034,11.499652,9.557465,7.462738,1.030368,1.064359,13.550227,0.0,0.0,7.462738
minji-sync-capacity-cdea3b1e9b444df8aee18ecff146f24b:qwen4b-shaped-capacity-test@1@0@-3bb30dce94b1b6ce@bfloat16,450,16,2561002295590506,2561002295861805,2561002295891612,2561002307055249,2561002307072418,2561002316438272,2561002319175927,2561002321042565,11.163637,9.383023,7.288296,1.030368,1.064359,13.987316,0.0,0.0,7.288296
minji-sync-capacity-cdea3b1e9b444df8aee18ecff146f24b:qwen4b-shaped-capacity-test@1@0@12ad75b722ce2ab5@bfloat16,451,16,2561002297182814,2561002297381563,2561002297406788,2561002304420861,2561002304433654,2561002316438272,2561002319175927,2561002321211843,7.014073,12.017411,9.922684,1.030368,1.064359,16.790982,0.0,0.0,9.922684
minji-sync-capacity-cdea3b1e9b444df8aee18ecff146f24b:qwen4b-shaped-capacity-test@1@0@d01c38f11df3f71@bfloat16,452,16,2561002298019596,2561002299378155,2561002299408800,2561002309601626,2561002309612830,2561002316438272,2561002319175927,2561002321273807,10.192826,6.836646,4.741919,1.030368,1.064359,11.672181,0.0,0.0,4.741919
minji-sync-capacity-cdea3b1e9b444df8aee18ecff146f24b:qwen4b-shaped-capacity-test@1@0@7851aa831c6009b9@bfloat16,453,16,2561002298142701,2561002298465480,2561002298489128,2561002304890228,2561002304903947,2561002316438272,2561002319175927,2561002321307847,6.4011,11.548044,9.453317,1.030368,1.064359,16.417619,0.0,0.0,9.453317
minji-sync-capacity-cdea3b1e9b444df8aee18ecff146f24b:qwen4b-shaped-capacity-test@1@0@-735084b42c20229@bfloat16,454,16,2561002298440179,2561002298693067,2561002298732630,2561002310261965,2561002310280509,2561002316438272,2561002319175927,2561002321341433,11.529335,6.176307,4.08158,1.030368,1.064359,11.079468,0.0,0.0,4.08158
minji-sync-capacity-cdea3b1e9b444df8aee18ecff146f24b:qwen4b-shaped-capacity-test@1@0@23a8d8fb5c41fed7@bfloat16,455,16,2561002299489679,2561002299758159,2561002299785389,2561002306035598,2561002306051918,2561002316438272,2561002319175927,2561002321379191,6.250209,10.402674,8.307947,1.030368,1.064359,15.343593,0.0,0.0,8.307947
minji-sync-capacity-cdea3b1e9b444df8aee18ecff146f24b:qwen4b-shaped-capacity-test@1@0@2663b3c9fe4f232e@bfloat16,456,16,2561002300601136,2561002300839474,2561002300883467,2561002308173637,2561002308187080,2561002316438272,2561002319175927,2561002321595850,7.29017,8.264635,6.169908,1.030368,1.064359,13.422213,0.0,0.0,6.169908
minji-sync-capacity-cdea3b1e9b444df8aee18ecff146f24b:qwen4b-shaped-capacity-test@1@0@509cb44448f0e3cb@bfloat16,457,16,2561002301216969,2561002301591573,2561002301784433,2561002309856416,2561002309872417,2561002316438272,2561002319175927,2561002322268074,8.071983,6.581856,4.487129,1.030368,1.064359,12.411658,0.0,0.0,4.487129
minji-sync-capacity-cdea3b1e9b444df8aee18ecff146f24b:qwen4b-shaped-capacity-test@1@0@6e073b5f502917c7@bfloat16,458,16,2561002301333014,2561002301982838,2561002302221625,2561002312091788,2561002312109521,2561002316438272,2561002319175927,2561002323053437,9.870163,4.346484,2.251757,1.030368,1.064359,10.961649,0.0,0.0,2.251757
minji-sync-capacity-cdea3b1e9b444df8aee18ecff146f24b:qwen4b-shaped-capacity-test@1@0@-72ee4d602fc2e938@bfloat16,459,17,2561002301661704,2561002302100033,2561002302206409,2561002309020881,2561002309035502,2561002335402295,2561002336655003,2561002337090288,6.814472,26.381414,24.745512,0.667617,0.968285,28.069407,8.861452,3.988644,11.895416
minji-sync-capacity-cdea3b1e9b444df8aee18ecff146f24b:qwen4b-shaped-capacity-test@1@0@-4444b9f790513bf4@bfloat16,460,17,2561002303434368,2561002303646461,2561002303676539,2561002317782063,2561002317797381,2561002335402295,2561002336655003,2561002337127726,14.105524,17.620232,15.98433,0.667617,0.968285,19.345663,0.10027,3.988644,11.895416
minji-sync-capacity-cdea3b1e9b444df8aee18ecff146f24b:qwen4b-shaped-capacity-test@1@0@6b39fa9bcc1a0bb2@bfloat16,461,17,2561002303793372,2561002306012219,2561002307257105,2561002317419935,2561002317435079,2561002335402295,2561002336655003,2561002337157625,10.16283,17.98236,16.346458,0.667617,0.968285,19.73769,0.462398,3.988644,11.895416
minji-sync-capacity-cdea3b1e9b444df8aee18ecff146f24b:qwen4b-shaped-capacity-test@1@0@-721d3af17c89a7dd@bfloat16,462,17,2561002304448814,2561002307151904,2561002307219248,2561002317849855,2561002317861700,2561002335402295,2561002336655003,2561002337184186,10.630607,17.55244,15.916538,0.667617,0.968285,19.334331,0.032478,3.988644,11.895416
minji-sync-capacity-cdea3b1e9b444df8aee18ecff146f24b:qwen4b-shaped-capacity-test@1@0@121ff396ddb2a60@bfloat16,463,17,2561002304516849,2561002304822360,2561002304999553,2561002312210399,2561002312223830,2561002335402295,2561002336655003,2561002337214419,7.210846,23.191896,21.555994,0.667617,0.968285,25.00402,5.671934,3.988644,11.895416
minji-sync-capacity-cdea3b1e9b444df8aee18ecff146f24b:qwen4b-shaped-capacity-test@1@0@66ec2334490088d9@bfloat16,464,17,2561002304919636,2561002306245005,2561002307128095,2561002317313581,2561002317327526,2561002335402295,2561002336655003,2561002337241086,10.185486,18.088714,16.452812,0.667617,0.968285,19.927505,0.568752,3.988644,11.895416
minji-sync-capacity-cdea3b1e9b444df8aee18ecff146f24b:qwen4b-shaped-capacity-test@1@0@-7dce04f99cebb065@bfloat16,465,17,2561002306072437,2561002306490677,2561002306996779,2561002314038322,2561002314048152,2561002335402295,2561002336655003,2561002337270544,7.041543,21.363973,19.728071,0.667617,0.968285,23.232222,3.844011,3.988644,11.895416
minji-sync-capacity-cdea3b1e9b444df8aee18ecff146f24b:qwen4b-shaped-capacity-test@1@0@-21852ed03e44d046@bfloat16,466,17,2561002306639060,2561002307404149,2561002307836491,2561002315094059,2561002315106942,2561002335402295,2561002336655003,2561002337297472,7.257568,20.308236,18.672334,0.667617,0.968285,22.203413,2.788274,3.988644,11.895416
minji-sync-capacity-cdea3b1e9b444df8aee18ecff146f24b:qwen4b-shaped-capacity-test@1@0@746899dfab860879@bfloat16,467,17,2561002306912186,2561002307678377,2561002307869741,2561002314927182,2561002314940681,2561002335402295,2561002336655003,2561002337322048,7.057441,20.475113,18.839211,0.667617,0.968285,22.394866,2.955151,3.988644,11.895416
minji-sync-capacity-cdea3b1e9b444df8aee18ecff146f24b:qwen4b-shaped-capacity-test@1@0@-773c5c93697defc@bfloat16,468,17,2561002307092456,2561002307894713,2561002307996094,2561002315187702,2561002315201095,2561002335402295,2561002336655003,2561002337394206,7.191608,20.214593,18.578691,0.667617,0.968285,22.206504,2.694631,3.988644,11.895416
minji-sync-capacity-cdea3b1e9b444df8aee18ecff146f24b:qwen4b-shaped-capacity-test@1@0@-690546ebf38b0ac1@bfloat16,469,17,2561002308201794,2561002308518548,2561002308563119,2561002321447463,2561002321462799,2561002335402295,2561002336655003,2561002337432091,12.884344,13.954832,12.31893,0.667617,0.968285,15.984628,0.0,0.423514,11.895416
minji-sync-capacity-cdea3b1e9b444df8aee18ecff146f24b:qwen4b-shaped-capacity-test@1@0@64226c8ea47fdb8@bfloat16,470,17,2561002309055819,2561002309272091,2561002309300643,2561002316931083,2561002316944749,2561002335402295,2561002336655003,2561002337455031,7.63044,18.471212,16.83531,0.667617,0.968285,20.523948,0.95125,3.988644,11.895416
minji-sync-capacity-cdea3b1e9b444df8aee18ecff146f24b:qwen4b-shaped-capacity-test@1@0@29ad5433cd55ba83@bfloat16,471,17,2561002309628225,2561002309923376,2561002309957095,2561002321544198,2561002321555719,2561002335402295,2561002336655003,2561002337480908,11.587103,13.858097,12.222195,0.667617,0.968285,15.93671,0.0,0.326779,11.895416
minji-sync-capacity-cdea3b1e9b444df8aee18ecff146f24b:qwen4b-shaped-capacity-test@1@0@-160597d36be5628f@bfloat16,472,17,2561002309889809,2561002310205424,2561002310235261,2561002320510754,2561002320524748,2561002335402295,2561002336655003,2561002337503921,10.275493,14.891541,13.255639,0.667617,0.968285,16.993167,0.0,1.360223,11.895416
minji-sync-capacity-cdea3b1e9b444df8aee18ecff146f24b:qwen4b-shaped-capacity-test@1@0@-53a81a4694ca269@bfloat16,473,17,2561002310299745,2561002310594289,2561002310629641,2561002320088206,2561002320104920,2561002335402295,2561002336655003,2561002337526479,9.458565,15.314089,13.678187,0.667617,0.968285,17.438273,0.0,1.782771,11.895416
minji-sync-capacity-cdea3b1e9b444df8aee18ecff146f24b:qwen4b-shaped-capacity-test@1@0@-6d4d110aa126527d@bfloat16,474,17,2561002312126796,2561002312440768,2561002312626138,2561002319913824,2561002319928732,2561002335402295,2561002336655003,2561002337549555,7.287686,15.488471,13.852569,0.667617,0.968285,17.635731,0.0,1.957153,11.895416
minji-sync-capacity-cdea3b1e9b444df8aee18ecff146f24b:qwen4b-shaped-capacity-test@1@0@-4695165c8090d6f9@bfloat16,475,17,2561002312240077,2561002312568451,2561002312660155,2561002322428416,2561002322443668,2561002335402295,2561002336655003,2561002337572961,9.768261,12.973879,11.337977,0.667617,0.968285,15.144545,0.0,0.0,11.337977
minji-sync-capacity-cdea3b1e9b444df8aee18ecff146f24b:qwen4b-shaped-capacity-test@1@0@67f0280e780fcd1c@bfloat16,476,17,2561002314062682,2561002318434639,2561002318792322,2561002327505207,2561002327517079,2561002335402295,2561002336655003,2561002337597888,8.712885,7.897088,6.261186,0.667617,0.968285,10.092681,0.0,0.0,6.261186
minji-sync-capacity-cdea3b1e9b444df8aee18ecff146f24b:qwen4b-shaped-capacity-test@1@0@354bc6dcc7714b6a@bfloat16,477,17,2561002314377707,2561002314876388,2561002314916510,2561002322503437,2561002322519577,2561002335402295,2561002336655003,2561002337621554,7.586927,12.898858,11.262956,0.667617,0.968285,15.118117,0.0,0.0,11.262956
minji-sync-capacity-cdea3b1e9b444df8aee18ecff146f24b:qwen4b-shaped-capacity-test@1@0@-4f05d2d62be67897@bfloat16,478,17,2561002314957467,2561002318098918,2561002318667704,2561002324731838,2561002324746687,2561002335402295,2561002336655003,2561002337647569,6.064134,10.670457,9.034555,0.667617,0.968285,12.915731,0.0,0.0,9.034555
minji-sync-capacity-cdea3b1e9b444df8aee18ecff146f24b:qwen4b-shaped-capacity-test@1@0@1530611cae4a621d@bfloat16,479,17,2561002315123859,2561002315529433,2561002315553518,2561002321959450,2561002321970377,2561002335402295,2561002336655003,2561002337671797,6.405932,13.442845,11.806943,0.667617,0.968285,15.712347,0.0,0.0,11.806943
minji-sync-capacity-cdea3b1e9b444df8aee18ecff146f24b:qwen4b-shaped-capacity-test@1@0@9fbe3b8147be48c@bfloat16,480,17,2561002315218371,2561002318993701,2561002319036478,2561002330553938,2561002330566457,2561002335402295,2561002336655003,2561002337697219,11.51746,4.848357,3.212455,0.667617,0.968285,7.143281,0.0,0.0,3.212455
minji-sync-capacity-cdea3b1e9b444df8aee18ecff146f24b:qwen4b-shaped-capacity-test@1@0@-111320a47f154ab6@bfloat16,481,17,2561002316961588,2561002321827445,2561002321870977,2561002329874483,2561002329889787,2561002335402295,2561002336655003,2561002337721357,8.003506,5.527812,3.89191,0.667617,0.968285,7.846874,0.0,0.0,3.89191
minji-sync-capacity-cdea3b1e9b444df8aee18ecff146f24b:qwen4b-shaped-capacity-test@1@0@512183f151142620@bfloat16,482,17,2561002317343765,2561002317589078,2561002318282600,2561002324449861,2561002324463308,2561002335402295,2561002336655003,2561002337747137,6.167261,10.952434,9.316532,0.667617,0.968285,13.297276,0.0,0.0,9.316532
minji-sync-capacity-cdea3b1e9b444df8aee18ecff146f24b:qwen4b-shaped-capacity-test@1@0@-728e141c1446d8b9@bfloat16,483,17,2561002317452125,2561002319978576,2561002320386128,2561002333766393,2561002333784994,2561002335402295,2561002336655003,2561002337770640,13.380265,1.635902,0.0,0.667617,0.968285,4.004247,0.0,0.0,0.0
minji-sync-capacity-cdea3b1e9b444df8aee18ecff146f24b:qwen4b-shaped-capacity-test@1@0@-3ebb99f8302c3502@bfloat16,484,17,2561002317818339,2561002318732535,2561002318967784,2561002325113188,2561002325125866,2561002335402295,2561002336655003,2561002337795449,6.145404,10.289107,8.653205,0.667617,0.968285,12.682261,0.0,0.0,8.653205
minji-sync-capacity-cdea3b1e9b444df8aee18ecff146f24b:qwen4b-shaped-capacity-test@1@0@586fd653076e1a5c@bfloat16,485,17,2561002317882333,2561002320679080,2561002320805973,2561002326843372,2561002326857119,2561002335402295,2561002336655003,2561002337819425,6.037399,8.558923,6.923021,0.667617,0.968285,10.976053,0.0,0.0,6.923021
minji-sync-capacity-cdea3b1e9b444df8aee18ecff146f24b:qwen4b-shaped-capacity-test@1@0@2e81c3d5dffd19fd@bfloat16,486,18,2561002319946977,2561002322819037,2561002323249497,2561002331447847,2561002331459604,2561002350706579,2561002351391637,2561002351505345,8.19835,19.258732,17.8291,0.420883,1.008749,20.057498,5.177141,1.538383,11.113576
minji-sync-capacity-cdea3b1e9b444df8aee18ecff146f24b:qwen4b-shaped-capacity-test@1@0@-76d7984d106868c6@bfloat16,487,18,2561002320122039,2561002320911071,2561002321021623,2561002329102458,2561002329116783,2561002350706579,2561002351391637,2561002351537089,8.080835,21.604121,20.174489,0.420883,1.008749,22.434631,7.52253,1.538383,11.113576
minji-sync-capacity-cdea3b1e9b444df8aee18ecff146f24b:qwen4b-shaped-capacity-test@1@0@37cd8c902dd89f09@bfloat16,488,18,2561002320540695,2561002321151458,2561002321388209,2561002327100600,2561002327109221,2561002350706579,2561002351391637,2561002351561151,5.712391,23.605979,22.176347,0.420883,1.008749,24.460551,9.524388,1.538383,11.113576
minji-sync-capacity-cdea3b1e9b444df8aee18ecff146f24b:qwen4b-shaped-capacity-test@1@0@-618f25df4bf9a58@bfloat16,489,18,2561002321482289,2561002322038763,2561002322089949,2561002344667497,2561002344680336,2561002350706579,2561002351391637,2561002351582154,22.577548,6.039082,4.60945,0.420883,1.008749,6.914657,0.0,0.0,4.60945
minji-sync-capacity-cdea3b1e9b444df8aee18ecff146f24b:qwen4b-shaped-capacity-test@1@0@2a2f4fbc5a627a94@bfloat16,490,18,2561002321569434,2561002322406894,2561002322799837,2561002328200586,2561002328215078,2561002350706579,2561002351391637,2561002351608028,5.400749,22.505993,21.076361,0.420883,1.008749,23.407442,8.424402,1.538383,11.113576
minji-sync-capacity-cdea3b1e9b444df8aee18ecff146f24b:qwen4b-shaped-capacity-test@1@0@451caf05fc95bfa@bfloat16,491,18,2561002321985208,2561002322937571,2561002323440611,2561002342902054,2561002342917966,2561002350706579,2561002351391637,2561002351632019,19.461443,7.804525,6.374893,0.420883,1.008749,8.729965,0.0,0.0,6.374893
minji-sync-capacity-cdea3b1e9b444df8aee18ecff146f24b:qwen4b-shaped-capacity-test@1@0@658356116b8655b9@bfloat16,492,18,2561002322466741,2561002323226484,2561002323553579,2561002329026728,2561002329040508,2561002350706579,2561002351391637,2561002351653783,5.473149,21.679851,20.250219,0.420883,1.008749,22.627055,7.59826,1.538383,11.113576
minji-sync-capacity-cdea3b1e9b444df8aee18ecff146f24b:qwen4b-shaped-capacity-test@1@0@51bfe336b387934f@bfloat16,493,18,2561002322537867,2561002323374689,2561002323580714,2561002338174250,2561002338186323,2561002350706579,2561002351391637,2561002351675708,14.593536,12.532329,11.102697,0.420883,1.008749,13.501458,0.0,0.0,11.102697
minji-sync-capacity-cdea3b1e9b444df8aee18ecff146f24b:qwen4b-shaped-capacity-test@1@0@40b24318d46694dd@bfloat16,494,18,2561002324478860,2561002324793432,2561002324825610,2561002333129424,2561002333144411,2561002350706579,2561002351391637,2561002351699253,8.303814,17.577155,16.147523,0.420883,1.008749,18.569829,3.495564,1.538383,11.113576
minji-sync-capacity-cdea3b1e9b444df8aee18ecff146f24b:qwen4b-shaped-capacity-test@1@0@3aeca45ee8d32e36@bfloat16,495,18,2561002324762923,2561002325042851,2561002325068866,2561002345235827,2561002345253265,2561002350706579,2561002351391637,2561002351728973,20.166961,5.470752,4.04112,0.420883,1.008749,6.493146,0.0,0.0,4.04112
minji-sync-capacity-cdea3b1e9b444df8aee18ecff146f24b:qwen4b-shaped-capacity-test@1@0@-7f15f171c61afbc2@bfloat16,496,18,2561002325140510,2561002327144389,2561002327174223,2561002336671381,2561002336683472,2561002350706579,2561002351391637,2561002351750909,9.497158,14.035198,12.605566,0.420883,1.008749,15.079528,0.0,1.49199,11.113576
minji-sync-capacity-cdea3b1e9b444df8aee18ecff146f24b:qwen4b-shaped-capacity-test@1@0@148d6781569bcbe4@bfloat16,497,18,2561002326872038,2561002327488968,2561002327599875,2561002339482859,2561002339500966,2561002350706579,2561002351391637,2561002351775038,11.882984,11.22372,9.794088,0.420883,1.008749,12.292179,0.0,0.0,9.794088
minji-sync-capacity-cdea3b1e9b444df8aee18ecff146f24b:qwen4b-shaped-capacity-test@1@0@-5b2714b9440b0cac@bfloat16,498,18,2561002327120649,2561002327383371,2561002327616693,2561002333241625,2561002333256537,2561002350706579,2561002351391637,2561002351798491,5.624932,17.464954,16.035322,0.420883,1.008749,18.556866,3.383363,1.538383,11.113576
minji-sync-capacity-cdea3b1e9b444df8aee18ecff146f24b:qwen4b-shaped-capacity-test@1@0@5fcd8d6283bd047d@bfloat16,499,18,2561002327537803,2561002327795070,2561002327825488,2561002333850261,2561002333864300,2561002350706579,2561002351391637,2561002351820935,6.024773,16.856318,15.426686,0.420883,1.008749,17.970674,2.774727,1.538383,11.113576
minji-sync-capacity-cdea3b1e9b444df8aee18ecff146f24b:qwen4b-shaped-capacity-test@1@0@5458fc2a14820634@bfloat16,500,18,2561002328231447,2561002328464782,2561002328489802,2561002337351637,2561002337365172,2561002350706579,2561002351391637,2561002351843371,8.861835,13.354942,11.92531,0.420883,1.008749,14.491734,0.0,0.811734,11.113576
minji-sync-capacity-cdea3b1e9b444df8aee18ecff146f24b:qwen4b-shaped-capacity-test@1@0@4f5d90bfc173c6d9@bfloat16,501,18,2561002329056166,2561002329324869,2561002329352687,2561002335465325,2561002335477164,2561002350706579,2561002351391637,2561002351865790,6.112638,15.241254,13.811622,0.420883,1.008749,16.400465,1.159663,1.538383,11.113576
minji-sync-capacity-cdea3b1e9b444df8aee18ecff146f24b:qwen4b-shaped-capacity-test@1@0@-5fdca48730b0533b@bfloat16,502,18,2561002329136222,2561002330475065,2561002330504130,2561002344590653,2561002344609037,2561002350706579,2561002351391637,2561002351889251,14.086523,6.115926,4.686294,0.420883,1.008749,7.298598,0.0,0.0,4.686294
minji-sync-capacity-cdea3b1e9b444df8aee18ecff146f24b:qwen4b-shaped-capacity-test@1@0@7685dd3fe4aa665d@bfloat16,503,18,2561002329907736,2561002330195239,2561002330226599,2561002336592668,2561002336606619,2561002350706579,2561002351391637,2561002351913026,6.366069,14.113911,12.684279,0.420883,1.008749,15.320358,0.03232,1.538383,11.113576
minji-sync-capacity-cdea3b1e9b444df8aee18ecff146f24b:qwen4b-shaped-capacity-test@1@0@-38c652ac4e77602f@bfloat16,504,18,2561002330584136,2561002330809694,2561002330841131,2561002337044726,2561002337062710,2561002350706579,2561002351391637,2561002351937228,6.203595,13.661853,12.232221,0.420883,1.008749,14.892502,0.0,1.118645,11.113576
minji-sync-capacity-cdea3b1e9b444df8aee18ecff146f24b:qwen4b-shaped-capacity-test@1@0@3dc7e6c77a4f8521@bfloat16,505,18,2561002331478802,2561002331723388,2561002331753293,2561002342973400,2561002342985242,2561002350706579,2561002351391637,2561002351960003,11.220107,7.733179,6.303547,0.420883,1.008749,8.986603,0.0,0.0,6.303547
minji-sync-capacity-cdea3b1e9b444df8aee18ecff146f24b:qwen4b-shaped-capacity-test@1@0@-71d199fd98da3192@bfloat16,506,18,2561002333159992,2561002333424514,2561002333593944,2561002345329129,2561002345344904,2561002350706579,2561002351391637,2561002351981705,11.735185,5.37745,3.947818,0.420883,1.008749,6.652576,0.0,0.0,3.947818
minji-sync-capacity-cdea3b1e9b444df8aee18ecff146f24b:qwen4b-shaped-capacity-test@1@0@2dc7b5cd3a90149b@bfloat16,507,18,2561002333273096,2561002333620320,2561002333655452,2561002347979953,2561002347997018,2561002350706579,2561002351391637,2561002352006810,14.324501,2.726626,1.296994,0.420883,1.008749,4.026857,0.0,0.0,1.296994
minji-sync-capacity-cdea3b1e9b444df8aee18ecff146f24b:qwen4b-shaped-capacity-test@1@0@-2bc58115ce64d216@bfloat16,508,18,2561002333805086,2561002334172435,2561002334230393,2561002345566771,2561002345578337,2561002350706579,2561002351391637,2561002352030184,11.336378,5.139808,3.710176,0.420883,1.008749,6.463413,0.0,0.0,3.710176
minji-sync-capacity-cdea3b1e9b444df8aee18ecff146f24b:qwen4b-shaped-capacity-test@1@0@4d54e1188606550d@bfloat16,509,18,2561002333880139,2561002336850162,2561002336921607,2561002343056404,2561002343070473,2561002350706579,2561002351391637,2561002352056303,6.134797,7.650175,6.220543,0.420883,1.008749,8.999899,0.0,0.0,6.220543
minji-sync-capacity-cdea3b1e9b444df8aee18ecff146f24b:qwen4b-shaped-capacity-test@1@0@490b0e6be723c483@bfloat16,510,18,2561002335494246,2561002335766324,2561002335834389,2561002343134588,2561002343145756,2561002350706579,2561002351391637,2561002352080807,7.300199,7.571991,6.142359,0.420883,1.008749,8.946219,0.0,0.0,6.142359
minji-sync-capacity-cdea3b1e9b444df8aee18ecff146f24b:qwen4b-shaped-capacity-test@1@0@3b6b39f5a198768f@bfloat16,511,18,2561002336624988,2561002338130206,2561002338163371,2561002349276947,2561002349294621,2561002350706579,2561002351391637,2561002352113691,11.113576,1.429632,0.0,0.420883,1.008749,2.836744,0.0,0.0,0.0
