ms,used_mib,ready_mib,copying_mib,post_copy_mib,workers,payload_fetches,pending_windows
0.0,0.0,0.0,0.0,0.0,0,0,0
0.261891,0.0,0.0,0.0,0.0,0,0,1
0.319659,0.0,0.0,0.0,0.0,0,0,1
0.49052,0.0,0.0,0.0,0.0,0,0,1
0.505289,0.0,0.0,0.0,0.0,0,0,2
0.838869,0.0,0.0,0.0,0.0,0,0,2
0.889755,0.0,0.0,0.0,0.0,0,0,3
1.567286,0.0,0.0,0.0,0.0,0,0,4
2.196811,0.0,0.0,0.0,0.0,1,0,4
2.276351,0.0,0.0,0.0,0.0,1,0,4
2.536856,0.0,0.0,0.0,0.0,2,0,4
2.573129,18.0,0.0,0.0,0.0,2,0,4
3.296403,18.0,0.0,0.0,0.0,2,1,4
3.350562,18.0,0.0,0.0,0.0,3,1,4
3.508962,36.0,0.0,0.0,0.0,3,1,4
3.759438,54.0,0.0,0.0,0.0,3,1,4
4.070465,54.0,0.0,0.0,0.0,3,2,4
4.118539,54.0,0.0,0.0,0.0,4,2,4
4.174405,54.0,0.0,0.0,0.0,4,3,4
4.244176,54.0,0.0,0.0,0.0,5,3,4
4.515768,54.0,0.0,0.0,0.0,6,3,4
4.624604,54.0,0.0,0.0,0.0,7,3,4
5.377116,54.0,0.0,0.0,0.0,8,3,4
5.484478,54.0,0.0,0.0,0.0,9,3,4
5.69153,72.0,0.0,0.0,0.0,9,3,4
5.768859,72.0,0.0,0.0,0.0,9,4,4
5.959206,90.0,0.0,0.0,0.0,9,4,4
6.000695,90.0,0.0,0.0,0.0,9,5,4
6.254868,108.0,0.0,0.0,0.0,9,5,4
6.294353,108.0,0.0,0.0,0.0,9,6,4
6.544629,108.0,0.0,0.0,0.0,10,6,4
6.6642,108.0,0.0,0.0,0.0,11,6,4
6.801592,108.0,0.0,0.0,0.0,12,6,4
6.906156,108.0,0.0,0.0,0.0,13,6,4
7.027902,108.0,0.0,0.0,0.0,14,6,4
7.087459,108.0,0.0,0.0,0.0,15,6,4
7.317842,108.0,0.0,0.0,0.0,16,6,4
7.541648,126.0,0.0,0.0,0.0,16,6,4
7.602024,126.0,0.0,0.0,0.0,16,7,4
7.773013,144.0,0.0,0.0,0.0,16,7,4
7.808854,144.0,0.0,0.0,0.0,16,8,4
8.007598,162.0,0.0,0.0,0.0,16,8,4
8.177525,180.0,0.0,0.0,0.0,16,8,4
8.205551,180.0,18.0,0.0,0.0,16,7,4
8.231393,180.0,18.0,0.0,0.0,15,7,4
8.259825,180.0,18.0,0.0,0.0,16,7,4
8.423017,198.0,18.0,0.0,0.0,16,7,4
8.707422,198.0,18.0,0.0,0.0,16,8,4
8.733744,216.0,18.0,0.0,0.0,16,8,4
8.883453,216.0,18.0,0.0,0.0,16,9,4
8.955104,216.0,18.0,0.0,0.0,16,10,4
8.983148,216.0,18.0,0.0,0.0,16,11,4
9.157899,216.0,36.0,0.0,0.0,16,10,4
9.177,216.0,36.0,0.0,0.0,15,10,4
9.200071,216.0,36.0,0.0,0.0,16,10,4
9.392693,234.0,36.0,0.0,0.0,16,10,4
9.464735,234.0,36.0,0.0,0.0,16,11,4
9.648422,252.0,36.0,0.0,0.0,16,11,4
9.686215,252.0,36.0,0.0,0.0,16,12,4
9.89809,270.0,36.0,0.0,0.0,16,12,4
9.934153,270.0,36.0,0.0,0.0,16,13,4
9.993562,270.0,54.0,0.0,0.0,16,12,4
10.007124,270.0,54.0,0.0,0.0,15,12,4
10.031003,270.0,54.0,0.0,0.0,16,12,4
10.340167,288.0,54.0,0.0,0.0,16,12,4
10.381839,288.0,54.0,0.0,0.0,16,13,4
10.602012,306.0,54.0,0.0,0.0,16,13,4
10.705252,324.0,54.0,0.0,0.0,16,13,4
10.829793,342.0,54.0,0.0,0.0,16,13,4
10.871689,342.0,54.0,0.0,0.0,16,14,4
10.9108,342.0,54.0,0.0,0.0,16,15,4
11.071789,342.0,72.0,0.0,0.0,16,14,4
11.093697,342.0,72.0,0.0,0.0,15,14,4
11.114215,342.0,72.0,0.0,0.0,16,14,4
11.459068,342.0,90.0,0.0,0.0,16,13,4
11.476314,342.0,90.0,0.0,0.0,15,13,4
11.499957,342.0,90.0,0.0,0.0,16,13,4
11.70812,360.0,90.0,0.0,0.0,16,13,4
11.874485,378.0,90.0,0.0,0.0,16,13,4
11.891489,378.0,108.0,0.0,0.0,16,12,4
11.906329,378.0,108.0,0.0,0.0,15,12,4
11.922935,378.0,108.0,0.0,0.0,16,12,4
12.151548,396.0,108.0,0.0,0.0,16,12,4
12.224121,396.0,108.0,0.0,0.0,16,13,4
12.291667,396.0,108.0,0.0,0.0,16,14,4
12.324742,396.0,108.0,0.0,0.0,16,15,4
12.339012,396.0,108.0,0.0,0.0,16,16,4
12.741966,396.0,126.0,0.0,0.0,16,15,4
12.757637,396.0,126.0,0.0,0.0,15,15,4
12.775916,396.0,126.0,0.0,0.0,16,15,4
12.987224,396.0,144.0,0.0,0.0,16,14,4
13.001999,396.0,144.0,0.0,0.0,15,14,4
13.023741,396.0,144.0,0.0,0.0,16,14,4
13.28825,414.0,144.0,0.0,0.0,16,14,4
13.321734,414.0,144.0,0.0,0.0,16,15,4
14.362151,432.0,144.0,0.0,0.0,16,15,4
14.396261,432.0,144.0,0.0,0.0,16,16,4
14.424867,432.0,162.0,0.0,0.0,16,15,4
14.438817,432.0,162.0,0.0,0.0,15,15,4
14.460776,432.0,162.0,0.0,0.0,16,15,4
14.663044,450.0,162.0,0.0,0.0,16,15,4
14.693608,450.0,162.0,0.0,0.0,16,16,4
14.9853,450.0,180.0,0.0,0.0,16,15,4
14.999544,450.0,180.0,0.0,0.0,15,15,4
15.016274,450.0,180.0,0.0,0.0,16,15,4
15.238569,468.0,180.0,0.0,0.0,16,15,4
15.256743,468.0,198.0,0.0,0.0,16,14,4
15.27369,468.0,198.0,0.0,0.0,15,14,4
15.290187,468.0,198.0,0.0,0.0,16,14,4
15.335332,468.0,198.0,0.0,0.0,16,15,4
15.549671,486.0,198.0,0.0,0.0,16,15,4
15.586186,486.0,198.0,0.0,0.0,16,16,4
16.252101,486.0,216.0,0.0,0.0,16,15,4
16.268034,486.0,216.0,0.0,0.0,15,15,4
16.290952,486.0,216.0,0.0,0.0,16,15,4
16.685283,504.0,216.0,0.0,0.0,16,15,4
16.713684,504.0,234.0,0.0,0.0,16,14,4
16.724884,504.0,234.0,0.0,0.0,15,14,4
16.738487,504.0,234.0,0.0,0.0,16,14,4
16.769074,504.0,234.0,0.0,0.0,16,15,4
17.069795,522.0,234.0,0.0,0.0,16,15,4
17.09658,522.0,234.0,0.0,0.0,16,16,4
20.025746,522.0,252.0,0.0,0.0,16,15,4
20.042923,522.0,252.0,0.0,0.0,15,15,4
20.063362,522.0,252.0,0.0,0.0,16,15,4
20.659133,522.0,270.0,0.0,0.0,16,14,4
20.673086,522.0,270.0,0.0,0.0,15,14,4
20.688445,522.0,270.0,0.0,0.0,16,14,4
20.905752,540.0,270.0,0.0,0.0,16,14,4
20.932985,540.0,270.0,0.0,0.0,16,15,4
20.987855,540.0,288.0,0.0,0.0,16,14,4
21.005106,540.0,288.0,0.0,0.0,15,14,4
21.030464,540.0,288.0,0.0,0.0,16,14,4
21.076756,540.0,306.0,0.0,0.0,16,13,4
21.096669,540.0,306.0,0.0,0.0,15,13,4
21.11606,540.0,306.0,0.0,0.0,16,13,4
21.196375,540.0,324.0,0.0,0.0,16,12,4
21.219773,540.0,324.0,0.0,0.0,15,12,4
21.24022,540.0,324.0,0.0,0.0,16,12,4
21.404798,558.0,324.0,0.0,0.0,16,12,4
21.424669,558.0,342.0,0.0,0.0,16,11,4
21.44117,558.0,342.0,0.0,0.0,15,11,4
21.464364,558.0,342.0,0.0,0.0,16,11,4
21.541903,558.0,342.0,0.0,0.0,16,12,4
21.765859,576.0,342.0,0.0,0.0,16,12,4
21.801058,576.0,342.0,0.0,0.0,16,13,4
22.198802,594.0,342.0,0.0,0.0,16,13,4
22.230006,594.0,342.0,0.0,0.0,16,14,4
22.572228,594.0,360.0,0.0,0.0,16,13,4
22.586377,594.0,360.0,0.0,0.0,15,13,4
22.601057,594.0,360.0,0.0,0.0,16,13,4
22.840519,612.0,360.0,0.0,0.0,16,13,4
22.872086,612.0,360.0,0.0,0.0,16,14,4
23.028631,612.0,378.0,0.0,0.0,16,13,4
23.044144,612.0,378.0,0.0,0.0,15,13,4
23.058343,612.0,378.0,0.0,0.0,16,13,4
23.145423,612.0,396.0,0.0,0.0,16,12,4
23.160737,612.0,396.0,0.0,0.0,15,12,4
23.174977,612.0,396.0,0.0,0.0,16,12,4
23.296696,630.0,396.0,0.0,0.0,16,12,4
23.322929,630.0,414.0,0.0,0.0,16,11,4
23.336108,630.0,414.0,0.0,0.0,15,11,4
23.353988,630.0,414.0,0.0,0.0,16,11,4
23.493561,648.0,414.0,0.0,0.0,16,11,4
23.739308,666.0,414.0,0.0,0.0,16,11,4
24.010202,666.0,432.0,0.0,0.0,16,10,4
24.023093,666.0,432.0,0.0,0.0,15,10,4
24.037566,666.0,432.0,0.0,0.0,16,10,4
24.079996,684.0,432.0,0.0,0.0,16,10,4
24.168129,684.0,432.0,0.0,0.0,16,11,4
24.192357,684.0,432.0,0.0,0.0,16,12,4
24.210604,684.0,432.0,0.0,0.0,16,13,4
24.258146,684.0,432.0,0.0,0.0,16,14,4
24.277954,684.0,450.0,0.0,0.0,16,13,4
24.291831,684.0,450.0,0.0,0.0,15,13,4
24.306509,684.0,450.0,0.0,0.0,16,13,4
24.502062,684.0,468.0,0.0,0.0,16,12,4
24.516592,684.0,468.0,0.0,0.0,15,12,4
24.537579,684.0,468.0,0.0,0.0,16,12,4
24.723652,702.0,468.0,0.0,0.0,16,12,4
24.820554,720.0,468.0,0.0,0.0,16,12,4
24.871586,720.0,468.0,0.0,0.0,16,13,4
24.891237,720.0,468.0,0.0,0.0,16,14,4
25.16602,738.0,468.0,0.0,0.0,16,14,4
25.192689,738.0,468.0,0.0,0.0,16,15,4
25.204487,738.0,486.0,0.0,0.0,16,14,4
25.218336,738.0,486.0,0.0,0.0,15,14,4
25.240352,738.0,486.0,0.0,0.0,16,14,4
25.359375,738.0,504.0,0.0,0.0,16,13,4
25.37345,738.0,504.0,0.0,0.0,15,13,4
25.393806,738.0,504.0,0.0,0.0,16,13,4
25.538803,756.0,504.0,0.0,0.0,16,13,4
25.678301,774.0,504.0,0.0,0.0,16,13,4
25.872274,774.0,504.0,0.0,0.0,16,14,4
26.03698,792.0,504.0,0.0,0.0,16,14,4
26.087523,792.0,522.0,0.0,0.0,16,13,4
26.100486,792.0,522.0,0.0,0.0,15,13,4
26.118215,792.0,522.0,0.0,0.0,16,13,4
26.17579,792.0,522.0,0.0,0.0,16,14,4
26.186782,792.0,522.0,0.0,0.0,16,15,4
26.349187,810.0,522.0,0.0,0.0,16,15,4
26.405228,810.0,522.0,0.0,0.0,16,16,4
26.563712,810.0,522.0,0.0,0.0,16,16,4
27.124948,810.0,540.0,0.0,0.0,16,15,4
27.13982,810.0,540.0,0.0,0.0,15,15,4
27.158539,810.0,540.0,0.0,0.0,16,15,4
27.344208,828.0,540.0,0.0,0.0,16,15,4
27.366626,828.0,540.0,0.0,0.0,16,16,4
27.659771,828.0,558.0,0.0,0.0,16,15,4
27.679793,828.0,558.0,0.0,0.0,15,15,4
27.698227,828.0,558.0,0.0,0.0,16,15,4
27.935814,846.0,558.0,0.0,0.0,16,15,4
27.966334,846.0,558.0,0.0,0.0,16,16,4
28.19157,846.0,576.0,0.0,0.0,16,15,4
28.205957,846.0,576.0,0.0,0.0,15,15,4
28.22479,846.0,576.0,0.0,0.0,16,15,4
28.474025,864.0,576.0,0.0,0.0,16,15,4
28.507619,864.0,576.0,0.0,0.0,16,16,4
28.743837,864.0,594.0,0.0,0.0,16,15,4
28.75965,864.0,594.0,0.0,0.0,15,15,4
28.774487,864.0,594.0,0.0,0.0,16,15,4
30.044258,882.0,594.0,0.0,0.0,16,15,4
30.156821,882.0,594.0,0.0,0.0,16,16,4
30.16772,882.0,612.0,0.0,0.0,16,15,4
30.179524,882.0,612.0,0.0,0.0,15,15,4
30.19608,882.0,612.0,0.0,0.0,16,15,4
30.220557,882.0,630.0,0.0,0.0,16,14,4
30.230407,882.0,630.0,0.0,0.0,15,14,4
30.24447,882.0,630.0,0.0,0.0,16,14,4
30.377275,900.0,630.0,0.0,0.0,16,14,4
30.471022,900.0,648.0,0.0,0.0,16,13,4
30.482868,900.0,648.0,0.0,0.0,15,13,4
30.498592,900.0,648.0,0.0,0.0,16,13,4
30.541898,918.0,648.0,0.0,0.0,16,13,4
30.621158,918.0,648.0,0.0,0.0,16,14,4
30.645999,918.0,648.0,0.0,0.0,16,15,4
31.292384,918.0,666.0,0.0,0.0,16,14,4
31.304054,918.0,666.0,0.0,0.0,15,14,4
31.318899,918.0,666.0,0.0,0.0,16,14,4
31.535118,936.0,666.0,0.0,0.0,16,14,4
31.560886,936.0,666.0,0.0,0.0,16,15,4
32.551876,936.0,684.0,0.0,0.0,16,14,4
32.564817,936.0,684.0,0.0,0.0,15,14,4
32.579186,936.0,684.0,0.0,0.0,16,14,4
32.641657,936.0,702.0,0.0,0.0,16,13,4
32.654264,936.0,702.0,0.0,0.0,15,13,4
32.670173,936.0,702.0,0.0,0.0,16,13,4
32.785215,954.0,702.0,0.0,0.0,16,13,4
32.811197,954.0,702.0,0.0,0.0,16,14,4
33.623959,954.0,720.0,0.0,0.0,16,13,4
33.635956,954.0,720.0,0.0,0.0,15,13,4
33.650552,954.0,720.0,0.0,0.0,16,13,4
33.673677,972.0,720.0,0.0,0.0,16,13,4
33.699259,972.0,720.0,0.0,0.0,16,14,4
33.93072,972.0,738.0,0.0,0.0,16,13,4
33.948934,972.0,738.0,0.0,0.0,15,13,4
33.972413,972.0,738.0,0.0,0.0,16,13,4
34.022462,990.0,738.0,0.0,0.0,16,13,4
34.057043,990.0,738.0,0.0,0.0,16,14,4
34.101445,990.0,756.0,0.0,0.0,16,13,4
34.114381,990.0,756.0,0.0,0.0,15,13,4
34.135964,990.0,756.0,0.0,0.0,16,13,4
34.311683,1008.0,756.0,0.0,0.0,16,13,4
34.361358,1008.0,756.0,0.0,0.0,16,14,4
34.963154,1008.0,774.0,0.0,0.0,16,13,4
34.977073,1008.0,774.0,0.0,0.0,15,13,4
34.994997,1008.0,774.0,0.0,0.0,16,13,4
35.347377,1026.0,774.0,0.0,0.0,16,13,4
35.371566,1026.0,774.0,0.0,0.0,16,14,4
35.559625,1044.0,774.0,0.0,0.0,16,14,4
35.578408,1044.0,792.0,0.0,0.0,16,13,4
35.59244,1044.0,792.0,0.0,0.0,15,13,4
35.608169,1044.0,792.0,0.0,0.0,16,13,4
35.647774,1044.0,792.0,0.0,0.0,16,14,4
35.828582,1062.0,792.0,0.0,0.0,16,14,4
35.861673,1062.0,792.0,0.0,0.0,16,15,4
36.969637,1062.0,810.0,0.0,0.0,16,14,4
36.981803,1062.0,810.0,0.0,0.0,15,14,4
36.996047,1062.0,810.0,0.0,0.0,16,14,4
37.14279,1062.0,828.0,0.0,0.0,16,13,4
37.159263,1062.0,828.0,0.0,0.0,15,13,4
37.176982,1062.0,828.0,0.0,0.0,16,13,4
37.22668,1080.0,828.0,0.0,0.0,16,13,4
37.263382,1080.0,846.0,0.0,0.0,16,12,4
37.278099,1080.0,846.0,0.0,0.0,15,12,4
37.291416,1080.0,846.0,0.0,0.0,16,12,4
37.476709,1080.0,846.0,0.0,0.0,16,13,4
37.494603,1098.0,846.0,0.0,0.0,16,13,4
37.634282,1116.0,846.0,0.0,0.0,16,13,4
37.745876,1134.0,846.0,0.0,0.0,16,13,4
37.779916,1134.0,864.0,0.0,0.0,16,12,4
37.797545,1134.0,864.0,0.0,0.0,15,12,4
37.823628,1134.0,864.0,0.0,0.0,16,12,4
38.095971,1152.0,864.0,0.0,0.0,16,12,4
38.117364,1152.0,864.0,0.0,0.0,16,13,4
38.134288,1152.0,882.0,0.0,0.0,16,12,4
38.150251,1152.0,882.0,0.0,0.0,15,12,4
38.167488,1152.0,882.0,0.0,0.0,16,12,4
38.224892,1152.0,882.0,0.0,0.0,16,13,4
38.291447,1152.0,882.0,0.0,0.0,16,14,4
38.435152,1170.0,882.0,0.0,0.0,16,14,4
38.488339,1170.0,882.0,0.0,0.0,16,15,4
38.519489,1170.0,882.0,0.0,0.0,16,16,4
39.050878,1170.0,900.0,0.0,0.0,16,15,4
39.06188,1170.0,900.0,0.0,0.0,15,15,4
39.074255,1170.0,900.0,0.0,0.0,16,15,4
39.302578,1188.0,900.0,0.0,0.0,16,15,4
39.330673,1188.0,900.0,0.0,0.0,16,16,4
39.805286,1188.0,918.0,0.0,0.0,16,15,4
39.821704,1188.0,918.0,0.0,0.0,15,15,4
39.843623,1188.0,918.0,0.0,0.0,16,15,4
40.157724,1206.0,918.0,0.0,0.0,16,15,4
40.186119,1206.0,918.0,0.0,0.0,16,16,4
40.370153,1206.0,936.0,0.0,0.0,16,15,4
40.382311,1206.0,936.0,0.0,0.0,15,15,4
40.397233,1206.0,936.0,0.0,0.0,16,15,4
40.622086,1206.0,954.0,0.0,0.0,16,14,4
40.636176,1206.0,954.0,0.0,0.0,15,14,4
40.653335,1206.0,954.0,0.0,0.0,16,14,4
40.695148,1224.0,954.0,0.0,0.0,16,14,4
40.726206,1224.0,954.0,0.0,0.0,16,15,4
40.891144,1242.0,954.0,0.0,0.0,16,15,4
40.920477,1242.0,954.0,0.0,0.0,16,16,4
41.706396,1242.0,972.0,0.0,0.0,16,15,4
41.719355,1242.0,972.0,0.0,0.0,15,15,4
41.738788,1242.0,972.0,0.0,0.0,16,15,4
42.42231,1242.0,990.0,0.0,0.0,16,14,4
42.435429,1242.0,990.0,0.0,0.0,15,14,4
42.450595,1242.0,990.0,0.0,0.0,16,14,4
42.882122,1242.0,1008.0,0.0,0.0,16,13,4
42.894561,1242.0,1008.0,0.0,0.0,15,13,4
42.912733,1242.0,1008.0,0.0,0.0,16,13,4
43.039393,1242.0,1026.0,0.0,0.0,16,12,4
43.053003,1242.0,1026.0,0.0,0.0,15,12,4
43.069563,1242.0,1026.0,0.0,0.0,16,12,4
43.331223,1260.0,1026.0,0.0,0.0,16,12,4
43.383648,1260.0,1026.0,0.0,0.0,16,13,4
43.487206,1278.0,1026.0,0.0,0.0,16,13,4
43.501885,1278.0,1044.0,0.0,0.0,16,12,4
43.514126,1278.0,1044.0,0.0,0.0,15,12,4
43.528724,1278.0,1044.0,0.0,0.0,16,12,4
43.580847,1278.0,1044.0,0.0,0.0,16,13,4
43.731711,1296.0,1044.0,0.0,0.0,16,13,4
43.795307,1296.0,1044.0,0.0,0.0,16,14,4
43.832662,1296.0,1044.0,0.0,0.0,16,14,4
43.918897,1296.0,1044.0,0.0,0.0,16,14,4
43.956784,1296.0,558.0,486.0,0.0,16,14,4
44.802294,1314.0,558.0,486.0,0.0,16,14,4
44.909366,1314.0,576.0,486.0,0.0,16,13,4
44.919681,1314.0,576.0,486.0,0.0,15,13,4
44.931809,1314.0,576.0,486.0,0.0,16,13,4
44.965598,1314.0,594.0,486.0,0.0,16,12,4
44.974944,1314.0,594.0,486.0,0.0,15,12,4
44.988437,1314.0,594.0,486.0,0.0,16,12,4
45.038349,1332.0,594.0,486.0,0.0,16,12,4
45.155787,1350.0,594.0,486.0,0.0,16,12,4
45.209913,1350.0,594.0,486.0,0.0,16,13,4
45.33934,1350.0,594.0,486.0,0.0,16,14,4
45.371294,1350.0,594.0,486.0,0.0,16,15,4
45.838662,1350.0,612.0,486.0,0.0,16,14,4
45.855945,1350.0,612.0,486.0,0.0,15,14,4
45.874511,1350.0,612.0,486.0,0.0,16,14,4
45.908982,1350.0,612.0,0.0,486.0,16,14,4
45.970409,1350.0,612.0,0.0,486.0,16,14,4
46.102131,1368.0,612.0,0.0,486.0,16,14,4
46.163044,1368.0,612.0,0.0,486.0,16,15,4
46.225363,1368.0,630.0,0.0,486.0,16,14,4
46.236642,1368.0,630.0,0.0,486.0,15,14,4
46.254446,1368.0,630.0,0.0,486.0,16,14,4
46.287651,1350.0,630.0,0.0,468.0,16,14,4
46.333862,1332.0,630.0,0.0,450.0,16,14,4
46.502275,1350.0,630.0,0.0,450.0,16,14,4
46.545424,1350.0,648.0,0.0,450.0,16,13,4
46.558343,1350.0,648.0,0.0,450.0,15,13,4
46.573824,1350.0,648.0,0.0,450.0,16,13,4
46.655267,1350.0,648.0,0.0,450.0,16,14,4
46.757384,1332.0,648.0,0.0,432.0,16,14,4
46.880937,1350.0,648.0,0.0,432.0,16,14,4
46.930432,1350.0,648.0,0.0,432.0,16,15,4
46.990581,1332.0,648.0,0.0,414.0,16,15,4
47.020918,1314.0,648.0,0.0,396.0,16,15,4
47.047062,1296.0,648.0,0.0,378.0,16,15,4
47.069894,1278.0,648.0,0.0,360.0,16,15,4
47.09611,1260.0,648.0,0.0,342.0,16,15,4
47.117799,1242.0,648.0,0.0,324.0,16,15,4
47.144227,1224.0,648.0,0.0,306.0,16,15,4
47.169903,1206.0,648.0,0.0,288.0,16,15,4
47.191884,1188.0,648.0,0.0,270.0,16,15,4
47.212926,1170.0,648.0,0.0,252.0,16,15,4
47.240582,1170.0,666.0,0.0,252.0,16,14,4
47.258869,1170.0,666.0,0.0,252.0,15,14,4
47.27498,1170.0,666.0,0.0,252.0,16,14,4
47.304132,1152.0,666.0,0.0,234.0,16,14,4
47.331011,1134.0,666.0,0.0,216.0,16,14,4
47.350986,1116.0,666.0,0.0,198.0,16,14,4
47.372145,1098.0,666.0,0.0,180.0,16,14,4
47.511126,1116.0,666.0,0.0,180.0,16,14,4
47.525525,1116.0,684.0,0.0,180.0,16,13,4
47.536736,1116.0,684.0,0.0,180.0,15,13,4
47.551833,1116.0,684.0,0.0,180.0,16,13,4
47.622016,1116.0,684.0,0.0,180.0,16,14,4
47.63603,1098.0,684.0,0.0,162.0,16,14,4
47.662728,1080.0,684.0,0.0,144.0,16,14,4
47.79095,1098.0,684.0,0.0,144.0,16,14,4
47.833371,1080.0,684.0,0.0,126.0,16,14,4
47.859539,1062.0,684.0,0.0,108.0,16,14,4
47.92886,1062.0,684.0,0.0,108.0,16,15,4
47.962345,1044.0,684.0,0.0,90.0,16,15,4
47.98315,1026.0,684.0,0.0,72.0,16,15,4
48.003331,1008.0,684.0,0.0,54.0,16,15,4
48.024913,990.0,684.0,0.0,36.0,16,15,4
48.045711,972.0,684.0,0.0,18.0,16,15,4
48.067458,954.0,684.0,0.0,0.0,16,15,4
48.080564,954.0,684.0,0.0,0.0,16,15,3
48.111215,954.0,684.0,0.0,0.0,16,15,4
48.268371,954.0,702.0,0.0,0.0,16,14,4
48.284684,954.0,702.0,0.0,0.0,15,14,4
48.307279,954.0,702.0,0.0,0.0,16,14,4
48.342207,972.0,702.0,0.0,0.0,16,14,4
48.386538,972.0,702.0,0.0,0.0,16,15,4
48.436943,972.0,702.0,0.0,0.0,16,15,4
48.667426,972.0,720.0,0.0,0.0,16,14,4
48.68238,972.0,720.0,0.0,0.0,15,14,4
48.703455,972.0,720.0,0.0,0.0,16,14,4
49.319427,972.0,738.0,0.0,0.0,16,13,4
49.335138,972.0,738.0,0.0,0.0,15,13,4
49.351548,972.0,738.0,0.0,0.0,16,13,4
49.424244,990.0,738.0,0.0,0.0,16,13,4
49.557127,1008.0,738.0,0.0,0.0,16,13,4
49.609231,1008.0,738.0,0.0,0.0,16,14,4
49.759914,1026.0,738.0,0.0,0.0,16,14,4
49.80111,1026.0,756.0,0.0,0.0,16,13,4
49.81483,1026.0,756.0,0.0,0.0,15,13,4
49.835669,1026.0,756.0,0.0,0.0,16,13,4
49.951683,1026.0,756.0,0.0,0.0,16,14,4
50.088743,1044.0,756.0,0.0,0.0,16,14,4
50.116122,1044.0,756.0,0.0,0.0,16,15,4
50.142711,1044.0,756.0,0.0,0.0,16,16,4
50.606948,1044.0,774.0,0.0,0.0,16,15,4
50.619279,1044.0,774.0,0.0,0.0,15,15,4
50.6335,1044.0,774.0,0.0,0.0,16,15,4
51.793602,1044.0,792.0,0.0,0.0,16,14,4
51.808921,1044.0,792.0,0.0,0.0,15,14,4
51.827589,1044.0,792.0,0.0,0.0,16,14,4
51.858141,1062.0,792.0,0.0,0.0,16,14,4
51.87508,1062.0,810.0,0.0,0.0,16,13,4
51.887392,1062.0,810.0,0.0,0.0,15,13,4
51.902985,1062.0,810.0,0.0,0.0,16,13,4
51.949299,1062.0,810.0,0.0,0.0,16,14,4
52.124968,1080.0,810.0,0.0,0.0,16,14,4
52.237156,1098.0,810.0,0.0,0.0,16,14,4
52.300824,1098.0,810.0,0.0,0.0,16,15,4
52.318006,1098.0,810.0,0.0,0.0,16,16,4
52.888605,1098.0,828.0,0.0,0.0,16,15,4
52.902485,1098.0,828.0,0.0,0.0,15,15,4
52.922884,1098.0,828.0,0.0,0.0,16,15,4
53.175953,1098.0,846.0,0.0,0.0,16,14,4
53.187749,1098.0,846.0,0.0,0.0,15,14,4
53.200679,1098.0,846.0,0.0,0.0,16,14,4
53.223334,1116.0,846.0,0.0,0.0,16,14,4
53.253181,1116.0,846.0,0.0,0.0,16,15,4
53.406704,1134.0,846.0,0.0,0.0,16,15,4
53.433549,1134.0,846.0,0.0,0.0,16,16,4
53.741795,1134.0,864.0,0.0,0.0,16,15,4
53.752964,1134.0,864.0,0.0,0.0,15,15,4
53.767093,1134.0,864.0,0.0,0.0,16,15,4
53.947749,1152.0,864.0,0.0,0.0,16,15,4
53.974563,1152.0,864.0,0.0,0.0,16,16,4
54.411886,1152.0,882.0,0.0,0.0,16,15,4
54.420029,1152.0,882.0,0.0,0.0,15,15,4
54.432485,1152.0,882.0,0.0,0.0,16,15,4
54.59983,1170.0,882.0,0.0,0.0,16,15,4
54.632537,1170.0,882.0,0.0,0.0,16,16,4
55.198684,1170.0,900.0,0.0,0.0,16,15,4
55.213676,1170.0,900.0,0.0,0.0,15,15,4
55.231234,1170.0,900.0,0.0,0.0,16,15,4
55.494165,1170.0,918.0,0.0,0.0,16,14,4
55.50813,1170.0,918.0,0.0,0.0,15,14,4
55.523609,1170.0,918.0,0.0,0.0,16,14,4
55.554505,1188.0,918.0,0.0,0.0,16,14,4
55.587813,1188.0,918.0,0.0,0.0,16,15,4
56.251392,1206.0,918.0,0.0,0.0,16,15,4
56.272407,1206.0,936.0,0.0,0.0,16,14,4
56.28705,1206.0,936.0,0.0,0.0,15,14,4
56.312802,1206.0,936.0,0.0,0.0,16,14,4
56.383205,1206.0,936.0,0.0,0.0,16,15,4
56.553144,1224.0,936.0,0.0,0.0,16,15,4
56.583412,1224.0,936.0,0.0,0.0,16,16,4
57.570422,1224.0,954.0,0.0,0.0,16,15,4
57.585373,1224.0,954.0,0.0,0.0,15,15,4
57.602374,1224.0,954.0,0.0,0.0,16,15,4
58.50515,1224.0,972.0,0.0,0.0,16,14,4
58.520598,1224.0,972.0,0.0,0.0,15,14,4
58.538231,1224.0,972.0,0.0,0.0,16,14,4
58.750725,1242.0,972.0,0.0,0.0,16,14,4
58.780626,1242.0,972.0,0.0,0.0,16,15,4
58.928691,1242.0,990.0,0.0,0.0,16,14,4
58.942885,1242.0,990.0,0.0,0.0,15,14,4
58.959124,1242.0,990.0,0.0,0.0,16,14,4
59.039835,1242.0,1008.0,0.0,0.0,16,13,4
59.053998,1242.0,1008.0,0.0,0.0,15,13,4
59.070517,1242.0,1008.0,0.0,0.0,16,13,4
59.22241,1260.0,1008.0,0.0,0.0,16,13,4
59.393847,1278.0,1008.0,0.0,0.0,16,13,4
59.44477,1278.0,1008.0,0.0,0.0,16,14,4
59.46633,1278.0,1008.0,0.0,0.0,16,15,4
59.787759,1296.0,1008.0,0.0,0.0,16,15,4
59.80355,1296.0,1026.0,0.0,0.0,16,14,4
59.814184,1296.0,1026.0,0.0,0.0,15,14,4
59.827978,1296.0,1026.0,0.0,0.0,16,14,4
59.864328,1296.0,1026.0,0.0,0.0,16,15,4
60.043119,1314.0,1026.0,0.0,0.0,16,15,4
60.06798,1314.0,1026.0,0.0,0.0,16,16,4
61.249827,1314.0,1044.0,0.0,0.0,16,15,4
61.261509,1314.0,1044.0,0.0,0.0,15,15,4
61.274222,1314.0,1044.0,0.0,0.0,16,15,4
61.492137,1332.0,1044.0,0.0,0.0,16,15,4
61.523416,1332.0,1044.0,0.0,0.0,16,16,4
62.400439,1332.0,1062.0,0.0,0.0,16,15,4
62.414478,1332.0,1062.0,0.0,0.0,15,15,4
62.426939,1332.0,1062.0,0.0,0.0,16,15,4
62.530391,1332.0,1080.0,0.0,0.0,16,14,4
62.543278,1332.0,1080.0,0.0,0.0,15,14,4
62.558194,1332.0,1080.0,0.0,0.0,16,14,4
62.662343,1350.0,1080.0,0.0,0.0,16,14,4
62.69228,1350.0,1098.0,0.0,0.0,16,13,4
62.705227,1350.0,1098.0,0.0,0.0,15,13,4
62.72102,1350.0,1098.0,0.0,0.0,16,13,4
62.747819,1350.0,1098.0,0.0,0.0,16,14,4
62.766635,1350.0,1116.0,0.0,0.0,16,13,4
62.779401,1350.0,1116.0,0.0,0.0,15,13,4
62.796443,1350.0,1116.0,0.0,0.0,16,13,4
62.988049,1368.0,1116.0,0.0,0.0,16,13,4
63.049505,1368.0,1134.0,0.0,0.0,16,12,4
63.063999,1368.0,1134.0,0.0,0.0,15,12,4
63.082478,1368.0,1134.0,0.0,0.0,16,12,4
63.198797,1368.0,1134.0,0.0,0.0,16,13,4
63.324665,1386.0,1134.0,0.0,0.0,16,13,4
63.340267,1386.0,1152.0,0.0,0.0,16,12,4
63.351942,1386.0,1152.0,0.0,0.0,15,12,4
63.367341,1386.0,1152.0,0.0,0.0,16,12,4
63.602967,1386.0,1152.0,0.0,0.0,16,13,4
63.703717,1386.0,1152.0,0.0,0.0,16,13,4
63.907972,1404.0,1152.0,0.0,0.0,16,13,4
64.002623,1404.0,1170.0,0.0,0.0,16,12,4
64.011463,1404.0,1170.0,0.0,0.0,15,12,4
64.027575,1404.0,1170.0,0.0,0.0,16,12,4
64.052306,1422.0,1170.0,0.0,0.0,16,12,4
64.119085,1422.0,1170.0,0.0,0.0,16,13,4
64.132907,1422.0,1170.0,0.0,0.0,16,14,4
64.221307,1440.0,1170.0,0.0,0.0,16,14,4
64.245422,1440.0,1170.0,0.0,0.0,16,15,4
64.668506,1440.0,1170.0,0.0,0.0,16,15,4
64.742153,1440.0,684.0,486.0,0.0,16,15,4
65.243486,1440.0,702.0,486.0,0.0,16,14,4
65.259029,1440.0,702.0,486.0,0.0,15,14,4
65.277994,1440.0,702.0,486.0,0.0,16,14,4
65.554728,1458.0,702.0,486.0,0.0,16,14,4
65.600616,1458.0,702.0,486.0,0.0,16,15,4
65.807725,1458.0,720.0,486.0,0.0,16,14,4
65.821355,1458.0,720.0,486.0,0.0,15,14,4
65.840594,1458.0,720.0,486.0,0.0,16,14,4
66.00343,1458.0,738.0,486.0,0.0,16,13,4
66.015587,1458.0,738.0,486.0,0.0,15,13,4
66.029682,1458.0,738.0,486.0,0.0,16,13,4
66.091486,1458.0,756.0,486.0,0.0,16,12,4
66.107224,1458.0,756.0,486.0,0.0,15,12,4
66.126057,1458.0,756.0,486.0,0.0,16,12,4
66.177024,1476.0,756.0,486.0,0.0,16,12,4
66.332793,1476.0,774.0,486.0,0.0,16,11,4
66.346982,1476.0,774.0,486.0,0.0,15,11,4
66.36466,1476.0,774.0,486.0,0.0,16,11,4
66.448645,1494.0,774.0,486.0,0.0,16,11,4
66.724399,1512.0,774.0,486.0,0.0,16,11,4
66.818168,1512.0,774.0,486.0,0.0,16,12,4
66.927757,1530.0,774.0,486.0,0.0,16,12,4
67.181353,1530.0,774.0,0.0,486.0,16,12,4
67.254174,1530.0,792.0,0.0,486.0,16,11,4
67.27363,1530.0,792.0,0.0,486.0,15,11,4
67.298959,1530.0,792.0,0.0,486.0,16,11,4
67.388658,1548.0,792.0,0.0,486.0,16,11,4
67.503147,1548.0,792.0,0.0,486.0,16,12,4
67.524758,1548.0,792.0,0.0,486.0,16,13,4
67.554943,1548.0,792.0,0.0,486.0,16,14,4
67.745501,1548.0,792.0,0.0,486.0,16,14,4
67.788698,1548.0,792.0,0.0,486.0,16,15,4
68.012948,1566.0,792.0,0.0,486.0,16,15,4
68.066193,1566.0,792.0,0.0,486.0,16,16,4
68.140704,1548.0,792.0,0.0,468.0,16,16,4
68.177855,1530.0,792.0,0.0,450.0,16,16,4
68.203995,1512.0,792.0,0.0,432.0,16,16,4
68.227461,1494.0,792.0,0.0,414.0,16,16,4
68.254185,1476.0,792.0,0.0,396.0,16,16,4
68.27815,1458.0,792.0,0.0,378.0,16,16,4
68.30074,1440.0,792.0,0.0,360.0,16,16,4
68.321706,1422.0,792.0,0.0,342.0,16,16,4
68.341417,1404.0,792.0,0.0,324.0,16,16,4
68.361666,1386.0,792.0,0.0,306.0,16,16,4
68.38325,1368.0,792.0,0.0,288.0,16,16,4
68.406541,1350.0,792.0,0.0,270.0,16,16,4
68.426312,1332.0,792.0,0.0,252.0,16,16,4
68.446144,1314.0,792.0,0.0,234.0,16,16,4
68.471881,1314.0,810.0,0.0,234.0,16,15,4
68.496804,1314.0,810.0,0.0,234.0,15,15,4
68.517321,1314.0,810.0,0.0,234.0,16,15,4
68.543206,1296.0,810.0,0.0,216.0,16,15,4
68.573043,1278.0,810.0,0.0,198.0,16,15,4
68.648145,1260.0,810.0,0.0,180.0,16,15,4
68.75518,1278.0,810.0,0.0,180.0,16,15,4
68.802206,1278.0,810.0,0.0,180.0,16,16,4
68.845494,1260.0,810.0,0.0,162.0,16,16,4
68.872376,1242.0,810.0,0.0,144.0,16,16,4
68.896461,1224.0,810.0,0.0,126.0,16,16,4
68.914376,1224.0,828.0,0.0,126.0,16,15,4
68.925772,1224.0,828.0,0.0,126.0,15,15,4
68.943872,1224.0,828.0,0.0,126.0,16,15,4
68.984004,1206.0,828.0,0.0,108.0,16,15,4
69.028305,1188.0,828.0,0.0,90.0,16,15,4
69.05158,1170.0,828.0,0.0,72.0,16,15,4
69.064842,1170.0,846.0,0.0,72.0,16,14,4
69.076801,1170.0,846.0,0.0,72.0,15,14,4
69.095447,1170.0,846.0,0.0,72.0,16,14,4
69.140479,1152.0,846.0,0.0,54.0,16,14,4
69.195386,1134.0,846.0,0.0,36.0,16,14,4
69.323881,1152.0,846.0,0.0,36.0,16,14,4
69.397136,1152.0,846.0,0.0,36.0,16,15,4
69.413605,1134.0,846.0,0.0,18.0,16,15,4
69.44188,1116.0,846.0,0.0,0.0,16,15,4
69.453661,1116.0,846.0,0.0,0.0,16,15,3
69.486182,1116.0,846.0,0.0,0.0,16,15,4
69.545835,1116.0,846.0,0.0,0.0,16,15,4
69.64941,1116.0,846.0,0.0,0.0,16,15,4
69.6897,1116.0,360.0,486.0,0.0,16,15,4
70.024305,1116.0,378.0,486.0,0.0,16,14,4
70.036229,1116.0,378.0,486.0,0.0,15,14,4
70.052263,1116.0,378.0,486.0,0.0,16,14,4
70.673027,1134.0,378.0,486.0,0.0,16,14,4
70.720913,1134.0,378.0,486.0,0.0,16,15,4
71.181736,1134.0,378.0,0.0,486.0,16,15,4
71.237303,1134.0,378.0,0.0,486.0,16,15,4
71.301551,1116.0,378.0,0.0,468.0,16,15,4
71.327705,1098.0,378.0,0.0,450.0,16,15,4
71.350162,1080.0,378.0,0.0,432.0,16,15,4
71.37318,1062.0,378.0,0.0,414.0,16,15,4
71.394598,1044.0,378.0,0.0,396.0,16,15,4
71.414804,1026.0,378.0,0.0,378.0,16,15,4
71.436578,1008.0,378.0,0.0,360.0,16,15,4
71.459929,990.0,378.0,0.0,342.0,16,15,4
71.48101,972.0,378.0,0.0,324.0,16,15,4
71.501097,954.0,378.0,0.0,306.0,16,15,4
71.524924,936.0,378.0,0.0,288.0,16,15,4
71.546539,918.0,378.0,0.0,270.0,16,15,4
71.567519,900.0,378.0,0.0,252.0,16,15,4
71.588166,882.0,378.0,0.0,234.0,16,15,4
71.608479,864.0,378.0,0.0,216.0,16,15,4
71.630766,846.0,378.0,0.0,198.0,16,15,4
71.651718,828.0,378.0,0.0,180.0,16,15,4
71.672363,810.0,378.0,0.0,162.0,16,15,4
71.692594,792.0,378.0,0.0,144.0,16,15,4
71.713509,774.0,378.0,0.0,126.0,16,15,4
71.733073,756.0,378.0,0.0,108.0,16,15,4
71.752909,738.0,378.0,0.0,90.0,16,15,4
71.773279,720.0,378.0,0.0,72.0,16,15,4
71.794328,702.0,378.0,0.0,54.0,16,15,4
71.814033,684.0,378.0,0.0,36.0,16,15,4
71.833886,666.0,378.0,0.0,18.0,16,15,4
71.853215,648.0,378.0,0.0,0.0,16,15,4
71.862626,648.0,378.0,0.0,0.0,16,15,3
71.89244,648.0,378.0,0.0,0.0,16,15,4
72.030054,648.0,378.0,0.0,0.0,16,15,4
72.073473,648.0,396.0,0.0,0.0,16,14,4
72.089102,648.0,396.0,0.0,0.0,15,14,4
72.105263,648.0,396.0,0.0,0.0,16,14,4
72.138211,666.0,396.0,0.0,0.0,16,14,4
72.172076,666.0,396.0,0.0,0.0,16,15,4
72.190613,666.0,414.0,0.0,0.0,16,14,4
72.206735,666.0,414.0,0.0,0.0,15,14,4
72.231413,666.0,414.0,0.0,0.0,16,14,4
72.446403,666.0,432.0,0.0,0.0,16,13,4
72.459242,666.0,432.0,0.0,0.0,15,13,4
72.479998,666.0,432.0,0.0,0.0,16,13,4
72.544114,666.0,450.0,0.0,0.0,16,12,4
72.556241,666.0,450.0,0.0,0.0,15,12,4
72.571198,666.0,450.0,0.0,0.0,16,12,4
72.631727,684.0,450.0,0.0,0.0,16,12,4
72.677717,684.0,450.0,0.0,0.0,16,13,4
73.826284,702.0,450.0,0.0,0.0,16,13,4
73.853377,702.0,450.0,0.0,0.0,16,14,4
74.17251,702.0,468.0,0.0,0.0,16,13,4
74.18487,702.0,468.0,0.0,0.0,15,13,4
74.200319,702.0,468.0,0.0,0.0,16,13,4
74.224577,702.0,486.0,0.0,0.0,16,12,4
74.238418,702.0,486.0,0.0,0.0,15,12,4
74.255574,702.0,486.0,0.0,0.0,16,12,4
74.290378,720.0,486.0,0.0,0.0,16,12,4
74.438562,738.0,486.0,0.0,0.0,16,12,4
74.602512,738.0,504.0,0.0,0.0,16,11,4
74.612924,738.0,504.0,0.0,0.0,15,11,4
74.628436,738.0,504.0,0.0,0.0,16,11,4
74.655586,756.0,504.0,0.0,0.0,16,11,4
74.688587,756.0,522.0,0.0,0.0,16,10,4
74.700626,756.0,522.0,0.0,0.0,15,10,4
74.716425,756.0,522.0,0.0,0.0,16,10,4
74.962187,774.0,522.0,0.0,0.0,16,10,4
75.118281,792.0,522.0,0.0,0.0,16,10,4
75.138857,792.0,522.0,0.0,0.0,16,11,4
75.166929,792.0,522.0,0.0,0.0,16,12,4
75.193873,792.0,540.0,0.0,0.0,16,11,4
75.208799,792.0,540.0,0.0,0.0,15,11,4
75.230168,792.0,540.0,0.0,0.0,16,11,4
75.321418,792.0,540.0,0.0,0.0,16,12,4
75.340119,792.0,540.0,0.0,0.0,16,13,4
75.36471,792.0,540.0,0.0,0.0,16,14,4
75.513393,810.0,540.0,0.0,0.0,16,14,4
75.544347,810.0,540.0,0.0,0.0,16,15,4
76.644565,828.0,540.0,0.0,0.0,16,15,4
76.666778,828.0,558.0,0.0,0.0,16,14,4
76.684308,828.0,558.0,0.0,0.0,15,14,4
76.708026,828.0,558.0,0.0,0.0,16,14,4
76.76612,828.0,576.0,0.0,0.0,16,13,4
76.780102,828.0,576.0,0.0,0.0,15,13,4
76.801831,828.0,576.0,0.0,0.0,16,13,4
76.828797,828.0,576.0,0.0,0.0,16,14,4
77.051877,828.0,594.0,0.0,0.0,16,13,4
77.067375,828.0,594.0,0.0,0.0,15,13,4
77.088724,828.0,594.0,0.0,0.0,16,13,4
77.209718,846.0,594.0,0.0,0.0,16,13,4
77.307911,846.0,594.0,0.0,0.0,16,14,4
77.413794,846.0,594.0,0.0,0.0,16,14,4
78.059806,846.0,594.0,0.0,0.0,16,14,4
78.31382,846.0,108.0,486.0,0.0,16,14,4
78.635556,846.0,126.0,486.0,0.0,16,13,4
78.646911,846.0,126.0,486.0,0.0,15,13,4
78.662555,846.0,126.0,486.0,0.0,16,13,4
78.894296,864.0,126.0,486.0,0.0,16,13,4
79.027123,864.0,144.0,486.0,0.0,16,12,4
79.040167,864.0,144.0,486.0,0.0,15,12,4
79.055176,864.0,144.0,486.0,0.0,16,12,4
79.10999,882.0,144.0,486.0,0.0,16,12,4
79.337176,900.0,144.0,486.0,0.0,16,12,4
79.588262,900.0,144.0,486.0,0.0,16,13,4
79.613301,918.0,144.0,486.0,0.0,16,13,4
79.767944,918.0,162.0,486.0,0.0,16,12,4
79.780644,918.0,162.0,486.0,0.0,15,12,4
79.800686,918.0,162.0,486.0,0.0,16,12,4
79.878971,918.0,162.0,486.0,0.0,16,13,4
79.917606,918.0,162.0,486.0,0.0,16,14,4
79.963617,918.0,162.0,486.0,0.0,16,15,4
80.101916,936.0,162.0,486.0,0.0,16,15,4
80.187183,936.0,162.0,486.0,0.0,16,16,4
80.529137,936.0,162.0,0.0,486.0,16,16,4
80.595308,936.0,162.0,0.0,486.0,16,16,4
80.694832,918.0,162.0,0.0,468.0,16,16,4
80.730047,900.0,162.0,0.0,450.0,16,16,4
80.749785,900.0,180.0,0.0,450.0,16,15,4
80.761187,900.0,180.0,0.0,450.0,15,15,4
80.776304,900.0,180.0,0.0,450.0,16,15,4
80.829026,882.0,180.0,0.0,432.0,16,15,4
80.844318,882.0,198.0,0.0,432.0,16,14,4
80.857462,882.0,198.0,0.0,432.0,15,14,4
80.874648,882.0,198.0,0.0,432.0,16,14,4
80.941574,864.0,198.0,0.0,414.0,16,14,4
81.071643,882.0,198.0,0.0,414.0,16,14,4
81.258139,900.0,198.0,0.0,414.0,16,14,4
81.349783,882.0,198.0,0.0,396.0,16,14,4
81.442941,882.0,216.0,0.0,396.0,16,13,4
81.457187,882.0,216.0,0.0,396.0,15,13,4
81.475107,882.0,216.0,0.0,396.0,16,13,4
81.50955,882.0,216.0,0.0,396.0,16,14,4
81.573848,864.0,216.0,0.0,378.0,16,14,4
81.588557,864.0,216.0,0.0,378.0,16,15,4
81.624349,846.0,216.0,0.0,360.0,16,15,4
81.66605,828.0,216.0,0.0,342.0,16,15,4
81.695981,810.0,216.0,0.0,324.0,16,15,4
81.72045,792.0,216.0,0.0,306.0,16,15,4
81.744276,774.0,216.0,0.0,288.0,16,15,4
81.770426,756.0,216.0,0.0,270.0,16,15,4
81.795529,738.0,216.0,0.0,252.0,16,15,4
81.823767,720.0,216.0,0.0,234.0,16,15,4
81.853091,702.0,216.0,0.0,216.0,16,15,4
81.915322,684.0,216.0,0.0,198.0,16,15,4
82.048993,702.0,216.0,0.0,198.0,16,15,4
82.088687,702.0,216.0,0.0,198.0,16,16,4
82.15178,702.0,234.0,0.0,198.0,16,15,4
82.168184,702.0,234.0,0.0,198.0,15,15,4
82.18966,702.0,234.0,0.0,198.0,16,15,4
82.218696,684.0,234.0,0.0,180.0,16,15,4
82.252438,666.0,234.0,0.0,162.0,16,15,4
82.275114,648.0,234.0,0.0,144.0,16,15,4
82.300741,630.0,234.0,0.0,126.0,16,15,4
82.397411,612.0,234.0,0.0,108.0,16,15,4
82.527551,630.0,234.0,0.0,108.0,16,15,4
82.581632,612.0,234.0,0.0,90.0,16,15,4
82.608567,594.0,234.0,0.0,72.0,16,15,4
82.640803,576.0,234.0,0.0,54.0,16,15,4
82.668641,576.0,234.0,0.0,54.0,16,16,4
82.70532,558.0,234.0,0.0,36.0,16,16,4
82.728529,540.0,234.0,0.0,18.0,16,16,4
82.748928,522.0,234.0,0.0,0.0,16,16,4
82.75965,522.0,234.0,0.0,0.0,16,16,3
82.793606,522.0,234.0,0.0,0.0,16,16,4
82.941732,522.0,234.0,0.0,0.0,16,16,4
83.757259,522.0,252.0,0.0,0.0,16,15,4
83.768538,522.0,252.0,0.0,0.0,15,15,4
83.782051,522.0,252.0,0.0,0.0,16,15,4
83.817111,522.0,270.0,0.0,0.0,16,14,4
83.833813,522.0,270.0,0.0,0.0,15,14,4
83.852481,522.0,270.0,0.0,0.0,16,14,4
84.102797,540.0,270.0,0.0,0.0,16,14,4
84.226252,558.0,270.0,0.0,0.0,16,14,4
84.278648,558.0,270.0,0.0,0.0,16,15,4
84.299254,558.0,270.0,0.0,0.0,16,16,4
84.387129,558.0,288.0,0.0,0.0,16,15,4
84.39721,558.0,288.0,0.0,0.0,15,15,4
84.410971,558.0,288.0,0.0,0.0,16,15,4
85.310274,558.0,306.0,0.0,0.0,16,14,4
85.321839,558.0,306.0,0.0,0.0,15,14,4
85.334278,558.0,306.0,0.0,0.0,16,14,4
85.584777,576.0,306.0,0.0,0.0,16,14,4
85.612627,576.0,306.0,0.0,0.0,16,15,4
86.065469,576.0,324.0,0.0,0.0,16,14,4
86.076708,576.0,324.0,0.0,0.0,15,14,4
86.089708,576.0,324.0,0.0,0.0,16,14,4
86.340783,594.0,324.0,0.0,0.0,16,14,4
86.366551,594.0,324.0,0.0,0.0,16,15,4
87.015504,612.0,324.0,0.0,0.0,16,15,4
87.041857,612.0,324.0,0.0,0.0,16,16,4
87.065016,612.0,342.0,0.0,0.0,16,15,4
87.078688,612.0,342.0,0.0,0.0,15,15,4
87.092767,612.0,342.0,0.0,0.0,16,15,4
87.352632,630.0,342.0,0.0,0.0,16,15,4
87.383288,630.0,342.0,0.0,0.0,16,16,4
87.845043,630.0,360.0,0.0,0.0,16,15,4
87.858282,630.0,360.0,0.0,0.0,15,15,4
87.871204,630.0,360.0,0.0,0.0,16,15,4
87.927798,630.0,378.0,0.0,0.0,16,14,4
87.940837,630.0,378.0,0.0,0.0,15,14,4
87.960158,630.0,378.0,0.0,0.0,16,14,4
88.11904,630.0,396.0,0.0,0.0,16,13,4
88.131866,630.0,396.0,0.0,0.0,15,13,4
88.155515,630.0,396.0,0.0,0.0,16,13,4
88.333206,648.0,396.0,0.0,0.0,16,13,4
88.388789,648.0,396.0,0.0,0.0,16,14,4
90.583441,648.0,414.0,0.0,0.0,16,13,4
90.597039,648.0,414.0,0.0,0.0,15,13,4
90.613238,648.0,414.0,0.0,0.0,16,13,4
90.850924,666.0,414.0,0.0,0.0,16,13,4
90.885839,666.0,414.0,0.0,0.0,16,14,4
90.967315,666.0,432.0,0.0,0.0,16,13,4
90.979619,666.0,432.0,0.0,0.0,15,13,4
90.993087,666.0,432.0,0.0,0.0,16,13,4
91.211522,666.0,450.0,0.0,0.0,16,12,4
91.224041,666.0,450.0,0.0,0.0,15,12,4
91.240328,666.0,450.0,0.0,0.0,16,12,4
91.409004,684.0,450.0,0.0,0.0,16,12,4
91.483228,684.0,468.0,0.0,0.0,16,11,4
91.498472,684.0,468.0,0.0,0.0,15,11,4
91.517144,684.0,468.0,0.0,0.0,16,11,4
91.683878,684.0,468.0,0.0,0.0,16,12,4
91.742719,684.0,486.0,0.0,0.0,16,11,4
91.757614,684.0,486.0,0.0,0.0,15,11,4
91.777888,684.0,486.0,0.0,0.0,16,11,4
91.809862,702.0,486.0,0.0,0.0,16,11,4
92.119945,720.0,486.0,0.0,0.0,16,11,4
92.229047,720.0,504.0,0.0,0.0,16,10,4
92.242512,720.0,504.0,0.0,0.0,15,10,4
92.257748,720.0,504.0,0.0,0.0,16,10,4
92.426535,720.0,504.0,0.0,0.0,16,11,4
92.481456,738.0,504.0,0.0,0.0,16,11,4
92.520175,738.0,504.0,0.0,0.0,16,12,4
92.56148,738.0,504.0,0.0,0.0,16,13,4
92.716557,756.0,504.0,0.0,0.0,16,13,4
92.864,774.0,504.0,0.0,0.0,16,13,4
92.965862,792.0,504.0,0.0,0.0,16,13,4
93.007604,792.0,504.0,0.0,0.0,16,14,4
93.050607,792.0,504.0,0.0,0.0,16,15,4
93.075906,792.0,504.0,0.0,0.0,16,16,4
93.57595,792.0,522.0,0.0,0.0,16,15,4
93.587909,792.0,522.0,0.0,0.0,15,15,4
93.605859,792.0,522.0,0.0,0.0,16,15,4
93.635893,792.0,540.0,0.0,0.0,16,14,4
93.651377,792.0,540.0,0.0,0.0,15,14,4
93.673619,792.0,540.0,0.0,0.0,16,14,4
93.702193,792.0,558.0,0.0,0.0,16,13,4
93.715701,792.0,558.0,0.0,0.0,15,13,4
93.730652,792.0,558.0,0.0,0.0,16,13,4
93.858844,810.0,558.0,0.0,0.0,16,13,4
94.124125,810.0,576.0,0.0,0.0,16,12,4
94.137908,810.0,576.0,0.0,0.0,15,12,4
94.161666,810.0,576.0,0.0,0.0,16,12,4
94.218623,810.0,576.0,0.0,0.0,16,13,4
94.444868,828.0,576.0,0.0,0.0,16,13,4
94.637706,846.0,576.0,0.0,0.0,16,13,4
94.755397,864.0,576.0,0.0,0.0,16,13,4
94.913986,864.0,594.0,0.0,0.0,16,12,4
94.927581,864.0,594.0,0.0,0.0,15,12,4
94.942541,864.0,594.0,0.0,0.0,16,12,4
94.976018,864.0,594.0,0.0,0.0,16,13,4
95.02482,864.0,594.0,0.0,0.0,16,14,4
95.174246,882.0,594.0,0.0,0.0,16,14,4
95.246928,882.0,594.0,0.0,0.0,16,15,4
95.310479,882.0,594.0,0.0,0.0,16,16,4
95.418808,882.0,594.0,0.0,0.0,16,16,4
96.172808,882.0,594.0,0.0,0.0,16,16,4
96.264712,882.0,108.0,486.0,0.0,16,16,4
96.95374,882.0,126.0,486.0,0.0,16,15,4
96.965985,882.0,126.0,486.0,0.0,15,15,4
96.978982,882.0,126.0,486.0,0.0,16,15,4
97.021616,882.0,144.0,486.0,0.0,16,14,4
97.038104,882.0,144.0,486.0,0.0,15,14,4
97.053574,882.0,144.0,486.0,0.0,16,14,4
97.11601,882.0,162.0,486.0,0.0,16,13,4
97.127809,882.0,162.0,486.0,0.0,15,13,4
97.145488,882.0,162.0,486.0,0.0,16,13,4
97.489748,900.0,162.0,486.0,0.0,16,13,4
97.590302,918.0,162.0,486.0,0.0,16,13,4
97.876449,918.0,162.0,486.0,0.0,16,14,4
97.916442,918.0,162.0,486.0,0.0,16,15,4
97.974903,918.0,162.0,0.0,486.0,16,15,4
98.041928,918.0,162.0,0.0,486.0,16,15,4
98.153042,900.0,162.0,0.0,468.0,16,15,4
98.184629,882.0,162.0,0.0,450.0,16,15,4
98.217627,864.0,162.0,0.0,432.0,16,15,4
98.245188,846.0,162.0,0.0,414.0,16,15,4
98.271026,828.0,162.0,0.0,396.0,16,15,4
98.297522,810.0,162.0,0.0,378.0,16,15,4
98.334517,792.0,162.0,0.0,360.0,16,15,4
98.366199,774.0,162.0,0.0,342.0,16,15,4
98.381055,774.0,180.0,0.0,342.0,16,14,4
98.396507,774.0,180.0,0.0,342.0,15,14,4
98.414933,774.0,180.0,0.0,342.0,16,14,4
98.476093,756.0,180.0,0.0,324.0,16,14,4
98.500293,738.0,180.0,0.0,306.0,16,14,4
98.526984,720.0,180.0,0.0,288.0,16,14,4
98.605984,702.0,180.0,0.0,270.0,16,14,4
98.632398,702.0,198.0,0.0,270.0,16,13,4
98.647119,702.0,198.0,0.0,270.0,15,13,4
98.665284,702.0,198.0,0.0,270.0,16,13,4
98.856958,702.0,216.0,0.0,270.0,16,12,4
98.871945,702.0,216.0,0.0,270.0,15,12,4
98.904544,702.0,216.0,0.0,270.0,16,12,4
98.938403,720.0,216.0,0.0,270.0,16,12,4
99.087273,720.0,216.0,0.0,270.0,16,13,4
99.108799,702.0,216.0,0.0,252.0,16,13,4
99.232815,720.0,216.0,0.0,252.0,16,13,4
99.340028,738.0,216.0,0.0,252.0,16,13,4
99.424623,720.0,216.0,0.0,234.0,16,13,4
99.45628,702.0,216.0,0.0,216.0,16,13,4
99.501119,684.0,216.0,0.0,198.0,16,13,4
99.522591,684.0,216.0,0.0,198.0,16,14,4
99.554105,684.0,216.0,0.0,198.0,16,15,4
99.587644,666.0,216.0,0.0,180.0,16,15,4
99.608986,648.0,216.0,0.0,162.0,16,15,4
99.631542,630.0,216.0,0.0,144.0,16,15,4
99.653858,612.0,216.0,0.0,126.0,16,15,4
99.674659,594.0,216.0,0.0,108.0,16,15,4
99.69594,576.0,216.0,0.0,90.0,16,15,4
99.719168,558.0,216.0,0.0,72.0,16,15,4
99.741004,540.0,216.0,0.0,54.0,16,15,4
99.761973,522.0,216.0,0.0,36.0,16,15,4
99.783942,504.0,216.0,0.0,18.0,16,15,4
99.804338,486.0,216.0,0.0,0.0,16,15,4
99.815411,486.0,216.0,0.0,0.0,16,15,3
99.846656,486.0,216.0,0.0,0.0,16,15,4
99.977315,486.0,216.0,0.0,0.0,16,15,4
100.256854,486.0,234.0,0.0,0.0,16,14,4
100.268851,486.0,234.0,0.0,0.0,15,14,4
100.282969,486.0,234.0,0.0,0.0,16,14,4
101.633501,486.0,252.0,0.0,0.0,16,13,4
101.646034,486.0,252.0,0.0,0.0,15,13,4
101.662144,486.0,252.0,0.0,0.0,16,13,4
101.845472,504.0,252.0,0.0,0.0,16,13,4
101.895445,504.0,270.0,0.0,0.0,16,12,4
101.908542,504.0,270.0,0.0,0.0,15,12,4
101.922815,504.0,270.0,0.0,0.0,16,12,4
101.974235,504.0,288.0,0.0,0.0,16,11,4
101.986561,504.0,288.0,0.0,0.0,15,11,4
102.0016,504.0,288.0,0.0,0.0,16,11,4
102.066132,504.0,288.0,0.0,0.0,16,12,4
102.241486,522.0,288.0,0.0,0.0,16,12,4
102.394976,540.0,288.0,0.0,0.0,16,12,4
102.418829,540.0,306.0,0.0,0.0,16,11,4
102.438973,540.0,306.0,0.0,0.0,15,11,4
102.460694,540.0,306.0,0.0,0.0,16,11,4
102.511921,540.0,306.0,0.0,0.0,16,12,4
102.663616,558.0,306.0,0.0,0.0,16,12,4
102.67901,558.0,324.0,0.0,0.0,16,11,4
102.692482,558.0,324.0,0.0,0.0,15,11,4
102.70897,558.0,324.0,0.0,0.0,16,11,4
102.742266,558.0,324.0,0.0,0.0,16,12,4
102.775828,558.0,324.0,0.0,0.0,16,13,4
103.378123,558.0,342.0,0.0,0.0,16,12,4
103.392076,558.0,342.0,0.0,0.0,15,12,4
103.412395,558.0,342.0,0.0,0.0,16,12,4
104.738081,558.0,360.0,0.0,0.0,16,11,4
104.751315,558.0,360.0,0.0,0.0,15,11,4
104.769834,558.0,360.0,0.0,0.0,16,11,4
104.891071,576.0,360.0,0.0,0.0,16,11,4
105.034582,594.0,360.0,0.0,0.0,16,11,4
105.073222,594.0,378.0,0.0,0.0,16,10,4
105.087735,594.0,378.0,0.0,0.0,15,10,4
105.102666,594.0,378.0,0.0,0.0,16,10,4
105.127893,594.0,396.0,0.0,0.0,16,9,4
105.139612,594.0,396.0,0.0,0.0,15,9,4
105.157491,594.0,396.0,0.0,0.0,16,9,4
105.360901,612.0,396.0,0.0,0.0,16,9,4
105.588185,630.0,396.0,0.0,0.0,16,9,4
105.623533,630.0,414.0,0.0,0.0,16,8,4
105.637873,630.0,414.0,0.0,0.0,15,8,4
105.657913,630.0,414.0,0.0,0.0,16,8,4
105.699988,630.0,414.0,0.0,0.0,16,9,4
105.874728,648.0,414.0,0.0,0.0,16,9,4
106.022087,648.0,414.0,0.0,0.0,16,10,4
106.04768,648.0,414.0,0.0,0.0,16,11,4
106.068395,666.0,414.0,0.0,0.0,16,11,4
106.090306,666.0,414.0,0.0,0.0,16,12,4
106.246391,666.0,414.0,0.0,0.0,16,13,4
106.268189,666.0,414.0,0.0,0.0,16,14,4
107.038624,666.0,432.0,0.0,0.0,16,13,4
107.055018,666.0,432.0,0.0,0.0,15,13,4
107.075019,666.0,432.0,0.0,0.0,16,13,4
107.102628,684.0,432.0,0.0,0.0,16,13,4
107.310296,684.0,450.0,0.0,0.0,16,12,4
107.325722,684.0,450.0,0.0,0.0,15,12,4
107.34968,684.0,450.0,0.0,0.0,16,12,4
107.431558,702.0,450.0,0.0,0.0,16,12,4
107.646843,720.0,450.0,0.0,0.0,16,12,4
107.731432,720.0,450.0,0.0,0.0,16,13,4
107.837777,720.0,450.0,0.0,0.0,16,14,4
107.871322,720.0,450.0,0.0,0.0,16,15,4
108.036442,738.0,450.0,0.0,0.0,16,15,4
108.065443,738.0,450.0,0.0,0.0,16,16,4
108.080881,738.0,468.0,0.0,0.0,16,15,4
108.095034,738.0,468.0,0.0,0.0,15,15,4
108.111868,738.0,468.0,0.0,0.0,16,15,4
108.571438,756.0,468.0,0.0,0.0,16,15,4
108.603092,756.0,468.0,0.0,0.0,16,16,4
108.641014,756.0,486.0,0.0,0.0,16,15,4
108.656126,756.0,486.0,0.0,0.0,15,15,4
108.67248,756.0,486.0,0.0,0.0,16,15,4
108.708158,756.0,504.0,0.0,0.0,16,14,4
108.722171,756.0,504.0,0.0,0.0,15,14,4
108.737638,756.0,504.0,0.0,0.0,16,14,4
108.905658,756.0,522.0,0.0,0.0,16,13,4
108.918551,756.0,522.0,0.0,0.0,15,13,4
108.934428,756.0,522.0,0.0,0.0,16,13,4
109.004369,774.0,522.0,0.0,0.0,16,13,4
109.162492,792.0,522.0,0.0,0.0,16,13,4
109.294924,810.0,522.0,0.0,0.0,16,13,4
109.343709,810.0,522.0,0.0,0.0,16,14,4
109.383191,810.0,522.0,0.0,0.0,16,15,4
109.409275,810.0,522.0,0.0,0.0,16,16,4
111.333323,810.0,540.0,0.0,0.0,16,15,4
111.344846,810.0,540.0,0.0,0.0,15,15,4
111.360321,810.0,540.0,0.0,0.0,16,15,4
111.438159,810.0,558.0,0.0,0.0,16,14,4
111.450916,810.0,558.0,0.0,0.0,15,14,4
111.472449,810.0,558.0,0.0,0.0,16,14,4
111.581072,810.0,576.0,0.0,0.0,16,13,4
111.597067,810.0,576.0,0.0,0.0,15,13,4
111.618949,810.0,576.0,0.0,0.0,16,13,4
111.769866,828.0,576.0,0.0,0.0,16,13,4
111.884544,828.0,576.0,0.0,0.0,16,14,4
111.902854,828.0,594.0,0.0,0.0,16,13,4
111.914581,828.0,594.0,0.0,0.0,15,13,4
111.929927,828.0,594.0,0.0,0.0,16,13,4
112.054,828.0,612.0,0.0,0.0,16,12,4
112.063944,828.0,612.0,0.0,0.0,15,12,4
112.07692,828.0,612.0,0.0,0.0,16,12,4
112.309505,846.0,612.0,0.0,0.0,16,12,4
112.391567,846.0,612.0,0.0,0.0,16,13,4
112.495745,864.0,612.0,0.0,0.0,16,13,4
112.608855,882.0,612.0,0.0,0.0,16,13,4
112.663235,882.0,612.0,0.0,0.0,16,14,4
112.761323,882.0,612.0,0.0,0.0,16,14,4
112.808783,882.0,612.0,0.0,0.0,16,15,4
113.023603,882.0,630.0,0.0,0.0,16,14,4
113.038102,882.0,630.0,0.0,0.0,15,14,4
113.055111,882.0,630.0,0.0,0.0,16,14,4
113.331047,882.0,648.0,0.0,0.0,16,13,4
113.34201,882.0,648.0,0.0,0.0,15,13,4
113.354849,882.0,648.0,0.0,0.0,16,13,4
113.418212,900.0,648.0,0.0,0.0,16,13,4
113.568805,900.0,648.0,0.0,0.0,16,14,4
113.62772,918.0,648.0,0.0,0.0,16,14,4
113.738089,918.0,648.0,0.0,0.0,16,14,4
113.801309,918.0,162.0,486.0,0.0,16,14,4
113.922984,918.0,162.0,486.0,0.0,16,15,4
114.563319,918.0,180.0,486.0,0.0,16,14,4
114.57383,918.0,180.0,486.0,0.0,15,14,4
114.58857,918.0,180.0,486.0,0.0,16,14,4
114.660983,918.0,180.0,0.0,486.0,16,14,4
114.786077,936.0,180.0,0.0,486.0,16,14,4
114.894592,954.0,180.0,0.0,486.0,16,14,4
114.934471,954.0,198.0,0.0,486.0,16,13,4
114.950747,954.0,198.0,0.0,486.0,15,13,4
114.968348,954.0,198.0,0.0,486.0,16,13,4
115.064993,954.0,198.0,0.0,486.0,16,14,4
115.199805,972.0,198.0,0.0,486.0,16,14,4
115.321833,972.0,198.0,0.0,486.0,16,15,4
115.365471,972.0,198.0,0.0,486.0,16,16,4
115.401619,972.0,198.0,0.0,486.0,16,16,4
115.504739,954.0,198.0,0.0,468.0,16,16,4
115.535539,936.0,198.0,0.0,450.0,16,16,4
115.561993,918.0,198.0,0.0,432.0,16,16,4
115.585074,900.0,198.0,0.0,414.0,16,16,4
115.610262,882.0,198.0,0.0,396.0,16,16,4
115.633719,864.0,198.0,0.0,378.0,16,16,4
115.662645,846.0,198.0,0.0,360.0,16,16,4
115.684545,828.0,198.0,0.0,342.0,16,16,4
115.70547,810.0,198.0,0.0,324.0,16,16,4
115.727741,792.0,198.0,0.0,306.0,16,16,4
115.750663,774.0,198.0,0.0,288.0,16,16,4
115.773653,756.0,198.0,0.0,270.0,16,16,4
115.794427,738.0,198.0,0.0,252.0,16,16,4
115.816548,720.0,198.0,0.0,234.0,16,16,4
115.83922,702.0,198.0,0.0,216.0,16,16,4
115.860372,684.0,198.0,0.0,198.0,16,16,4
115.881322,666.0,198.0,0.0,180.0,16,16,4
115.903799,648.0,198.0,0.0,162.0,16,16,4
115.923711,630.0,198.0,0.0,144.0,16,16,4
115.943589,612.0,198.0,0.0,126.0,16,16,4
115.963888,594.0,198.0,0.0,108.0,16,16,4
115.984022,576.0,198.0,0.0,90.0,16,16,4
116.003735,558.0,198.0,0.0,72.0,16,16,4
116.023509,540.0,198.0,0.0,54.0,16,16,4
116.045642,522.0,198.0,0.0,36.0,16,16,4
116.074442,504.0,198.0,0.0,18.0,16,16,4
116.098753,486.0,198.0,0.0,0.0,16,16,4
116.109201,486.0,198.0,0.0,0.0,16,16,3
116.142067,486.0,198.0,0.0,0.0,16,16,4
116.181114,486.0,198.0,0.0,0.0,16,16,4
116.236109,486.0,216.0,0.0,0.0,16,15,4
116.25355,486.0,216.0,0.0,0.0,15,15,4
116.273788,486.0,216.0,0.0,0.0,16,15,4
116.547652,504.0,216.0,0.0,0.0,16,15,4
116.580665,504.0,216.0,0.0,0.0,16,16,4
117.184295,504.0,234.0,0.0,0.0,16,15,4
117.196277,504.0,234.0,0.0,0.0,15,15,4
117.212621,504.0,234.0,0.0,0.0,16,15,4
117.468834,522.0,234.0,0.0,0.0,16,15,4
117.648995,522.0,234.0,0.0,0.0,16,16,4
118.29195,522.0,252.0,0.0,0.0,16,15,4
118.301341,522.0,252.0,0.0,0.0,15,15,4
118.315385,522.0,252.0,0.0,0.0,16,15,4
118.564588,540.0,252.0,0.0,0.0,16,15,4
118.591963,540.0,252.0,0.0,0.0,16,16,4
119.306053,540.0,270.0,0.0,0.0,16,15,4
119.319452,540.0,270.0,0.0,0.0,15,15,4
119.338726,540.0,270.0,0.0,0.0,16,15,4
119.419609,540.0,288.0,0.0,0.0,16,14,4
119.436567,540.0,288.0,0.0,0.0,15,14,4
119.461642,540.0,288.0,0.0,0.0,16,14,4
119.738868,540.0,306.0,0.0,0.0,16,13,4
119.752709,540.0,306.0,0.0,0.0,15,13,4
119.77082,540.0,306.0,0.0,0.0,16,13,4
119.947152,558.0,306.0,0.0,0.0,16,13,4
120.137897,576.0,306.0,0.0,0.0,16,13,4
120.284067,576.0,324.0,0.0,0.0,16,12,4
120.304914,576.0,324.0,0.0,0.0,15,12,4
120.343306,576.0,324.0,0.0,0.0,16,12,4
120.519928,576.0,324.0,0.0,0.0,16,13,4
120.57287,594.0,324.0,0.0,0.0,16,13,4
120.790236,612.0,324.0,0.0,0.0,16,13,4
120.814772,612.0,342.0,0.0,0.0,16,12,4
120.831797,612.0,342.0,0.0,0.0,15,12,4
120.851316,612.0,342.0,0.0,0.0,16,12,4
121.011076,612.0,342.0,0.0,0.0,16,13,4
121.169542,612.0,342.0,0.0,0.0,16,14,4
121.227733,612.0,360.0,0.0,0.0,16,13,4
121.239893,612.0,360.0,0.0,0.0,15,13,4
121.255892,612.0,360.0,0.0,0.0,16,13,4
121.28654,612.0,378.0,0.0,0.0,16,12,4
121.306933,612.0,378.0,0.0,0.0,15,12,4
121.328689,612.0,378.0,0.0,0.0,16,12,4
121.494806,630.0,378.0,0.0,0.0,16,12,4
121.528954,630.0,378.0,0.0,0.0,16,13,4
121.558581,630.0,378.0,0.0,0.0,16,14,4
122.929496,630.0,396.0,0.0,0.0,16,13,4
122.945151,630.0,396.0,0.0,0.0,15,13,4
122.96319,630.0,396.0,0.0,0.0,16,13,4
122.995329,648.0,396.0,0.0,0.0,16,13,4
123.037555,648.0,396.0,0.0,0.0,16,14,4
123.362179,648.0,414.0,0.0,0.0,16,13,4
123.376941,648.0,414.0,0.0,0.0,15,13,4
123.405811,648.0,414.0,0.0,0.0,16,13,4
123.439595,666.0,414.0,0.0,0.0,16,13,4
123.58385,666.0,432.0,0.0,0.0,16,12,4
123.595016,666.0,432.0,0.0,0.0,15,12,4
123.60938,666.0,432.0,0.0,0.0,16,12,4
123.643957,684.0,432.0,0.0,0.0,16,12,4
123.89929,702.0,432.0,0.0,0.0,16,12,4
124.068717,720.0,432.0,0.0,0.0,16,12,4
124.096548,720.0,432.0,0.0,0.0,16,13,4
124.120133,720.0,450.0,0.0,0.0,16,12,4
124.132408,720.0,450.0,0.0,0.0,15,12,4
124.150201,720.0,450.0,0.0,0.0,16,12,4
124.177022,720.0,450.0,0.0,0.0,16,13,4
124.214953,720.0,450.0,0.0,0.0,16,14,4
124.233012,720.0,450.0,0.0,0.0,16,15,4
124.352245,738.0,450.0,0.0,0.0,16,15,4
124.385846,738.0,450.0,0.0,0.0,16,16,4
125.666328,738.0,468.0,0.0,0.0,16,15,4
125.68199,738.0,468.0,0.0,0.0,15,15,4
125.699507,738.0,468.0,0.0,0.0,16,15,4
126.150003,738.0,486.0,0.0,0.0,16,14,4
126.165496,738.0,486.0,0.0,0.0,15,14,4
126.183639,738.0,486.0,0.0,0.0,16,14,4
126.438383,756.0,486.0,0.0,0.0,16,14,4
126.470695,756.0,486.0,0.0,0.0,16,15,4
126.975713,756.0,504.0,0.0,0.0,16,14,4
126.99375,756.0,504.0,0.0,0.0,15,14,4
127.013508,756.0,504.0,0.0,0.0,16,14,4
127.193222,774.0,504.0,0.0,0.0,16,14,4
127.35476,792.0,504.0,0.0,0.0,16,14,4
127.431629,792.0,504.0,0.0,0.0,16,15,4
127.481521,792.0,504.0,0.0,0.0,16,16,4
127.595708,792.0,522.0,0.0,0.0,16,15,4
127.614553,792.0,522.0,0.0,0.0,15,15,4
127.633711,792.0,522.0,0.0,0.0,16,15,4
127.72927,792.0,540.0,0.0,0.0,16,14,4
127.739347,792.0,540.0,0.0,0.0,15,14,4
127.752041,792.0,540.0,0.0,0.0,16,14,4
128.027311,810.0,540.0,0.0,0.0,16,14,4
128.154658,828.0,540.0,0.0,0.0,16,14,4
128.208612,828.0,540.0,0.0,0.0,16,15,4
128.230888,828.0,540.0,0.0,0.0,16,16,4
129.366088,828.0,558.0,0.0,0.0,16,15,4
129.381047,828.0,558.0,0.0,0.0,15,15,4
129.404966,828.0,558.0,0.0,0.0,16,15,4
129.649831,846.0,558.0,0.0,0.0,16,15,4
129.682508,846.0,558.0,0.0,0.0,16,16,4
130.831537,846.0,576.0,0.0,0.0,16,15,4
130.848367,846.0,576.0,0.0,0.0,15,15,4
130.866881,846.0,576.0,0.0,0.0,16,15,4
131.001351,846.0,594.0,0.0,0.0,16,14,4
131.018596,846.0,594.0,0.0,0.0,15,14,4
131.036478,846.0,594.0,0.0,0.0,16,14,4
131.2573,846.0,612.0,0.0,0.0,16,13,4
131.272143,846.0,612.0,0.0,0.0,15,13,4
131.294629,846.0,612.0,0.0,0.0,16,13,4
131.329566,864.0,612.0,0.0,0.0,16,13,4
131.463636,882.0,612.0,0.0,0.0,16,13,4
131.630042,900.0,612.0,0.0,0.0,16,13,4
131.772161,900.0,612.0,0.0,0.0,16,14,4
131.787555,900.0,612.0,0.0,0.0,16,15,4
131.800987,900.0,612.0,0.0,0.0,16,16,4
131.817507,900.0,630.0,0.0,0.0,16,15,4
131.83283,900.0,630.0,0.0,0.0,15,15,4
131.851471,900.0,630.0,0.0,0.0,16,15,4
132.16557,918.0,630.0,0.0,0.0,16,15,4
132.211768,918.0,630.0,0.0,0.0,16,16,4
133.39913,918.0,648.0,0.0,0.0,16,15,4
133.416287,918.0,648.0,0.0,0.0,15,15,4
133.434366,918.0,648.0,0.0,0.0,16,15,4
133.52854,918.0,666.0,0.0,0.0,16,14,4
133.547061,918.0,666.0,0.0,0.0,15,14,4
133.584076,918.0,666.0,0.0,0.0,16,14,4
133.733784,936.0,666.0,0.0,0.0,16,14,4
133.908332,936.0,666.0,0.0,0.0,16,15,4
133.994465,936.0,684.0,0.0,0.0,16,14,4
134.011696,936.0,684.0,0.0,0.0,15,14,4
134.033044,936.0,684.0,0.0,0.0,16,14,4
134.183525,936.0,684.0,0.0,0.0,16,14,4
134.411627,954.0,684.0,0.0,0.0,16,14,4
134.539918,954.0,684.0,0.0,0.0,16,15,4
134.617516,954.0,684.0,0.0,0.0,16,15,4
134.674277,954.0,198.0,486.0,0.0,16,15,4
134.760731,954.0,216.0,486.0,0.0,16,14,4
134.775013,954.0,216.0,486.0,0.0,15,14,4
134.793974,954.0,216.0,486.0,0.0,16,14,4
135.212804,972.0,216.0,486.0,0.0,16,14,4
135.25958,972.0,216.0,486.0,0.0,16,15,4
135.896639,990.0,216.0,486.0,0.0,16,15,4
135.989454,990.0,234.0,486.0,0.0,16,14,4
136.005948,990.0,234.0,486.0,0.0,15,14,4
136.026862,990.0,234.0,486.0,0.0,16,14,4
136.082693,990.0,234.0,486.0,0.0,16,15,4
136.411269,990.0,234.0,0.0,486.0,16,15,4
136.473352,990.0,234.0,0.0,486.0,16,15,4
136.572465,972.0,234.0,0.0,468.0,16,15,4
136.603949,954.0,234.0,0.0,450.0,16,15,4
136.633396,936.0,234.0,0.0,432.0,16,15,4
136.659442,918.0,234.0,0.0,414.0,16,15,4
136.684145,900.0,234.0,0.0,396.0,16,15,4
136.707524,882.0,234.0,0.0,378.0,16,15,4
136.739399,864.0,234.0,0.0,360.0,16,15,4
136.764602,846.0,234.0,0.0,342.0,16,15,4
136.788854,828.0,234.0,0.0,324.0,16,15,4
136.811906,810.0,234.0,0.0,306.0,16,15,4
136.833779,792.0,234.0,0.0,288.0,16,15,4
136.858726,774.0,234.0,0.0,270.0,16,15,4
136.881009,756.0,234.0,0.0,252.0,16,15,4
136.90296,738.0,234.0,0.0,234.0,16,15,4
136.92342,720.0,234.0,0.0,216.0,16,15,4
136.944865,702.0,234.0,0.0,198.0,16,15,4
136.966636,684.0,234.0,0.0,180.0,16,15,4
136.99447,666.0,234.0,0.0,162.0,16,15,4
137.016977,648.0,234.0,0.0,144.0,16,15,4
137.036958,630.0,234.0,0.0,126.0,16,15,4
137.057989,612.0,234.0,0.0,108.0,16,15,4
137.084743,612.0,252.0,0.0,108.0,16,14,4
137.103799,612.0,252.0,0.0,108.0,15,14,4
137.127314,612.0,252.0,0.0,108.0,16,14,4
137.165045,594.0,252.0,0.0,90.0,16,14,4
137.195226,576.0,252.0,0.0,72.0,16,14,4
137.221684,558.0,252.0,0.0,54.0,16,14,4
137.2469,540.0,252.0,0.0,36.0,16,14,4
137.271712,522.0,252.0,0.0,18.0,16,14,4
137.284416,522.0,270.0,0.0,18.0,16,13,4
137.294938,522.0,270.0,0.0,18.0,15,13,4
137.313457,522.0,270.0,0.0,18.0,16,13,4
137.364245,504.0,270.0,0.0,0.0,16,13,4
137.377284,504.0,270.0,0.0,0.0,16,13,3
137.393976,504.0,288.0,0.0,0.0,16,12,3
137.407859,504.0,288.0,0.0,0.0,15,12,3
137.424168,504.0,288.0,0.0,0.0,16,12,3
137.472924,504.0,288.0,0.0,0.0,16,12,4
137.62638,504.0,288.0,0.0,0.0,16,12,4
137.637435,504.0,306.0,0.0,0.0,16,11,4
137.650117,504.0,306.0,0.0,0.0,15,11,4
137.66924,504.0,306.0,0.0,0.0,16,11,4
137.733709,522.0,306.0,0.0,0.0,16,11,4
137.806465,522.0,324.0,0.0,0.0,16,10,4
137.820224,522.0,324.0,0.0,0.0,15,10,4
137.837463,522.0,324.0,0.0,0.0,16,10,4
138.008359,522.0,324.0,0.0,0.0,16,11,4
138.088929,522.0,342.0,0.0,0.0,16,10,4
138.104244,522.0,342.0,0.0,0.0,15,10,4
138.12309,522.0,342.0,0.0,0.0,16,10,4
138.206255,540.0,342.0,0.0,0.0,16,10,4
138.447827,540.0,360.0,0.0,0.0,16,9,4
138.464694,540.0,360.0,0.0,0.0,15,9,4
138.487527,540.0,360.0,0.0,0.0,16,9,4
138.540946,540.0,378.0,0.0,0.0,16,8,4
138.56006,540.0,378.0,0.0,0.0,15,8,4
138.582379,540.0,378.0,0.0,0.0,16,8,4
138.700006,558.0,378.0,0.0,0.0,16,8,4
138.825196,576.0,378.0,0.0,0.0,16,8,4
139.215023,576.0,378.0,0.0,0.0,16,9,4
139.239815,576.0,378.0,0.0,0.0,16,10,4
139.290734,594.0,378.0,0.0,0.0,16,10,4
139.450179,612.0,378.0,0.0,0.0,16,10,4
139.480179,612.0,378.0,0.0,0.0,16,11,4
139.633602,612.0,378.0,0.0,0.0,16,12,4
139.677362,630.0,378.0,0.0,0.0,16,12,4
139.761982,630.0,378.0,0.0,0.0,16,13,4
139.786415,630.0,378.0,0.0,0.0,16,14,4
140.001728,630.0,396.0,0.0,0.0,16,13,4
140.018744,630.0,396.0,0.0,0.0,15,13,4
140.041212,630.0,396.0,0.0,0.0,16,13,4
140.449627,648.0,396.0,0.0,0.0,16,13,4
140.470553,648.0,414.0,0.0,0.0,16,12,4
140.482094,648.0,414.0,0.0,0.0,15,12,4
140.498431,648.0,414.0,0.0,0.0,16,12,4
140.661899,666.0,414.0,0.0,0.0,16,12,4
140.939008,666.0,414.0,0.0,0.0,16,13,4
140.998014,684.0,414.0,0.0,0.0,16,13,4
141.198806,702.0,414.0,0.0,0.0,16,13,4
141.255508,702.0,432.0,0.0,0.0,16,12,4
141.272742,702.0,432.0,0.0,0.0,15,12,4
141.294668,702.0,432.0,0.0,0.0,16,12,4
141.354588,702.0,432.0,0.0,0.0,16,13,4
141.55979,702.0,450.0,0.0,0.0,16,12,4
141.572113,702.0,450.0,0.0,0.0,15,12,4
141.588613,702.0,450.0,0.0,0.0,16,12,4
142.028205,720.0,450.0,0.0,0.0,16,12,4
142.066781,720.0,468.0,0.0,0.0,16,11,4
142.077385,720.0,468.0,0.0,0.0,15,11,4
142.104927,720.0,468.0,0.0,0.0,16,11,4
142.30684,720.0,468.0,0.0,0.0,16,12,4
142.612678,720.0,486.0,0.0,0.0,16,11,4
142.635264,720.0,486.0,0.0,0.0,15,11,4
142.666887,720.0,486.0,0.0,0.0,16,11,4
142.718829,720.0,486.0,0.0,0.0,16,12,4
142.837594,720.0,486.0,0.0,0.0,16,13,4
142.914613,720.0,504.0,0.0,0.0,16,12,4
142.926021,720.0,504.0,0.0,0.0,15,12,4
142.948997,720.0,504.0,0.0,0.0,16,12,4
143.072015,738.0,504.0,0.0,0.0,16,12,4
143.23678,756.0,504.0,0.0,0.0,16,12,4
143.508405,774.0,504.0,0.0,0.0,16,12,4
143.834284,774.0,504.0,0.0,0.0,16,13,4
143.853459,774.0,504.0,0.0,0.0,16,14,4
143.895229,774.0,504.0,0.0,0.0,16,15,4
144.247936,774.0,504.0,0.0,0.0,16,15,4
144.375983,792.0,504.0,0.0,0.0,16,15,4
144.442753,792.0,522.0,0.0,0.0,16,14,4
144.454638,792.0,522.0,0.0,0.0,15,14,4
144.469791,792.0,522.0,0.0,0.0,16,14,4
145.873994,792.0,540.0,0.0,0.0,16,13,4
145.885368,792.0,540.0,0.0,0.0,15,13,4
145.902698,792.0,540.0,0.0,0.0,16,13,4
145.94258,792.0,558.0,0.0,0.0,16,12,4
145.95754,792.0,558.0,0.0,0.0,15,12,4
145.978978,792.0,558.0,0.0,0.0,16,12,4
146.019155,792.0,576.0,0.0,0.0,16,11,4
146.036775,792.0,576.0,0.0,0.0,15,11,4
146.06014,792.0,576.0,0.0,0.0,16,11,4
146.100821,792.0,576.0,0.0,0.0,16,12,4
146.224854,810.0,576.0,0.0,0.0,16,12,4
146.472639,828.0,576.0,0.0,0.0,16,12,4
146.697787,828.0,576.0,0.0,0.0,16,13,4
146.860477,828.0,576.0,0.0,0.0,16,14,4
146.878649,828.0,594.0,0.0,0.0,16,13,4
146.894099,828.0,594.0,0.0,0.0,15,13,4
146.916245,828.0,594.0,0.0,0.0,16,13,4
147.019675,828.0,594.0,0.0,0.0,16,13,4
147.048753,846.0,594.0,0.0,0.0,16,13,4
147.131207,846.0,594.0,0.0,0.0,16,14,4
147.306414,846.0,108.0,486.0,0.0,16,14,4
147.55387,864.0,108.0,486.0,0.0,16,14,4
147.629584,864.0,108.0,486.0,0.0,16,15,4
148.002182,864.0,126.0,486.0,0.0,16,14,4
148.01479,864.0,126.0,486.0,0.0,15,14,4
148.035416,864.0,126.0,486.0,0.0,16,14,4
148.063222,864.0,144.0,486.0,0.0,16,13,4
148.075253,864.0,144.0,486.0,0.0,15,13,4
148.089572,864.0,144.0,486.0,0.0,16,13,4
148.24401,882.0,144.0,486.0,0.0,16,13,4
148.435803,900.0,144.0,486.0,0.0,16,13,4
148.574264,918.0,144.0,486.0,0.0,16,13,4
148.618056,918.0,162.0,486.0,0.0,16,12,4
148.637821,918.0,162.0,486.0,0.0,15,12,4
148.660361,918.0,162.0,486.0,0.0,16,12,4
148.819897,918.0,162.0,486.0,0.0,16,13,4
149.004886,918.0,162.0,486.0,0.0,16,14,4
149.126631,936.0,162.0,486.0,0.0,16,14,4
149.166207,936.0,162.0,486.0,0.0,16,15,4
149.264844,936.0,162.0,486.0,0.0,16,16,4
149.596975,936.0,180.0,486.0,0.0,16,15,4
149.607541,936.0,180.0,486.0,0.0,15,15,4
149.623771,936.0,180.0,486.0,0.0,16,15,4
149.683191,936.0,198.0,486.0,0.0,16,14,4
149.696394,936.0,198.0,486.0,0.0,15,14,4
149.713789,936.0,198.0,486.0,0.0,16,14,4
149.770387,936.0,198.0,0.0,486.0,16,14,4
149.901771,954.0,198.0,0.0,486.0,16,14,4
150.037928,972.0,198.0,0.0,486.0,16,14,4
150.094177,972.0,198.0,0.0,486.0,16,15,4
150.137102,972.0,198.0,0.0,486.0,16,16,4
150.188096,972.0,198.0,0.0,486.0,16,16,4
150.284352,954.0,198.0,0.0,468.0,16,16,4
150.321714,936.0,198.0,0.0,450.0,16,16,4
150.363723,918.0,198.0,0.0,432.0,16,16,4
150.397208,900.0,198.0,0.0,414.0,16,16,4
150.4267,882.0,198.0,0.0,396.0,16,16,4
150.453808,864.0,198.0,0.0,378.0,16,16,4
150.479527,846.0,198.0,0.0,360.0,16,16,4
150.508312,828.0,198.0,0.0,342.0,16,16,4
150.540297,810.0,198.0,0.0,324.0,16,16,4
150.5666,792.0,198.0,0.0,306.0,16,16,4
150.592262,774.0,198.0,0.0,288.0,16,16,4
150.617687,756.0,198.0,0.0,270.0,16,16,4
150.642427,738.0,198.0,0.0,252.0,16,16,4
150.66422,720.0,198.0,0.0,234.0,16,16,4
150.687419,702.0,198.0,0.0,216.0,16,16,4
150.710512,684.0,198.0,0.0,198.0,16,16,4
150.733326,666.0,198.0,0.0,180.0,16,16,4
150.757197,648.0,198.0,0.0,162.0,16,16,4
150.781226,630.0,198.0,0.0,144.0,16,16,4
150.80811,612.0,198.0,0.0,126.0,16,16,4
150.832073,594.0,198.0,0.0,108.0,16,16,4
150.854896,576.0,198.0,0.0,90.0,16,16,4
150.882365,558.0,198.0,0.0,72.0,16,16,4
150.907069,540.0,198.0,0.0,54.0,16,16,4
150.930128,522.0,198.0,0.0,36.0,16,16,4
150.955995,504.0,198.0,0.0,18.0,16,16,4
150.98045,486.0,198.0,0.0,0.0,16,16,4
150.992471,486.0,198.0,0.0,0.0,16,16,3
151.031419,486.0,198.0,0.0,0.0,16,16,4
151.049895,486.0,216.0,0.0,0.0,16,15,4
151.060291,486.0,216.0,0.0,0.0,15,15,4
151.075805,486.0,216.0,0.0,0.0,16,15,4
151.130569,486.0,216.0,0.0,0.0,16,15,4
153.123874,504.0,216.0,0.0,0.0,16,15,4
153.144639,504.0,234.0,0.0,0.0,16,14,4
153.164369,504.0,234.0,0.0,0.0,15,14,4
153.18187,504.0,234.0,0.0,0.0,16,14,4
153.242561,504.0,234.0,0.0,0.0,16,15,4
153.262495,504.0,252.0,0.0,0.0,16,14,4
153.281431,504.0,252.0,0.0,0.0,15,14,4
153.301582,504.0,252.0,0.0,0.0,16,14,4
153.383637,504.0,270.0,0.0,0.0,16,13,4
153.398426,504.0,270.0,0.0,0.0,15,13,4
153.416175,504.0,270.0,0.0,0.0,16,13,4
153.646327,522.0,270.0,0.0,0.0,16,13,4
153.679701,522.0,270.0,0.0,0.0,16,14,4
154.344411,522.0,288.0,0.0,0.0,16,13,4
154.359085,522.0,288.0,0.0,0.0,15,13,4
154.378199,522.0,288.0,0.0,0.0,16,13,4
154.643022,540.0,288.0,0.0,0.0,16,13,4
154.676947,540.0,288.0,0.0,0.0,16,14,4
155.120833,558.0,288.0,0.0,0.0,16,14,4
155.154456,558.0,288.0,0.0,0.0,16,15,4
156.421356,558.0,306.0,0.0,0.0,16,14,4
156.431629,558.0,306.0,0.0,0.0,15,14,4
156.449042,558.0,306.0,0.0,0.0,16,14,4
156.707446,576.0,306.0,0.0,0.0,16,14,4
156.73521,576.0,306.0,0.0,0.0,16,15,4
156.753721,576.0,324.0,0.0,0.0,16,14,4
156.766863,576.0,324.0,0.0,0.0,15,14,4
156.785722,576.0,324.0,0.0,0.0,16,14,4
157.112627,594.0,324.0,0.0,0.0,16,14,4
157.259119,612.0,324.0,0.0,0.0,16,14,4
157.285738,612.0,342.0,0.0,0.0,16,13,4
157.303119,612.0,342.0,0.0,0.0,15,13,4
157.326182,612.0,342.0,0.0,0.0,16,13,4
157.821605,612.0,360.0,0.0,0.0,16,12,4
157.836112,612.0,360.0,0.0,0.0,15,12,4
157.857847,612.0,360.0,0.0,0.0,16,12,4
158.226857,630.0,360.0,0.0,0.0,16,12,4
158.251559,630.0,378.0,0.0,0.0,16,11,4
158.275567,630.0,378.0,0.0,0.0,15,11,4
158.301564,630.0,378.0,0.0,0.0,16,11,4
158.504884,648.0,378.0,0.0,0.0,16,11,4
158.544562,648.0,396.0,0.0,0.0,16,10,4
158.557433,648.0,396.0,0.0,0.0,15,10,4
158.577101,648.0,396.0,0.0,0.0,16,10,4
158.61078,648.0,414.0,0.0,0.0,16,9,4
158.626911,648.0,414.0,0.0,0.0,15,9,4
158.644143,648.0,414.0,0.0,0.0,16,9,4
158.877165,648.0,432.0,0.0,0.0,16,8,4
158.89241,648.0,432.0,0.0,0.0,15,8,4
158.913212,648.0,432.0,0.0,0.0,16,8,4
158.945232,648.0,450.0,0.0,0.0,16,7,4
158.963964,648.0,450.0,0.0,0.0,15,7,4
158.987443,648.0,450.0,0.0,0.0,16,7,4
159.171044,648.0,450.0,0.0,0.0,16,8,4
159.195433,666.0,450.0,0.0,0.0,16,8,4
159.336441,666.0,450.0,0.0,0.0,16,9,4
159.397477,666.0,468.0,0.0,0.0,16,8,4
159.414137,666.0,468.0,0.0,0.0,15,8,4
159.437884,666.0,468.0,0.0,0.0,16,8,4
159.475413,666.0,468.0,0.0,0.0,16,9,4
159.64709,684.0,468.0,0.0,0.0,16,9,4
159.889232,684.0,468.0,0.0,0.0,16,10,4
159.914348,702.0,468.0,0.0,0.0,16,10,4
160.173767,720.0,468.0,0.0,0.0,16,10,4
160.370402,720.0,468.0,0.0,0.0,16,11,4
160.415071,738.0,468.0,0.0,0.0,16,11,4
160.448372,738.0,468.0,0.0,0.0,16,12,4
160.668201,738.0,468.0,0.0,0.0,16,13,4
160.708607,738.0,468.0,0.0,0.0,16,14,4
160.725267,738.0,468.0,0.0,0.0,16,15,4
160.745087,756.0,468.0,0.0,0.0,16,15,4
160.781865,756.0,468.0,0.0,0.0,16,16,4
161.679523,756.0,486.0,0.0,0.0,16,15,4
161.693802,756.0,486.0,0.0,0.0,15,15,4
161.709367,756.0,486.0,0.0,0.0,16,15,4
161.903913,774.0,486.0,0.0,0.0,16,15,4
161.975284,774.0,486.0,0.0,0.0,16,16,4
162.259536,774.0,504.0,0.0,0.0,16,15,4
162.273009,774.0,504.0,0.0,0.0,15,15,4
162.289015,774.0,504.0,0.0,0.0,16,15,4
162.577168,792.0,504.0,0.0,0.0,16,15,4
162.608279,792.0,504.0,0.0,0.0,16,16,4
164.492269,792.0,522.0,0.0,0.0,16,15,4
164.507554,792.0,522.0,0.0,0.0,15,15,4
164.524037,792.0,522.0,0.0,0.0,16,15,4
164.549913,792.0,540.0,0.0,0.0,16,14,4
164.561551,792.0,540.0,0.0,0.0,15,14,4
164.57627,792.0,540.0,0.0,0.0,16,14,4
164.760506,810.0,540.0,0.0,0.0,16,14,4
164.867543,828.0,540.0,0.0,0.0,16,14,4
164.947415,828.0,540.0,0.0,0.0,16,15,4
164.970646,828.0,540.0,0.0,0.0,16,16,4
165.363831,828.0,558.0,0.0,0.0,16,15,4
165.374593,828.0,558.0,0.0,0.0,15,15,4
165.393541,828.0,558.0,0.0,0.0,16,15,4
165.609648,846.0,558.0,0.0,0.0,16,15,4
165.639735,846.0,558.0,0.0,0.0,16,16,4
165.698704,846.0,576.0,0.0,0.0,16,15,4
165.713442,846.0,576.0,0.0,0.0,15,15,4
165.731612,846.0,576.0,0.0,0.0,16,15,4
168.123659,846.0,594.0,0.0,0.0,16,14,4
168.137858,846.0,594.0,0.0,0.0,15,14,4
168.160404,846.0,594.0,0.0,0.0,16,14,4
168.576891,864.0,594.0,0.0,0.0,16,14,4
168.598135,864.0,612.0,0.0,0.0,16,13,4
168.608665,864.0,612.0,0.0,0.0,15,13,4
168.623875,864.0,612.0,0.0,0.0,16,13,4
168.656051,864.0,612.0,0.0,0.0,16,14,4
168.834456,882.0,612.0,0.0,0.0,16,14,4
168.859039,882.0,612.0,0.0,0.0,16,15,4
168.878785,882.0,630.0,0.0,0.0,16,14,4
168.899783,882.0,630.0,0.0,0.0,15,14,4
168.921011,882.0,630.0,0.0,0.0,16,14,4
169.244872,900.0,630.0,0.0,0.0,16,14,4
169.28327,900.0,630.0,0.0,0.0,16,15,4
170.099517,918.0,630.0,0.0,0.0,16,15,4
170.14104,918.0,648.0,0.0,0.0,16,14,4
170.160377,918.0,648.0,0.0,0.0,15,14,4
170.177296,918.0,648.0,0.0,0.0,16,14,4
170.215858,918.0,648.0,0.0,0.0,16,15,4
170.238252,918.0,666.0,0.0,0.0,16,14,4
170.249372,918.0,666.0,0.0,0.0,15,14,4
170.266631,918.0,666.0,0.0,0.0,16,14,4
170.534888,936.0,666.0,0.0,0.0,16,14,4
170.561353,936.0,666.0,0.0,0.0,16,15,4
171.356993,936.0,684.0,0.0,0.0,16,14,4
171.371794,936.0,684.0,0.0,0.0,15,14,4
171.394904,936.0,684.0,0.0,0.0,16,14,4
171.430833,936.0,702.0,0.0,0.0,16,13,4
171.441901,936.0,702.0,0.0,0.0,15,13,4
171.45566,936.0,702.0,0.0,0.0,16,13,4
171.522902,936.0,720.0,0.0,0.0,16,12,4
171.538335,936.0,720.0,0.0,0.0,15,12,4
171.557019,936.0,720.0,0.0,0.0,16,12,4
171.782251,954.0,720.0,0.0,0.0,16,12,4
171.889314,972.0,720.0,0.0,0.0,16,12,4
171.914553,972.0,738.0,0.0,0.0,16,11,4
171.928847,972.0,738.0,0.0,0.0,15,11,4
171.95307,972.0,738.0,0.0,0.0,16,11,4
172.026231,972.0,756.0,0.0,0.0,16,10,4
172.041025,972.0,756.0,0.0,0.0,15,10,4
172.058189,972.0,756.0,0.0,0.0,16,10,4
172.228068,990.0,756.0,0.0,0.0,16,10,4
172.42973,990.0,756.0,0.0,0.0,16,11,4
172.514437,990.0,756.0,0.0,0.0,16,12,4
172.534815,1008.0,756.0,0.0,0.0,16,12,4
172.794089,1008.0,756.0,0.0,0.0,16,13,4
172.868861,1008.0,756.0,0.0,0.0,16,14,4
173.193333,1008.0,756.0,0.0,0.0,16,14,4
173.273433,1008.0,774.0,0.0,0.0,16,13,4
173.289831,1008.0,774.0,0.0,0.0,15,13,4
173.312518,1008.0,774.0,0.0,0.0,16,13,4
173.592095,1008.0,792.0,0.0,0.0,16,12,4
173.606172,1008.0,792.0,0.0,0.0,15,12,4
173.625738,1008.0,792.0,0.0,0.0,16,12,4
173.656817,1026.0,792.0,0.0,0.0,16,12,4
173.677922,1026.0,810.0,0.0,0.0,16,11,4
173.69309,1026.0,810.0,0.0,0.0,15,11,4
173.708617,1026.0,810.0,0.0,0.0,16,11,4
174.017251,1026.0,810.0,0.0,0.0,16,12,4
174.098563,1044.0,810.0,0.0,0.0,16,12,4
174.271495,1062.0,810.0,0.0,0.0,16,12,4
174.387624,1062.0,810.0,0.0,0.0,16,12,4
174.502492,1062.0,810.0,0.0,0.0,16,13,4
174.517044,1062.0,810.0,0.0,0.0,16,14,4
174.575155,1062.0,324.0,486.0,0.0,16,14,4
175.061058,1062.0,342.0,486.0,0.0,16,13,4
175.075891,1062.0,342.0,486.0,0.0,15,13,4
175.094043,1062.0,342.0,486.0,0.0,16,13,4
175.167631,1080.0,342.0,486.0,0.0,16,13,4
175.21251,1080.0,360.0,486.0,0.0,16,12,4
175.22524,1080.0,360.0,486.0,0.0,15,12,4
175.239114,1080.0,360.0,486.0,0.0,16,12,4
175.388649,1080.0,360.0,486.0,0.0,16,13,4
175.444401,1098.0,360.0,486.0,0.0,16,13,4
175.566975,1116.0,360.0,486.0,0.0,16,13,4
175.745651,1134.0,360.0,486.0,0.0,16,13,4
175.830907,1134.0,378.0,486.0,0.0,16,12,4
175.848445,1134.0,378.0,486.0,0.0,15,12,4
175.867117,1134.0,378.0,486.0,0.0,16,12,4
175.897356,1134.0,396.0,486.0,0.0,16,11,4
175.913042,1134.0,396.0,486.0,0.0,15,11,4
175.929753,1134.0,396.0,486.0,0.0,16,11,4
176.225528,1152.0,396.0,486.0,0.0,16,11,4
176.2924,1152.0,396.0,486.0,0.0,16,12,4
176.363086,1152.0,414.0,486.0,0.0,16,11,4
176.378607,1152.0,414.0,486.0,0.0,15,11,4
176.394623,1152.0,414.0,486.0,0.0,16,11,4
176.536772,1152.0,414.0,486.0,0.0,16,12,4
176.675716,1170.0,414.0,486.0,0.0,16,12,4
176.806762,1170.0,432.0,486.0,0.0,16,11,4
176.82138,1170.0,432.0,486.0,0.0,15,11,4
176.839189,1170.0,432.0,486.0,0.0,16,11,4
176.929407,1170.0,432.0,486.0,0.0,16,12,4
177.083527,1188.0,432.0,486.0,0.0,16,12,4
177.208786,1188.0,432.0,486.0,0.0,16,13,4
177.232479,1188.0,432.0,486.0,0.0,16,14,4
177.332471,1188.0,432.0,486.0,0.0,16,15,4
177.633567,1188.0,432.0,0.0,486.0,16,15,4
177.699778,1188.0,432.0,0.0,486.0,16,15,4
177.795592,1170.0,432.0,0.0,468.0,16,15,4
177.829054,1152.0,432.0,0.0,450.0,16,15,4
177.857252,1134.0,432.0,0.0,432.0,16,15,4
177.887234,1116.0,432.0,0.0,414.0,16,15,4
177.915432,1098.0,432.0,0.0,396.0,16,15,4
177.943107,1080.0,432.0,0.0,378.0,16,15,4
177.974496,1062.0,432.0,0.0,360.0,16,15,4
177.999673,1044.0,432.0,0.0,342.0,16,15,4
178.023491,1026.0,432.0,0.0,324.0,16,15,4
178.053165,1008.0,432.0,0.0,306.0,16,15,4
178.086175,990.0,432.0,0.0,288.0,16,15,4
178.115629,972.0,432.0,0.0,270.0,16,15,4
178.362238,972.0,450.0,0.0,270.0,16,14,4
178.380855,972.0,450.0,0.0,270.0,15,14,4
178.403968,972.0,450.0,0.0,270.0,16,14,4
178.464042,972.0,468.0,0.0,270.0,16,13,4
178.482601,972.0,468.0,0.0,270.0,15,13,4
178.498565,972.0,468.0,0.0,270.0,16,13,4
178.612031,990.0,468.0,0.0,270.0,16,13,4
178.691909,990.0,486.0,0.0,270.0,16,12,4
178.706073,990.0,486.0,0.0,270.0,15,12,4
178.723587,990.0,486.0,0.0,270.0,16,12,4
178.886447,972.0,486.0,0.0,252.0,16,12,4
179.043935,990.0,486.0,0.0,252.0,16,12,4
179.178017,1008.0,486.0,0.0,252.0,16,12,4
179.27863,1008.0,504.0,0.0,252.0,16,11,4
179.291596,1008.0,504.0,0.0,252.0,15,11,4
179.307792,1008.0,504.0,0.0,252.0,16,11,4
179.391301,990.0,504.0,0.0,234.0,16,11,4
179.421428,990.0,504.0,0.0,234.0,16,12,4
179.574519,990.0,504.0,0.0,234.0,16,13,4
179.604226,1008.0,504.0,0.0,234.0,16,13,4
179.730245,1008.0,504.0,0.0,234.0,16,14,4
179.749275,990.0,504.0,0.0,216.0,16,14,4
179.790297,972.0,504.0,0.0,198.0,16,14,4
179.847692,954.0,504.0,0.0,180.0,16,14,4
179.881846,936.0,504.0,0.0,162.0,16,14,4
179.913561,918.0,504.0,0.0,144.0,16,14,4
179.931398,918.0,504.0,0.0,144.0,16,15,4
179.980339,900.0,504.0,0.0,126.0,16,15,4
180.008354,882.0,504.0,0.0,108.0,16,15,4
180.03444,864.0,504.0,0.0,90.0,16,15,4
180.058948,846.0,504.0,0.0,72.0,16,15,4
180.087217,828.0,504.0,0.0,54.0,16,15,4
180.110157,810.0,504.0,0.0,36.0,16,15,4
180.132429,792.0,504.0,0.0,18.0,16,15,4
180.158896,774.0,504.0,0.0,0.0,16,15,4
180.170596,774.0,504.0,0.0,0.0,16,15,3
180.210955,774.0,504.0,0.0,0.0,16,15,4
180.265581,774.0,504.0,0.0,0.0,16,15,4
180.540719,774.0,522.0,0.0,0.0,16,14,4
180.552484,774.0,522.0,0.0,0.0,15,14,4
180.566511,774.0,522.0,0.0,0.0,16,14,4
180.863353,792.0,522.0,0.0,0.0,16,14,4
180.961669,810.0,522.0,0.0,0.0,16,14,4
180.989932,810.0,540.0,0.0,0.0,16,13,4
181.005173,810.0,540.0,0.0,0.0,15,13,4
181.029063,810.0,540.0,0.0,0.0,16,13,4
181.382188,828.0,540.0,0.0,0.0,16,13,4
181.437771,828.0,540.0,0.0,0.0,16,14,4
181.546723,828.0,558.0,0.0,0.0,16,13,4
181.563465,828.0,558.0,0.0,0.0,15,13,4
181.594976,828.0,558.0,0.0,0.0,16,13,4
181.66245,828.0,558.0,0.0,0.0,16,14,4
181.764926,828.0,558.0,0.0,0.0,16,15,4
182.053193,828.0,576.0,0.0,0.0,16,14,4
182.06943,828.0,576.0,0.0,0.0,15,14,4
182.086913,828.0,576.0,0.0,0.0,16,14,4
182.241071,828.0,576.0,0.0,0.0,16,14,4
182.258603,828.0,594.0,0.0,0.0,16,13,4
182.273539,828.0,594.0,0.0,0.0,15,13,4
182.294704,828.0,594.0,0.0,0.0,16,13,4
182.709811,846.0,594.0,0.0,0.0,16,13,4
183.220576,864.0,594.0,0.0,0.0,16,13,4
183.259064,864.0,594.0,0.0,0.0,16,14,4
183.325961,864.0,612.0,0.0,0.0,16,13,4
183.341961,864.0,612.0,0.0,0.0,15,13,4
183.359911,864.0,612.0,0.0,0.0,16,13,4
183.589415,864.0,612.0,0.0,0.0,16,14,4
183.631905,882.0,612.0,0.0,0.0,16,14,4
183.847612,900.0,612.0,0.0,0.0,16,14,4
183.877524,900.0,630.0,0.0,0.0,16,13,4
183.891887,900.0,630.0,0.0,0.0,15,13,4
183.912118,900.0,630.0,0.0,0.0,16,13,4
184.012043,900.0,630.0,0.0,0.0,16,14,4
184.06198,900.0,630.0,0.0,0.0,16,15,4
184.296615,918.0,630.0,0.0,0.0,16,15,4
184.368346,918.0,630.0,0.0,0.0,16,15,4
184.434239,918.0,144.0,486.0,0.0,16,15,4
184.571847,918.0,144.0,486.0,0.0,16,16,4
184.663951,918.0,162.0,486.0,0.0,16,15,4
184.683916,918.0,162.0,486.0,0.0,15,15,4
184.707648,918.0,162.0,486.0,0.0,16,15,4
185.073608,936.0,162.0,486.0,0.0,16,15,4
185.185482,936.0,162.0,486.0,0.0,16,16,4
185.61968,936.0,180.0,486.0,0.0,16,15,4
185.632751,936.0,180.0,486.0,0.0,15,15,4
185.650478,936.0,180.0,486.0,0.0,16,15,4
185.739677,936.0,198.0,486.0,0.0,16,14,4
185.751822,936.0,198.0,486.0,0.0,15,14,4
185.767527,936.0,198.0,486.0,0.0,16,14,4
185.913932,936.0,198.0,0.0,486.0,16,14,4
185.979973,936.0,198.0,0.0,486.0,16,14,4
186.075127,918.0,198.0,0.0,468.0,16,14,4
186.106486,900.0,198.0,0.0,450.0,16,14,4
186.132198,882.0,198.0,0.0,432.0,16,14,4
186.168585,864.0,198.0,0.0,414.0,16,14,4
186.289223,882.0,198.0,0.0,414.0,16,14,4
186.326054,882.0,198.0,0.0,414.0,16,15,4
186.369332,882.0,216.0,0.0,414.0,16,14,4
186.379814,882.0,216.0,0.0,414.0,15,14,4
186.39449,882.0,216.0,0.0,414.0,16,14,4
186.421562,864.0,216.0,0.0,396.0,16,14,4
186.45552,846.0,216.0,0.0,378.0,16,14,4
186.482915,828.0,216.0,0.0,360.0,16,14,4
186.536368,810.0,216.0,0.0,342.0,16,14,4
186.645884,828.0,216.0,0.0,342.0,16,14,4
186.744566,810.0,216.0,0.0,324.0,16,14,4
186.906119,810.0,234.0,0.0,324.0,16,13,4
186.919415,810.0,234.0,0.0,324.0,15,13,4
186.94424,810.0,234.0,0.0,324.0,16,13,4
187.462497,828.0,234.0,0.0,324.0,16,13,4
187.551563,828.0,252.0,0.0,324.0,16,12,4
187.56802,828.0,252.0,0.0,324.0,15,12,4
187.592059,828.0,252.0,0.0,324.0,16,12,4
187.705492,828.0,252.0,0.0,324.0,16,13,4
187.769154,828.0,252.0,0.0,324.0,16,14,4
187.998769,810.0,252.0,0.0,306.0,16,14,4
188.031677,792.0,252.0,0.0,288.0,16,14,4
188.056415,774.0,252.0,0.0,270.0,16,14,4
188.081025,756.0,252.0,0.0,252.0,16,14,4
188.105207,738.0,252.0,0.0,234.0,16,14,4
188.129773,720.0,252.0,0.0,216.0,16,14,4
188.156943,702.0,252.0,0.0,198.0,16,14,4
188.180468,684.0,252.0,0.0,180.0,16,14,4
188.202858,666.0,252.0,0.0,162.0,16,14,4
188.224583,648.0,252.0,0.0,144.0,16,14,4
188.245698,630.0,252.0,0.0,126.0,16,14,4
188.266791,612.0,252.0,0.0,108.0,16,14,4
188.290109,594.0,252.0,0.0,90.0,16,14,4
188.315062,576.0,252.0,0.0,72.0,16,14,4
188.339593,558.0,252.0,0.0,54.0,16,14,4
188.365051,540.0,252.0,0.0,36.0,16,14,4
188.386743,522.0,252.0,0.0,18.0,16,14,4
188.409794,504.0,252.0,0.0,0.0,16,14,4
188.42304,504.0,252.0,0.0,0.0,16,14,3
188.461391,504.0,252.0,0.0,0.0,16,14,4
188.493293,504.0,252.0,0.0,0.0,16,14,4
189.774648,504.0,270.0,0.0,0.0,16,13,4
189.787901,504.0,270.0,0.0,0.0,15,13,4
189.808006,504.0,270.0,0.0,0.0,16,13,4
189.833445,504.0,288.0,0.0,0.0,16,12,4
189.846366,504.0,288.0,0.0,0.0,15,12,4
189.861693,504.0,288.0,0.0,0.0,16,12,4
189.905133,522.0,288.0,0.0,0.0,16,12,4
189.930121,522.0,306.0,0.0,0.0,16,11,4
189.946008,522.0,306.0,0.0,0.0,15,11,4
189.965972,522.0,306.0,0.0,0.0,16,11,4
190.19937,522.0,324.0,0.0,0.0,16,10,4
190.221662,522.0,324.0,0.0,0.0,15,10,4
190.247145,522.0,324.0,0.0,0.0,16,10,4
190.288264,540.0,324.0,0.0,0.0,16,10,4
190.548091,558.0,324.0,0.0,0.0,16,10,4
190.812374,576.0,324.0,0.0,0.0,16,10,4
191.107895,576.0,324.0,0.0,0.0,16,11,4
191.184825,576.0,342.0,0.0,0.0,16,10,4
191.201243,576.0,342.0,0.0,0.0,15,10,4
191.221165,576.0,342.0,0.0,0.0,16,10,4
191.252488,576.0,342.0,0.0,0.0,16,11,4
191.275479,576.0,342.0,0.0,0.0,16,12,4
191.298491,594.0,342.0,0.0,0.0,16,12,4
191.439814,594.0,342.0,0.0,0.0,16,13,4
191.482275,612.0,342.0,0.0,0.0,16,13,4
191.660986,612.0,342.0,0.0,0.0,16,14,4
192.190751,612.0,342.0,0.0,0.0,16,15,4
192.211941,630.0,342.0,0.0,0.0,16,15,4
193.014895,630.0,360.0,0.0,0.0,16,14,4
193.028379,630.0,360.0,0.0,0.0,15,14,4
193.045215,630.0,360.0,0.0,0.0,16,14,4
193.095613,630.0,378.0,0.0,0.0,16,13,4
193.10781,630.0,378.0,0.0,0.0,15,13,4
193.12234,630.0,378.0,0.0,0.0,16,13,4
193.151597,630.0,378.0,0.0,0.0,16,14,4
193.166961,630.0,396.0,0.0,0.0,16,13,4
193.184894,630.0,396.0,0.0,0.0,15,13,4
193.207611,630.0,396.0,0.0,0.0,16,13,4
193.345436,648.0,396.0,0.0,0.0,16,13,4
193.402634,648.0,396.0,0.0,0.0,16,14,4
193.516871,666.0,396.0,0.0,0.0,16,14,4
193.693734,666.0,396.0,0.0,0.0,16,15,4
193.719675,684.0,396.0,0.0,0.0,16,15,4
193.749029,684.0,396.0,0.0,0.0,16,16,4
193.927248,684.0,414.0,0.0,0.0,16,15,4
193.940045,684.0,414.0,0.0,0.0,15,15,4
193.960527,684.0,414.0,0.0,0.0,16,15,4
194.231495,702.0,414.0,0.0,0.0,16,15,4
194.265671,702.0,414.0,0.0,0.0,16,16,4
195.187249,702.0,432.0,0.0,0.0,16,15,4
195.200301,702.0,432.0,0.0,0.0,15,15,4
195.218564,702.0,432.0,0.0,0.0,16,15,4
195.292082,702.0,450.0,0.0,0.0,16,14,4
195.311478,702.0,450.0,0.0,0.0,15,14,4
195.337477,702.0,450.0,0.0,0.0,16,14,4
195.496347,720.0,450.0,0.0,0.0,16,14,4
195.537509,720.0,450.0,0.0,0.0,16,15,4
196.729197,720.0,468.0,0.0,0.0,16,14,4
196.742473,720.0,468.0,0.0,0.0,15,14,4
196.758432,720.0,468.0,0.0,0.0,16,14,4
197.003467,738.0,468.0,0.0,0.0,16,14,4
197.046083,738.0,486.0,0.0,0.0,16,13,4
197.057703,738.0,486.0,0.0,0.0,15,13,4
197.072257,738.0,486.0,0.0,0.0,16,13,4
197.284418,756.0,486.0,0.0,0.0,16,13,4
197.477776,774.0,486.0,0.0,0.0,16,13,4
197.564395,774.0,486.0,0.0,0.0,16,14,4
197.588125,774.0,486.0,0.0,0.0,16,15,4
197.601716,774.0,486.0,0.0,0.0,16,16,4
197.785865,774.0,504.0,0.0,0.0,16,15,4
197.801691,774.0,504.0,0.0,0.0,15,15,4
197.820691,774.0,504.0,0.0,0.0,16,15,4
198.061011,792.0,504.0,0.0,0.0,16,15,4
198.094687,792.0,504.0,0.0,0.0,16,16,4
199.782967,792.0,522.0,0.0,0.0,16,15,4
199.797343,792.0,522.0,0.0,0.0,15,15,4
199.81469,792.0,522.0,0.0,0.0,16,15,4
199.967689,792.0,540.0,0.0,0.0,16,14,4
199.98104,792.0,540.0,0.0,0.0,15,14,4
199.997776,792.0,540.0,0.0,0.0,16,14,4
200.286546,810.0,540.0,0.0,0.0,16,14,4
200.39928,810.0,558.0,0.0,0.0,16,13,4
200.412574,810.0,558.0,0.0,0.0,15,13,4
200.429813,810.0,558.0,0.0,0.0,16,13,4
200.482427,828.0,558.0,0.0,0.0,16,13,4
200.512987,828.0,558.0,0.0,0.0,16,14,4
200.552717,828.0,558.0,0.0,0.0,16,15,4
200.683638,828.0,576.0,0.0,0.0,16,14,4
200.700599,828.0,576.0,0.0,0.0,15,14,4
200.724556,828.0,576.0,0.0,0.0,16,14,4
200.758048,846.0,576.0,0.0,0.0,16,14,4
200.787636,846.0,576.0,0.0,0.0,16,15,4
201.457272,846.0,594.0,0.0,0.0,16,14,4
201.470631,846.0,594.0,0.0,0.0,15,14,4
201.486288,846.0,594.0,0.0,0.0,16,14,4
201.728543,864.0,594.0,0.0,0.0,16,14,4
201.758594,864.0,594.0,0.0,0.0,16,15,4
202.085435,864.0,612.0,0.0,0.0,16,14,4
202.095137,864.0,612.0,0.0,0.0,15,14,4
202.108491,864.0,612.0,0.0,0.0,16,14,4
203.508397,864.0,630.0,0.0,0.0,16,13,4
203.526469,864.0,630.0,0.0,0.0,15,13,4
203.547276,864.0,630.0,0.0,0.0,16,13,4
203.611287,882.0,630.0,0.0,0.0,16,13,4
203.640668,882.0,648.0,0.0,0.0,16,12,4
203.653587,882.0,648.0,0.0,0.0,15,12,4
203.674147,882.0,648.0,0.0,0.0,16,12,4
203.906671,900.0,648.0,0.0,0.0,16,12,4
204.022645,900.0,666.0,0.0,0.0,16,11,4
204.038004,900.0,666.0,0.0,0.0,15,11,4
204.055373,900.0,666.0,0.0,0.0,16,11,4
204.3925,918.0,666.0,0.0,0.0,16,11,4
204.412833,918.0,684.0,0.0,0.0,16,10,4
204.426495,918.0,684.0,0.0,0.0,15,10,4
204.442861,918.0,684.0,0.0,0.0,16,10,4
204.623243,918.0,702.0,0.0,0.0,16,9,4
204.634817,918.0,702.0,0.0,0.0,15,9,4
204.648149,918.0,702.0,0.0,0.0,16,9,4
204.966383,936.0,702.0,0.0,0.0,16,9,4
205.122912,954.0,702.0,0.0,0.0,16,9,4
205.160464,954.0,702.0,0.0,0.0,16,10,4
205.190565,954.0,702.0,0.0,0.0,16,11,4
205.230122,954.0,702.0,0.0,0.0,16,12,4
205.306582,954.0,702.0,0.0,0.0,16,13,4
205.36712,954.0,702.0,0.0,0.0,16,14,4
205.474731,954.0,702.0,0.0,0.0,16,14,4
206.166626,972.0,702.0,0.0,0.0,16,14,4
206.215344,972.0,702.0,0.0,0.0,16,15,4
206.233412,972.0,720.0,0.0,0.0,16,14,4
206.247388,972.0,720.0,0.0,0.0,15,14,4
206.266516,972.0,720.0,0.0,0.0,16,14,4
206.378019,972.0,738.0,0.0,0.0,16,13,4
206.391458,972.0,738.0,0.0,0.0,15,13,4
206.407114,972.0,738.0,0.0,0.0,16,13,4
206.658192,972.0,756.0,0.0,0.0,16,12,4
206.672845,972.0,756.0,0.0,0.0,15,12,4
206.692813,972.0,756.0,0.0,0.0,16,12,4
206.756931,990.0,756.0,0.0,0.0,16,12,4
206.808393,990.0,774.0,0.0,0.0,16,11,4
206.821792,990.0,774.0,0.0,0.0,15,11,4
206.837956,990.0,774.0,0.0,0.0,16,11,4
207.063038,990.0,774.0,0.0,0.0,16,11,4
207.083656,990.0,774.0,0.0,0.0,16,12,4
207.10499,1008.0,774.0,0.0,0.0,16,12,4
207.20348,1008.0,288.0,486.0,0.0,16,12,4
207.348704,1008.0,288.0,486.0,0.0,16,13,4
207.476056,1026.0,288.0,486.0,0.0,16,13,4
207.62651,1026.0,306.0,486.0,0.0,16,12,4
207.641351,1026.0,306.0,486.0,0.0,15,12,4
207.658838,1026.0,306.0,486.0,0.0,16,12,4
207.842739,1044.0,306.0,486.0,0.0,16,12,4
207.957624,1044.0,324.0,486.0,0.0,16,11,4
207.972404,1044.0,324.0,486.0,0.0,15,11,4
207.988123,1044.0,324.0,486.0,0.0,16,11,4
208.115586,1044.0,324.0,486.0,0.0,16,12,4
208.24482,1062.0,324.0,486.0,0.0,16,12,4
208.44232,1080.0,324.0,486.0,0.0,16,12,4
208.601576,1080.0,324.0,486.0,0.0,16,13,4
208.622918,1080.0,324.0,486.0,0.0,16,14,4
208.682181,1080.0,324.0,486.0,0.0,16,15,4
208.970974,1098.0,324.0,486.0,0.0,16,15,4
209.021928,1098.0,324.0,486.0,0.0,16,16,4
209.176373,1098.0,342.0,486.0,0.0,16,15,4
209.191811,1098.0,342.0,486.0,0.0,15,15,4
209.209091,1098.0,342.0,486.0,0.0,16,15,4
209.476312,1098.0,360.0,486.0,0.0,16,14,4
209.492081,1098.0,360.0,486.0,0.0,15,14,4
209.514392,1098.0,360.0,486.0,0.0,16,14,4
209.561628,1116.0,360.0,486.0,0.0,16,14,4
209.968201,1134.0,360.0,486.0,0.0,16,14,4
210.075199,1134.0,360.0,486.0,0.0,16,15,4
210.09466,1134.0,360.0,486.0,0.0,16,16,4
210.415534,1134.0,360.0,0.0,486.0,16,16,4
210.492926,1134.0,360.0,0.0,486.0,16,16,4
210.612791,1116.0,360.0,0.0,468.0,16,16,4
210.645549,1098.0,360.0,0.0,450.0,16,16,4
210.676352,1080.0,360.0,0.0,432.0,16,16,4
210.708572,1062.0,360.0,0.0,414.0,16,16,4
210.739241,1044.0,360.0,0.0,396.0,16,16,4
210.767212,1026.0,360.0,0.0,378.0,16,16,4
210.79327,1008.0,360.0,0.0,360.0,16,16,4
210.819721,990.0,360.0,0.0,342.0,16,16,4
210.84912,972.0,360.0,0.0,324.0,16,16,4
210.874478,954.0,360.0,0.0,306.0,16,16,4
210.905163,936.0,360.0,0.0,288.0,16,16,4
210.930184,918.0,360.0,0.0,270.0,16,16,4
210.960311,900.0,360.0,0.0,252.0,16,16,4
210.987863,882.0,360.0,0.0,234.0,16,16,4
211.013475,864.0,360.0,0.0,216.0,16,16,4
211.037733,846.0,360.0,0.0,198.0,16,16,4
211.071324,846.0,378.0,0.0,198.0,16,15,4
211.085698,846.0,378.0,0.0,198.0,15,15,4
211.103422,846.0,378.0,0.0,198.0,16,15,4
211.154132,828.0,378.0,0.0,180.0,16,15,4
211.193046,810.0,378.0,0.0,162.0,16,15,4
211.229278,810.0,396.0,0.0,162.0,16,14,4
211.244049,810.0,396.0,0.0,162.0,15,14,4
211.263623,810.0,396.0,0.0,162.0,16,14,4
211.293439,792.0,396.0,0.0,144.0,16,14,4
211.341571,774.0,396.0,0.0,126.0,16,14,4
211.561703,774.0,414.0,0.0,126.0,16,13,4
211.575397,774.0,414.0,0.0,126.0,15,13,4
211.592148,774.0,414.0,0.0,126.0,16,13,4
211.624511,792.0,414.0,0.0,126.0,16,13,4
211.736933,810.0,414.0,0.0,126.0,16,13,4
211.781693,810.0,414.0,0.0,126.0,16,14,4
211.882633,810.0,414.0,0.0,126.0,16,15,4
211.89947,792.0,414.0,0.0,108.0,16,15,4
211.933094,774.0,414.0,0.0,90.0,16,15,4
211.961106,756.0,414.0,0.0,72.0,16,15,4
211.986432,738.0,414.0,0.0,54.0,16,15,4
212.011481,720.0,414.0,0.0,36.0,16,15,4
212.042812,702.0,414.0,0.0,18.0,16,15,4
212.070093,684.0,414.0,0.0,0.0,16,15,4
212.083094,684.0,414.0,0.0,0.0,16,15,3
212.128688,684.0,414.0,0.0,0.0,16,15,4
212.185461,684.0,414.0,0.0,0.0,16,15,4
212.451641,702.0,414.0,0.0,0.0,16,15,4
212.488099,702.0,432.0,0.0,0.0,16,14,4
212.505605,702.0,432.0,0.0,0.0,15,14,4
212.527876,702.0,432.0,0.0,0.0,16,14,4
212.572752,702.0,432.0,0.0,0.0,16,15,4
212.829242,720.0,432.0,0.0,0.0,16,15,4
212.870378,720.0,432.0,0.0,0.0,16,16,4
213.753422,720.0,450.0,0.0,0.0,16,15,4
213.765023,720.0,450.0,0.0,0.0,15,15,4
213.787901,720.0,450.0,0.0,0.0,16,15,4
214.039695,738.0,450.0,0.0,0.0,16,15,4
214.103142,738.0,450.0,0.0,0.0,16,16,4
214.610203,738.0,468.0,0.0,0.0,16,15,4
214.626647,738.0,468.0,0.0,0.0,15,15,4
214.647251,738.0,468.0,0.0,0.0,16,15,4
214.718007,738.0,486.0,0.0,0.0,16,14,4
214.732457,738.0,486.0,0.0,0.0,15,14,4
214.759122,738.0,486.0,0.0,0.0,16,14,4
215.65209,738.0,504.0,0.0,0.0,16,13,4
215.668625,738.0,504.0,0.0,0.0,15,13,4
215.694151,738.0,504.0,0.0,0.0,16,13,4
215.809514,738.0,522.0,0.0,0.0,16,12,4
215.838219,738.0,522.0,0.0,0.0,15,12,4
215.859299,738.0,522.0,0.0,0.0,16,12,4
215.936777,738.0,540.0,0.0,0.0,16,11,4
215.951698,738.0,540.0,0.0,0.0,15,11,4
215.978172,738.0,540.0,0.0,0.0,16,11,4
216.241206,756.0,540.0,0.0,0.0,16,11,4
216.414851,774.0,540.0,0.0,0.0,16,11,4
216.458788,774.0,540.0,0.0,0.0,16,12,4
216.483635,774.0,540.0,0.0,0.0,16,13,4
216.527549,774.0,558.0,0.0,0.0,16,12,4
216.541625,774.0,558.0,0.0,0.0,15,12,4
216.559542,774.0,558.0,0.0,0.0,16,12,4
216.791611,792.0,558.0,0.0,0.0,16,12,4
216.826825,792.0,558.0,0.0,0.0,16,13,4
217.529629,810.0,558.0,0.0,0.0,16,13,4
217.555074,810.0,576.0,0.0,0.0,16,12,4
217.570152,810.0,576.0,0.0,0.0,15,12,4
217.590431,810.0,576.0,0.0,0.0,16,12,4
217.644107,810.0,576.0,0.0,0.0,16,13,4
217.858659,828.0,576.0,0.0,0.0,16,13,4
217.958256,828.0,594.0,0.0,0.0,16,12,4
217.969983,828.0,594.0,0.0,0.0,15,12,4
217.986877,828.0,594.0,0.0,0.0,16,12,4
218.032908,846.0,594.0,0.0,0.0,16,12,4
218.270063,864.0,594.0,0.0,0.0,16,12,4
218.417387,864.0,612.0,0.0,0.0,16,11,4
218.43214,864.0,612.0,0.0,0.0,15,11,4
218.449392,864.0,612.0,0.0,0.0,16,11,4
218.541566,864.0,630.0,0.0,0.0,16,10,4
218.553902,864.0,630.0,0.0,0.0,15,10,4
218.569572,864.0,630.0,0.0,0.0,16,10,4
218.604497,864.0,630.0,0.0,0.0,16,11,4
218.626931,864.0,630.0,0.0,0.0,16,12,4
218.645286,882.0,630.0,0.0,0.0,16,12,4
218.822597,900.0,630.0,0.0,0.0,16,12,4
218.923847,900.0,630.0,0.0,0.0,16,13,4
218.944061,900.0,630.0,0.0,0.0,16,14,4
218.958754,900.0,630.0,0.0,0.0,16,15,4
220.000944,900.0,648.0,0.0,0.0,16,14,4
220.013191,900.0,648.0,0.0,0.0,15,14,4
220.028342,900.0,648.0,0.0,0.0,16,14,4
220.235933,918.0,648.0,0.0,0.0,16,14,4
220.258936,918.0,648.0,0.0,0.0,16,15,4
220.60456,918.0,666.0,0.0,0.0,16,14,4
220.62041,918.0,666.0,0.0,0.0,15,14,4
220.641929,918.0,666.0,0.0,0.0,16,14,4
220.7834,936.0,666.0,0.0,0.0,16,14,4
221.023697,954.0,666.0,0.0,0.0,16,14,4
221.075832,954.0,666.0,0.0,0.0,16,15,4
221.177408,954.0,684.0,0.0,0.0,16,14,4
221.1893,954.0,684.0,0.0,0.0,15,14,4
221.204071,954.0,684.0,0.0,0.0,16,14,4
221.227223,954.0,684.0,0.0,0.0,16,15,4
221.475919,972.0,684.0,0.0,0.0,16,15,4
221.523783,972.0,684.0,0.0,0.0,16,16,4
222.377401,972.0,702.0,0.0,0.0,16,15,4
222.392824,972.0,702.0,0.0,0.0,15,15,4
222.409343,972.0,702.0,0.0,0.0,16,15,4
222.453292,972.0,720.0,0.0,0.0,16,14,4
222.467983,972.0,720.0,0.0,0.0,15,14,4
222.485099,972.0,720.0,0.0,0.0,16,14,4
222.728857,990.0,720.0,0.0,0.0,16,14,4
222.755836,990.0,720.0,0.0,0.0,16,15,4
223.64726,990.0,738.0,0.0,0.0,16,14,4
223.66291,990.0,738.0,0.0,0.0,15,14,4
223.680442,990.0,738.0,0.0,0.0,16,14,4
223.946014,1008.0,738.0,0.0,0.0,16,14,4
223.981739,1008.0,738.0,0.0,0.0,16,15,4
224.284726,1008.0,756.0,0.0,0.0,16,14,4
224.302471,1008.0,756.0,0.0,0.0,15,14,4
224.323554,1008.0,756.0,0.0,0.0,16,14,4
224.435159,1008.0,774.0,0.0,0.0,16,13,4
224.448713,1008.0,774.0,0.0,0.0,15,13,4
224.465101,1008.0,774.0,0.0,0.0,16,13,4
224.662202,1026.0,774.0,0.0,0.0,16,13,4
224.831388,1044.0,774.0,0.0,0.0,16,13,4
224.875518,1044.0,774.0,0.0,0.0,16,14,4
224.915613,1044.0,774.0,0.0,0.0,16,15,4
225.121351,1062.0,774.0,0.0,0.0,16,15,4
225.155682,1062.0,774.0,0.0,0.0,16,16,4
225.317029,1062.0,792.0,0.0,0.0,16,15,4
225.330609,1062.0,792.0,0.0,0.0,15,15,4
225.346379,1062.0,792.0,0.0,0.0,16,15,4
225.548003,1062.0,810.0,0.0,0.0,16,14,4
225.558956,1062.0,810.0,0.0,0.0,15,14,4
225.573075,1062.0,810.0,0.0,0.0,16,14,4
225.596095,1080.0,810.0,0.0,0.0,16,14,4
225.622521,1080.0,810.0,0.0,0.0,16,15,4
225.864499,1098.0,810.0,0.0,0.0,16,15,4
225.892972,1098.0,810.0,0.0,0.0,16,16,4
226.15308,1098.0,828.0,0.0,0.0,16,15,4
226.16664,1098.0,828.0,0.0,0.0,15,15,4
226.180052,1098.0,828.0,0.0,0.0,16,15,4
226.446463,1116.0,828.0,0.0,0.0,16,15,4
226.534826,1116.0,828.0,0.0,0.0,16,16,4
227.399114,1116.0,846.0,0.0,0.0,16,15,4
227.415207,1116.0,846.0,0.0,0.0,15,15,4
227.437727,1116.0,846.0,0.0,0.0,16,15,4
227.714989,1134.0,846.0,0.0,0.0,16,15,4
227.749105,1134.0,846.0,0.0,0.0,16,16,4
227.81683,1134.0,864.0,0.0,0.0,16,15,4
227.830982,1134.0,864.0,0.0,0.0,15,15,4
227.851122,1134.0,864.0,0.0,0.0,16,15,4
228.308992,1134.0,864.0,0.0,0.0,16,15,4
228.370291,1134.0,882.0,0.0,0.0,16,14,4
228.387707,1134.0,882.0,0.0,0.0,15,14,4
228.404714,1134.0,882.0,0.0,0.0,16,14,4
228.884884,1134.0,900.0,0.0,0.0,16,13,4
228.897719,1134.0,900.0,0.0,0.0,15,13,4
228.917838,1134.0,900.0,0.0,0.0,16,13,4
229.18042,1152.0,900.0,0.0,0.0,16,13,4
229.202641,1152.0,900.0,0.0,0.0,16,14,4
229.430924,1152.0,900.0,0.0,0.0,16,14,4
229.509054,1152.0,414.0,486.0,0.0,16,14,4
230.152409,1170.0,414.0,486.0,0.0,16,14,4
230.175396,1170.0,432.0,486.0,0.0,16,13,4
230.188683,1170.0,432.0,486.0,0.0,15,13,4
230.203719,1170.0,432.0,486.0,0.0,16,13,4
230.253852,1170.0,432.0,486.0,0.0,16,14,4
230.679903,1188.0,432.0,486.0,0.0,16,14,4
230.848245,1188.0,450.0,486.0,0.0,16,13,4
230.863292,1188.0,450.0,486.0,0.0,15,13,4
230.879519,1188.0,450.0,486.0,0.0,16,13,4
230.912666,1206.0,450.0,486.0,0.0,16,13,4
230.980962,1206.0,450.0,486.0,0.0,16,14,4
231.001787,1206.0,468.0,486.0,0.0,16,13,4
231.015318,1206.0,468.0,486.0,0.0,15,13,4
231.03187,1206.0,468.0,486.0,0.0,16,13,4
231.251297,1206.0,468.0,486.0,0.0,16,14,4
231.322403,1224.0,468.0,486.0,0.0,16,14,4
231.459978,1242.0,468.0,486.0,0.0,16,14,4
231.481265,1242.0,486.0,486.0,0.0,16,13,4
231.500729,1242.0,486.0,486.0,0.0,15,13,4
231.5204,1242.0,486.0,486.0,0.0,16,13,4
231.605235,1242.0,504.0,486.0,0.0,16,12,4
231.618161,1242.0,504.0,486.0,0.0,15,12,4
231.635077,1242.0,504.0,486.0,0.0,16,12,4
232.000211,1260.0,504.0,486.0,0.0,16,12,4
232.331176,1260.0,504.0,486.0,0.0,16,13,4
232.348159,1260.0,504.0,486.0,0.0,16,14,4
232.475293,1278.0,504.0,486.0,0.0,16,14,4
232.503949,1278.0,504.0,486.0,0.0,16,15,4
232.837365,1278.0,522.0,486.0,0.0,16,14,4
232.851321,1278.0,522.0,486.0,0.0,15,14,4
232.866765,1278.0,522.0,486.0,0.0,16,14,4
232.907512,1278.0,522.0,486.0,0.0,16,15,4
233.107866,1296.0,522.0,486.0,0.0,16,15,4
233.14,1296.0,522.0,0.0,486.0,16,15,4
233.16974,1296.0,522.0,0.0,486.0,16,16,4
233.235426,1296.0,522.0,0.0,486.0,16,16,4
233.370286,1296.0,540.0,0.0,486.0,16,15,4
233.384169,1296.0,540.0,0.0,486.0,15,15,4
233.403208,1296.0,540.0,0.0,486.0,16,15,4
233.438502,1278.0,540.0,0.0,468.0,16,15,4
233.482626,1260.0,540.0,0.0,450.0,16,15,4
233.561787,1242.0,540.0,0.0,432.0,16,15,4
233.632193,1224.0,540.0,0.0,414.0,16,15,4
233.748438,1242.0,540.0,0.0,414.0,16,15,4
233.851366,1224.0,540.0,0.0,396.0,16,15,4
233.890057,1206.0,540.0,0.0,378.0,16,15,4
233.95359,1206.0,540.0,0.0,378.0,16,16,4
233.970124,1188.0,540.0,0.0,360.0,16,16,4
233.987053,1188.0,558.0,0.0,360.0,16,15,4
233.999737,1188.0,558.0,0.0,360.0,15,15,4
234.018835,1188.0,558.0,0.0,360.0,16,15,4
234.076822,1170.0,558.0,0.0,342.0,16,15,4
234.154393,1152.0,558.0,0.0,324.0,16,15,4
234.221259,1134.0,558.0,0.0,306.0,16,15,4
234.337719,1152.0,558.0,0.0,306.0,16,15,4
234.397341,1134.0,558.0,0.0,288.0,16,15,4
234.426524,1134.0,558.0,0.0,288.0,16,16,4
234.46749,1116.0,558.0,0.0,270.0,16,16,4
234.493268,1098.0,558.0,0.0,252.0,16,16,4
234.524085,1080.0,558.0,0.0,234.0,16,16,4
234.55505,1062.0,558.0,0.0,216.0,16,16,4
234.579916,1044.0,558.0,0.0,198.0,16,16,4
234.603803,1026.0,558.0,0.0,180.0,16,16,4
234.627928,1008.0,558.0,0.0,162.0,16,16,4
234.650187,990.0,558.0,0.0,144.0,16,16,4
234.673145,972.0,558.0,0.0,126.0,16,16,4
234.697019,954.0,558.0,0.0,108.0,16,16,4
234.721609,936.0,558.0,0.0,90.0,16,16,4
234.746259,918.0,558.0,0.0,72.0,16,16,4
234.769458,900.0,558.0,0.0,54.0,16,16,4
234.794281,882.0,558.0,0.0,36.0,16,16,4
234.817687,864.0,558.0,0.0,18.0,16,16,4
234.840818,846.0,558.0,0.0,0.0,16,16,4
234.851399,846.0,558.0,0.0,0.0,16,16,3
234.889285,846.0,558.0,0.0,0.0,16,16,4
235.019367,846.0,558.0,0.0,0.0,16,16,4
235.862822,846.0,576.0,0.0,0.0,16,15,4
235.878743,846.0,576.0,0.0,0.0,15,15,4
235.89554,846.0,576.0,0.0,0.0,16,15,4
236.217624,864.0,576.0,0.0,0.0,16,15,4
236.242271,864.0,576.0,0.0,0.0,16,16,4
236.350753,864.0,594.0,0.0,0.0,16,15,4
236.364594,864.0,594.0,0.0,0.0,15,15,4
236.386478,864.0,594.0,0.0,0.0,16,15,4
236.769373,882.0,594.0,0.0,0.0,16,15,4
236.834495,882.0,594.0,0.0,0.0,16,16,4
236.878841,882.0,612.0,0.0,0.0,16,15,4
236.89016,882.0,612.0,0.0,0.0,15,15,4
236.907319,882.0,612.0,0.0,0.0,16,15,4
237.164784,900.0,612.0,0.0,0.0,16,15,4
237.208904,900.0,612.0,0.0,0.0,16,16,4
237.293012,900.0,612.0,0.0,0.0,16,16,4
237.44199,900.0,630.0,0.0,0.0,16,15,4
237.457496,900.0,630.0,0.0,0.0,15,15,4
237.476302,900.0,630.0,0.0,0.0,16,15,4
238.822432,900.0,648.0,0.0,0.0,16,14,4
238.840614,900.0,648.0,0.0,0.0,15,14,4
238.860005,900.0,648.0,0.0,0.0,16,14,4
239.123604,900.0,666.0,0.0,0.0,16,13,4
239.139346,900.0,666.0,0.0,0.0,15,13,4
239.162145,900.0,666.0,0.0,0.0,16,13,4
239.4228,918.0,666.0,0.0,0.0,16,13,4
239.523252,918.0,666.0,0.0,0.0,16,13,4
239.649121,918.0,666.0,0.0,0.0,16,14,4
239.734521,918.0,180.0,486.0,0.0,16,14,4
239.936319,936.0,180.0,486.0,0.0,16,14,4
239.972169,936.0,198.0,486.0,0.0,16,13,4
239.986783,936.0,198.0,486.0,0.0,15,13,4
240.004382,936.0,198.0,486.0,0.0,16,13,4
240.108528,936.0,198.0,486.0,0.0,16,14,4
240.25648,954.0,198.0,486.0,0.0,16,14,4
240.274629,954.0,216.0,486.0,0.0,16,13,4
240.291088,954.0,216.0,486.0,0.0,15,13,4
240.310182,954.0,216.0,486.0,0.0,16,13,4
240.655888,954.0,234.0,486.0,0.0,16,12,4
240.673827,954.0,234.0,486.0,0.0,15,12,4
240.696744,954.0,234.0,486.0,0.0,16,12,4
240.784527,972.0,234.0,486.0,0.0,16,12,4
240.824544,972.0,252.0,486.0,0.0,16,11,4
240.838327,972.0,252.0,486.0,0.0,15,11,4
240.854086,972.0,252.0,486.0,0.0,16,11,4
241.052794,972.0,270.0,486.0,0.0,16,10,4
241.066392,972.0,270.0,486.0,0.0,15,10,4
241.083117,972.0,270.0,486.0,0.0,16,10,4
241.117519,990.0,270.0,486.0,0.0,16,10,4
241.322489,1008.0,270.0,486.0,0.0,16,10,4
241.342695,1008.0,288.0,486.0,0.0,16,9,4
241.357694,1008.0,288.0,486.0,0.0,15,9,4
241.379493,1008.0,288.0,486.0,0.0,16,9,4
241.524758,1026.0,288.0,486.0,0.0,16,9,4
241.765555,1044.0,288.0,486.0,0.0,16,9,4
241.947124,1044.0,288.0,486.0,0.0,16,10,4
242.167406,1044.0,288.0,486.0,0.0,16,11,4
242.282551,1044.0,288.0,486.0,0.0,16,12,4
242.324514,1044.0,288.0,486.0,0.0,16,13,4
242.345068,1044.0,288.0,486.0,0.0,16,14,4
242.450694,1044.0,288.0,486.0,0.0,16,15,4
242.588506,1044.0,306.0,486.0,0.0,16,14,4
242.6021,1044.0,306.0,486.0,0.0,15,14,4
242.617579,1044.0,306.0,486.0,0.0,16,14,4
242.751131,1062.0,306.0,486.0,0.0,16,14,4
242.887763,1080.0,306.0,486.0,0.0,16,14,4
242.977987,1080.0,324.0,486.0,0.0,16,13,4
242.991681,1080.0,324.0,486.0,0.0,15,13,4
243.009277,1080.0,324.0,486.0,0.0,16,13,4
243.097911,1080.0,324.0,486.0,0.0,16,14,4
243.115838,1080.0,324.0,486.0,0.0,16,15,4
243.129029,1080.0,342.0,486.0,0.0,16,14,4
243.139164,1080.0,342.0,486.0,0.0,15,14,4
243.161749,1080.0,342.0,486.0,0.0,16,14,4
243.576373,1080.0,342.0,0.0,486.0,16,14,4
243.636594,1080.0,342.0,0.0,486.0,16,14,4
243.727513,1062.0,342.0,0.0,468.0,16,14,4
243.758779,1044.0,342.0,0.0,450.0,16,14,4
243.814912,1026.0,342.0,0.0,432.0,16,14,4
243.971589,1008.0,342.0,0.0,414.0,16,14,4
243.997601,990.0,342.0,0.0,396.0,16,14,4
244.023165,972.0,342.0,0.0,378.0,16,14,4
244.049873,954.0,342.0,0.0,360.0,16,14,4
244.074921,936.0,342.0,0.0,342.0,16,14,4
244.097863,918.0,342.0,0.0,324.0,16,14,4
244.122012,900.0,342.0,0.0,306.0,16,14,4
244.15296,882.0,342.0,0.0,288.0,16,14,4
244.18019,864.0,342.0,0.0,270.0,16,14,4
244.205571,846.0,342.0,0.0,252.0,16,14,4
244.228977,828.0,342.0,0.0,234.0,16,14,4
244.253132,810.0,342.0,0.0,216.0,16,14,4
244.278423,792.0,342.0,0.0,198.0,16,14,4
244.302648,774.0,342.0,0.0,180.0,16,14,4
244.325816,756.0,342.0,0.0,162.0,16,14,4
244.349005,738.0,342.0,0.0,144.0,16,14,4
244.373849,720.0,342.0,0.0,126.0,16,14,4
244.397664,702.0,342.0,0.0,108.0,16,14,4
244.421351,684.0,342.0,0.0,90.0,16,14,4
244.443097,666.0,342.0,0.0,72.0,16,14,4
244.465401,648.0,342.0,0.0,54.0,16,14,4
244.487883,630.0,342.0,0.0,36.0,16,14,4
244.509683,612.0,342.0,0.0,18.0,16,14,4
244.531272,594.0,342.0,0.0,0.0,16,14,4
244.540666,594.0,342.0,0.0,0.0,16,14,3
244.575739,594.0,342.0,0.0,0.0,16,14,4
244.845381,594.0,342.0,0.0,0.0,16,14,4
244.859382,612.0,342.0,0.0,0.0,16,14,4
244.899441,612.0,342.0,0.0,0.0,16,15,4
245.099779,630.0,342.0,0.0,0.0,16,15,4
245.131083,630.0,360.0,0.0,0.0,16,14,4
245.142996,630.0,360.0,0.0,0.0,15,14,4
245.162868,630.0,360.0,0.0,0.0,16,14,4
245.195792,630.0,360.0,0.0,0.0,16,15,4
245.410781,630.0,378.0,0.0,0.0,16,14,4
245.424857,630.0,378.0,0.0,0.0,15,14,4
245.444285,630.0,378.0,0.0,0.0,16,14,4
245.491816,648.0,378.0,0.0,0.0,16,14,4
245.551808,648.0,378.0,0.0,0.0,16,15,4
245.698817,666.0,378.0,0.0,0.0,16,15,4
245.753736,666.0,378.0,0.0,0.0,16,16,4
245.994188,666.0,396.0,0.0,0.0,16,15,4
246.009979,666.0,396.0,0.0,0.0,15,15,4
246.027616,666.0,396.0,0.0,0.0,16,15,4
246.815531,666.0,414.0,0.0,0.0,16,14,4
246.832179,666.0,414.0,0.0,0.0,15,14,4
246.852887,666.0,414.0,0.0,0.0,16,14,4
247.009575,666.0,432.0,0.0,0.0,16,13,4
247.024117,666.0,432.0,0.0,0.0,15,13,4
247.047381,666.0,432.0,0.0,0.0,16,13,4
247.34226,684.0,432.0,0.0,0.0,16,13,4
247.376602,684.0,432.0,0.0,0.0,16,14,4
248.347502,684.0,450.0,0.0,0.0,16,13,4
248.360204,684.0,450.0,0.0,0.0,15,13,4
248.376088,684.0,450.0,0.0,0.0,16,13,4
248.672355,702.0,450.0,0.0,0.0,16,13,4
248.696425,702.0,468.0,0.0,0.0,16,12,4
248.715416,702.0,468.0,0.0,0.0,15,12,4
248.738414,702.0,468.0,0.0,0.0,16,12,4
248.859192,720.0,468.0,0.0,0.0,16,12,4
248.885969,720.0,486.0,0.0,0.0,16,11,4
248.901725,720.0,486.0,0.0,0.0,15,11,4
248.920214,720.0,486.0,0.0,0.0,16,11,4
249.183064,720.0,486.0,0.0,0.0,16,12,4
249.207441,738.0,486.0,0.0,0.0,16,12,4
249.368327,738.0,504.0,0.0,0.0,16,11,4
249.384029,738.0,504.0,0.0,0.0,15,11,4
249.410974,738.0,504.0,0.0,0.0,16,11,4
249.447984,738.0,522.0,0.0,0.0,16,10,4
249.461137,738.0,522.0,0.0,0.0,15,10,4
249.483767,738.0,522.0,0.0,0.0,16,10,4
249.608735,756.0,522.0,0.0,0.0,16,10,4
249.817785,756.0,540.0,0.0,0.0,16,9,4
249.835749,756.0,540.0,0.0,0.0,15,9,4
249.863911,756.0,540.0,0.0,0.0,16,9,4
250.082757,774.0,540.0,0.0,0.0,16,9,4
250.115318,774.0,540.0,0.0,0.0,16,10,4
250.244998,792.0,540.0,0.0,0.0,16,10,4
250.305161,792.0,540.0,0.0,0.0,16,11,4
250.353279,792.0,540.0,0.0,0.0,16,12,4
250.398843,792.0,540.0,0.0,0.0,16,13,4
250.433367,792.0,540.0,0.0,0.0,16,14,4
251.600924,810.0,540.0,0.0,0.0,16,14,4
251.635723,810.0,540.0,0.0,0.0,16,15,4
252.133596,828.0,540.0,0.0,0.0,16,15,4
252.162171,828.0,558.0,0.0,0.0,16,14,4
252.185237,828.0,558.0,0.0,0.0,15,14,4
252.216533,828.0,558.0,0.0,0.0,16,14,4
252.271844,828.0,576.0,0.0,0.0,16,13,4
252.289723,828.0,576.0,0.0,0.0,15,13,4
252.307697,828.0,576.0,0.0,0.0,16,13,4
252.365313,828.0,576.0,0.0,0.0,16,14,4
252.384277,828.0,594.0,0.0,0.0,16,13,4
252.398603,828.0,594.0,0.0,0.0,15,13,4
252.416767,828.0,594.0,0.0,0.0,16,13,4
252.476996,828.0,612.0,0.0,0.0,16,12,4
252.492077,828.0,612.0,0.0,0.0,15,12,4
252.518669,828.0,612.0,0.0,0.0,16,12,4
252.803226,846.0,612.0,0.0,0.0,16,12,4
252.823491,846.0,630.0,0.0,0.0,16,11,4
252.834926,846.0,630.0,0.0,0.0,15,11,4
252.863653,846.0,630.0,0.0,0.0,16,11,4
252.990648,864.0,630.0,0.0,0.0,16,11,4
253.212464,882.0,630.0,0.0,0.0,16,11,4
253.406958,900.0,630.0,0.0,0.0,16,11,4
253.436075,900.0,630.0,0.0,0.0,16,12,4
253.543939,900.0,630.0,0.0,0.0,16,13,4
253.67483,900.0,630.0,0.0,0.0,16,14,4
253.702389,918.0,630.0,0.0,0.0,16,14,4
253.726671,918.0,630.0,0.0,0.0,16,15,4
253.748455,918.0,630.0,0.0,0.0,16,16,4
254.510569,918.0,648.0,0.0,0.0,16,15,4
254.52475,918.0,648.0,0.0,0.0,15,15,4
254.545828,918.0,648.0,0.0,0.0,16,15,4
254.651099,918.0,666.0,0.0,0.0,16,14,4
254.668665,918.0,666.0,0.0,0.0,15,14,4
254.691229,918.0,666.0,0.0,0.0,16,14,4
254.850392,936.0,666.0,0.0,0.0,16,14,4
254.922246,936.0,666.0,0.0,0.0,16,15,4
255.086001,954.0,666.0,0.0,0.0,16,15,4
255.18667,954.0,666.0,0.0,0.0,16,16,4
255.400216,954.0,666.0,0.0,0.0,16,16,4
255.660825,954.0,666.0,0.0,0.0,16,16,4
255.7227,954.0,180.0,486.0,0.0,16,16,4
256.169019,954.0,198.0,486.0,0.0,16,15,4
256.18206,954.0,198.0,486.0,0.0,15,15,4
256.206849,954.0,198.0,486.0,0.0,16,15,4
256.713059,954.0,216.0,486.0,0.0,16,14,4
256.724903,954.0,216.0,486.0,0.0,15,14,4
256.739777,954.0,216.0,486.0,0.0,16,14,4
256.863024,954.0,234.0,486.0,0.0,16,13,4
256.879169,954.0,234.0,486.0,0.0,15,13,4
256.898739,954.0,234.0,486.0,0.0,16,13,4
256.948013,972.0,234.0,486.0,0.0,16,13,4
257.069597,990.0,234.0,486.0,0.0,16,13,4
257.113995,990.0,252.0,486.0,0.0,16,12,4
257.129049,990.0,252.0,486.0,0.0,15,12,4
257.158273,990.0,252.0,486.0,0.0,16,12,4
257.392418,1008.0,252.0,486.0,0.0,16,12,4
257.594362,1008.0,270.0,486.0,0.0,16,11,4
257.607566,1008.0,270.0,486.0,0.0,15,11,4
257.623645,1008.0,270.0,486.0,0.0,16,11,4
257.660997,1008.0,270.0,486.0,0.0,16,12,4
257.682224,1026.0,270.0,486.0,0.0,16,12,4
258.035233,1026.0,270.0,486.0,0.0,16,13,4
258.053424,1026.0,270.0,486.0,0.0,16,14,4
258.122016,1044.0,270.0,486.0,0.0,16,14,4
258.263127,1044.0,270.0,486.0,0.0,16,15,4
258.30825,1044.0,270.0,486.0,0.0,16,16,4
258.513014,1044.0,270.0,0.0,486.0,16,16,4
258.582345,1044.0,270.0,0.0,486.0,16,16,4
258.700745,1026.0,270.0,0.0,468.0,16,16,4
258.7335,1008.0,270.0,0.0,450.0,16,16,4
258.762302,990.0,270.0,0.0,432.0,16,16,4
258.788737,972.0,270.0,0.0,414.0,16,16,4
258.818735,954.0,270.0,0.0,396.0,16,16,4
258.848268,936.0,270.0,0.0,378.0,16,16,4
258.87277,918.0,270.0,0.0,360.0,16,16,4
258.896632,900.0,270.0,0.0,342.0,16,16,4
258.920313,882.0,270.0,0.0,324.0,16,16,4
258.946297,864.0,270.0,0.0,306.0,16,16,4
258.973066,846.0,270.0,0.0,288.0,16,16,4
258.999759,828.0,270.0,0.0,270.0,16,16,4
259.028346,810.0,270.0,0.0,252.0,16,16,4
259.056544,792.0,270.0,0.0,234.0,16,16,4
259.080942,774.0,270.0,0.0,216.0,16,16,4
259.105617,756.0,270.0,0.0,198.0,16,16,4
259.130974,738.0,270.0,0.0,180.0,16,16,4
259.16398,720.0,270.0,0.0,162.0,16,16,4
259.191156,702.0,270.0,0.0,144.0,16,16,4
259.218361,684.0,270.0,0.0,126.0,16,16,4
259.243546,666.0,270.0,0.0,108.0,16,16,4
259.268045,648.0,270.0,0.0,90.0,16,16,4
259.291683,630.0,270.0,0.0,72.0,16,16,4
259.316342,612.0,270.0,0.0,54.0,16,16,4
259.34085,594.0,270.0,0.0,36.0,16,16,4
259.364069,576.0,270.0,0.0,18.0,16,16,4
259.386284,558.0,270.0,0.0,0.0,16,16,4
259.397148,558.0,270.0,0.0,0.0,16,16,3
259.435279,558.0,270.0,0.0,0.0,16,16,4
259.561706,558.0,270.0,0.0,0.0,16,16,4
259.847077,558.0,288.0,0.0,0.0,16,15,4
259.873431,558.0,288.0,0.0,0.0,15,15,4
259.890247,558.0,288.0,0.0,0.0,16,15,4
260.044212,558.0,306.0,0.0,0.0,16,14,4
260.057628,558.0,306.0,0.0,0.0,15,14,4
260.074544,558.0,306.0,0.0,0.0,16,14,4
260.216965,558.0,324.0,0.0,0.0,16,13,4
260.231818,558.0,324.0,0.0,0.0,15,13,4
260.272379,558.0,324.0,0.0,0.0,16,13,4
260.413517,576.0,324.0,0.0,0.0,16,13,4
260.470977,576.0,342.0,0.0,0.0,16,12,4
260.484794,576.0,342.0,0.0,0.0,15,12,4
260.515476,576.0,342.0,0.0,0.0,16,12,4
260.735942,576.0,342.0,0.0,0.0,16,13,4
260.786453,576.0,360.0,0.0,0.0,16,12,4
260.802016,576.0,360.0,0.0,0.0,15,12,4
260.829934,576.0,360.0,0.0,0.0,16,12,4
261.177583,594.0,360.0,0.0,0.0,16,12,4
261.324353,612.0,360.0,0.0,0.0,16,12,4
261.550936,612.0,360.0,0.0,0.0,16,13,4
261.568293,630.0,360.0,0.0,0.0,16,13,4
261.63811,630.0,360.0,0.0,0.0,16,14,4
261.656534,630.0,360.0,0.0,0.0,16,15,4
261.983499,648.0,360.0,0.0,0.0,16,15,4
262.016417,648.0,360.0,0.0,0.0,16,16,4
262.078938,648.0,378.0,0.0,0.0,16,15,4
262.090812,648.0,378.0,0.0,0.0,15,15,4
262.106822,648.0,378.0,0.0,0.0,16,15,4
263.299,666.0,378.0,0.0,0.0,16,15,4
263.334081,666.0,378.0,0.0,0.0,16,16,4
263.349643,666.0,396.0,0.0,0.0,16,15,4
263.371509,666.0,396.0,0.0,0.0,15,15,4
263.395233,666.0,396.0,0.0,0.0,16,15,4
264.205633,684.0,396.0,0.0,0.0,16,15,4
264.25245,684.0,414.0,0.0,0.0,16,14,4
264.270655,684.0,414.0,0.0,0.0,15,14,4
264.291408,684.0,414.0,0.0,0.0,16,14,4
264.33425,684.0,414.0,0.0,0.0,16,15,4
264.44164,684.0,432.0,0.0,0.0,16,14,4
264.456158,684.0,432.0,0.0,0.0,15,14,4
264.475123,684.0,432.0,0.0,0.0,16,14,4
264.636878,702.0,432.0,0.0,0.0,16,14,4
264.672878,702.0,432.0,0.0,0.0,16,15,4
265.737875,720.0,432.0,0.0,0.0,16,15,4
265.765765,720.0,450.0,0.0,0.0,16,14,4
265.782695,720.0,450.0,0.0,0.0,15,14,4
265.806052,720.0,450.0,0.0,0.0,16,14,4
265.844195,720.0,468.0,0.0,0.0,16,13,4
265.856011,720.0,468.0,0.0,0.0,15,13,4
265.874754,720.0,468.0,0.0,0.0,16,13,4
265.909509,720.0,468.0,0.0,0.0,16,14,4
266.045663,720.0,486.0,0.0,0.0,16,13,4
266.058462,720.0,486.0,0.0,0.0,15,13,4
266.080348,720.0,486.0,0.0,0.0,16,13,4
266.258061,738.0,486.0,0.0,0.0,16,13,4
266.414763,756.0,486.0,0.0,0.0,16,13,4
266.559143,756.0,486.0,0.0,0.0,16,14,4
266.577493,774.0,486.0,0.0,0.0,16,14,4
266.610567,774.0,486.0,0.0,0.0,16,15,4
266.639684,774.0,486.0,0.0,0.0,16,16,4
267.062845,774.0,504.0,0.0,0.0,16,15,4
267.073886,774.0,504.0,0.0,0.0,15,15,4
267.088761,774.0,504.0,0.0,0.0,16,15,4
267.152174,774.0,522.0,0.0,0.0,16,14,4
267.170203,774.0,522.0,0.0,0.0,15,14,4
267.198882,774.0,522.0,0.0,0.0,16,14,4
267.226479,774.0,540.0,0.0,0.0,16,13,4
267.236842,774.0,540.0,0.0,0.0,15,13,4
267.250471,774.0,540.0,0.0,0.0,16,13,4
267.369795,792.0,540.0,0.0,0.0,16,13,4
267.776,792.0,540.0,0.0,0.0,16,14,4
267.793547,810.0,540.0,0.0,0.0,16,14,4
267.914472,810.0,558.0,0.0,0.0,16,13,4
267.925203,810.0,558.0,0.0,0.0,15,13,4
267.94127,810.0,558.0,0.0,0.0,16,13,4
268.004012,828.0,558.0,0.0,0.0,16,13,4
268.158067,828.0,558.0,0.0,0.0,16,14,4
268.176213,828.0,576.0,0.0,0.0,16,13,4
268.192735,828.0,576.0,0.0,0.0,15,13,4
268.210021,828.0,576.0,0.0,0.0,16,13,4
268.235903,828.0,576.0,0.0,0.0,16,14,4
268.437512,846.0,576.0,0.0,0.0,16,14,4
268.547256,846.0,576.0,0.0,0.0,16,14,4
268.620755,846.0,576.0,0.0,0.0,16,15,4
268.753196,846.0,576.0,0.0,0.0,16,15,4
268.8002,846.0,90.0,486.0,0.0,16,15,4
269.534653,846.0,90.0,0.0,486.0,16,15,4
269.590452,846.0,90.0,0.0,486.0,16,15,4
269.626101,846.0,108.0,0.0,486.0,16,14,4
269.636092,846.0,108.0,0.0,486.0,15,14,4
269.653008,846.0,108.0,0.0,486.0,16,14,4
269.726444,846.0,126.0,0.0,486.0,16,13,4
269.739267,846.0,126.0,0.0,486.0,15,13,4
269.761883,846.0,126.0,0.0,486.0,16,13,4
269.789573,828.0,126.0,0.0,468.0,16,13,4
269.861361,810.0,126.0,0.0,450.0,16,13,4
269.877079,810.0,144.0,0.0,450.0,16,12,4
269.888078,810.0,144.0,0.0,450.0,15,12,4
269.902608,810.0,144.0,0.0,450.0,16,12,4
269.955181,792.0,144.0,0.0,432.0,16,12,4
270.015825,774.0,144.0,0.0,414.0,16,12,4
270.222174,774.0,162.0,0.0,414.0,16,11,4
270.237698,774.0,162.0,0.0,414.0,15,11,4
270.256709,774.0,162.0,0.0,414.0,16,11,4
270.285735,792.0,162.0,0.0,414.0,16,11,4
270.325108,792.0,162.0,0.0,414.0,16,12,4
270.489991,810.0,162.0,0.0,414.0,16,12,4
270.59691,810.0,162.0,0.0,414.0,16,13,4
270.617605,792.0,162.0,0.0,396.0,16,13,4
270.740408,810.0,162.0,0.0,396.0,16,13,4
270.868943,828.0,162.0,0.0,396.0,16,13,4
270.887806,828.0,162.0,0.0,396.0,16,14,4
270.940292,810.0,162.0,0.0,378.0,16,14,4
270.974285,810.0,162.0,0.0,378.0,16,15,4
271.017259,792.0,162.0,0.0,360.0,16,15,4
271.045697,774.0,162.0,0.0,342.0,16,15,4
271.070523,756.0,162.0,0.0,324.0,16,15,4
271.093244,738.0,162.0,0.0,306.0,16,15,4
271.119842,720.0,162.0,0.0,288.0,16,15,4
271.14601,702.0,162.0,0.0,270.0,16,15,4
271.176732,684.0,162.0,0.0,252.0,16,15,4
271.201368,666.0,162.0,0.0,234.0,16,15,4
271.225748,648.0,162.0,0.0,216.0,16,15,4
271.249072,630.0,162.0,0.0,198.0,16,15,4
271.273774,612.0,162.0,0.0,180.0,16,15,4
271.296807,594.0,162.0,0.0,162.0,16,15,4
271.321649,576.0,162.0,0.0,144.0,16,15,4
271.345941,558.0,162.0,0.0,126.0,16,15,4
271.36802,540.0,162.0,0.0,108.0,16,15,4
271.391423,522.0,162.0,0.0,90.0,16,15,4
271.413658,504.0,162.0,0.0,72.0,16,15,4
271.435767,486.0,162.0,0.0,54.0,16,15,4
271.458652,468.0,162.0,0.0,36.0,16,15,4
271.481272,450.0,162.0,0.0,18.0,16,15,4
271.50314,432.0,162.0,0.0,0.0,16,15,4
271.512446,432.0,162.0,0.0,0.0,16,15,3
271.543795,432.0,162.0,0.0,0.0,16,15,4
271.675276,432.0,162.0,0.0,0.0,16,15,4
272.708109,450.0,162.0,0.0,0.0,16,15,4
272.735965,450.0,162.0,0.0,0.0,16,16,4
272.838242,450.0,180.0,0.0,0.0,16,15,4
272.854008,450.0,180.0,0.0,0.0,15,15,4
272.87353,450.0,180.0,0.0,0.0,16,15,4
273.04725,450.0,198.0,0.0,0.0,16,14,4
273.065117,450.0,198.0,0.0,0.0,15,14,4
273.088868,450.0,198.0,0.0,0.0,16,14,4
273.167221,450.0,216.0,0.0,0.0,16,13,4
273.179454,450.0,216.0,0.0,0.0,15,13,4
273.198372,450.0,216.0,0.0,0.0,16,13,4
273.350785,468.0,216.0,0.0,0.0,16,13,4
273.493161,468.0,216.0,0.0,0.0,16,14,4
273.509855,486.0,216.0,0.0,0.0,16,14,4
273.546123,486.0,216.0,0.0,0.0,16,15,4
273.65748,486.0,234.0,0.0,0.0,16,14,4
273.674577,486.0,234.0,0.0,0.0,15,14,4
273.692989,486.0,234.0,0.0,0.0,16,14,4
273.960068,504.0,234.0,0.0,0.0,16,14,4
273.999366,504.0,234.0,0.0,0.0,16,15,4
275.308513,504.0,252.0,0.0,0.0,16,14,4
275.33043,504.0,252.0,0.0,0.0,15,14,4
275.358068,504.0,252.0,0.0,0.0,16,14,4
275.681751,504.0,270.0,0.0,0.0,16,13,4
275.701018,504.0,270.0,0.0,0.0,15,13,4
275.723009,504.0,270.0,0.0,0.0,16,13,4
275.909957,504.0,288.0,0.0,0.0,16,12,4
275.923725,504.0,288.0,0.0,0.0,15,12,4
275.942714,504.0,288.0,0.0,0.0,16,12,4
275.976995,522.0,288.0,0.0,0.0,16,12,4
276.018992,522.0,288.0,0.0,0.0,16,13,4
276.632994,540.0,288.0,0.0,0.0,16,13,4
276.661141,540.0,306.0,0.0,0.0,16,12,4
276.67635,540.0,306.0,0.0,0.0,15,12,4
276.701869,540.0,306.0,0.0,0.0,16,12,4
276.856421,558.0,306.0,0.0,0.0,16,12,4
276.887676,558.0,324.0,0.0,0.0,16,11,4
276.902586,558.0,324.0,0.0,0.0,15,11,4
276.920539,558.0,324.0,0.0,0.0,16,11,4
277.065872,558.0,324.0,0.0,0.0,16,12,4
277.084972,558.0,324.0,0.0,0.0,16,13,4
277.349681,576.0,324.0,0.0,0.0,16,13,4
277.386801,576.0,324.0,0.0,0.0,16,14,4
277.730459,576.0,342.0,0.0,0.0,16,13,4
277.744457,576.0,342.0,0.0,0.0,15,13,4
277.762389,576.0,342.0,0.0,0.0,16,13,4
278.193261,594.0,342.0,0.0,0.0,16,13,4
278.218476,594.0,360.0,0.0,0.0,16,12,4
278.232181,594.0,360.0,0.0,0.0,15,12,4
278.250923,594.0,360.0,0.0,0.0,16,12,4
278.308697,594.0,360.0,0.0,0.0,16,13,4
278.528697,612.0,360.0,0.0,0.0,16,13,4
278.557121,612.0,360.0,0.0,0.0,16,14,4
278.641308,612.0,378.0,0.0,0.0,16,13,4
278.655218,612.0,378.0,0.0,0.0,15,13,4
278.670591,612.0,378.0,0.0,0.0,16,13,4
278.794699,612.0,396.0,0.0,0.0,16,12,4
278.806163,612.0,396.0,0.0,0.0,15,12,4
278.826292,612.0,396.0,0.0,0.0,16,12,4
278.858342,630.0,396.0,0.0,0.0,16,12,4
278.914257,630.0,396.0,0.0,0.0,16,13,4
279.109817,648.0,396.0,0.0,0.0,16,13,4
279.144618,648.0,396.0,0.0,0.0,16,14,4
279.735641,648.0,414.0,0.0,0.0,16,13,4
279.75054,648.0,414.0,0.0,0.0,15,13,4
279.772008,648.0,414.0,0.0,0.0,16,13,4
280.102702,666.0,414.0,0.0,0.0,16,13,4
280.132646,666.0,414.0,0.0,0.0,16,14,4
280.638528,684.0,414.0,0.0,0.0,16,14,4
280.658138,684.0,432.0,0.0,0.0,16,13,4
280.669526,684.0,432.0,0.0,0.0,15,13,4
280.684007,684.0,432.0,0.0,0.0,16,13,4
280.724751,684.0,432.0,0.0,0.0,16,14,4
280.753747,684.0,450.0,0.0,0.0,16,13,4
280.763665,684.0,450.0,0.0,0.0,15,13,4
280.782392,684.0,450.0,0.0,0.0,16,13,4
281.006485,702.0,450.0,0.0,0.0,16,13,4
281.105778,720.0,450.0,0.0,0.0,16,13,4
281.124598,720.0,468.0,0.0,0.0,16,12,4
281.138804,720.0,468.0,0.0,0.0,15,12,4
281.162364,720.0,468.0,0.0,0.0,16,12,4
281.258927,720.0,468.0,0.0,0.0,16,13,4
281.28006,720.0,468.0,0.0,0.0,16,14,4
281.445332,738.0,468.0,0.0,0.0,16,14,4
281.471963,738.0,468.0,0.0,0.0,16,15,4
283.826091,756.0,468.0,0.0,0.0,16,15,4
283.847342,756.0,486.0,0.0,0.0,16,14,4
283.860124,756.0,486.0,0.0,0.0,15,14,4
283.87741,756.0,486.0,0.0,0.0,16,14,4
283.917612,756.0,504.0,0.0,0.0,16,13,4
283.933197,756.0,504.0,0.0,0.0,15,13,4
283.950246,756.0,504.0,0.0,0.0,16,13,4
284.023203,756.0,504.0,0.0,0.0,16,14,4
284.041428,756.0,522.0,0.0,0.0,16,13,4
284.05619,756.0,522.0,0.0,0.0,15,13,4
284.075842,756.0,522.0,0.0,0.0,16,13,4
284.222898,774.0,522.0,0.0,0.0,16,13,4
284.433275,792.0,522.0,0.0,0.0,16,13,4
284.500733,792.0,522.0,0.0,0.0,16,14,4
284.527643,792.0,522.0,0.0,0.0,16,15,4
284.698101,792.0,540.0,0.0,0.0,16,14,4
284.712834,792.0,540.0,0.0,0.0,15,14,4
284.736994,792.0,540.0,0.0,0.0,16,14,4
285.008293,810.0,540.0,0.0,0.0,16,14,4
285.0381,810.0,540.0,0.0,0.0,16,15,4
286.258475,828.0,540.0,0.0,0.0,16,15,4
286.291976,828.0,540.0,0.0,0.0,16,16,4
286.303698,828.0,558.0,0.0,0.0,16,15,4
286.314177,828.0,558.0,0.0,0.0,15,15,4
286.329302,828.0,558.0,0.0,0.0,16,15,4
286.528051,846.0,558.0,0.0,0.0,16,15,4
286.553276,846.0,558.0,0.0,0.0,16,16,4
287.130341,846.0,576.0,0.0,0.0,16,15,4
287.145055,846.0,576.0,0.0,0.0,15,15,4
287.166084,846.0,576.0,0.0,0.0,16,15,4
287.268765,846.0,594.0,0.0,0.0,16,14,4
287.277719,846.0,594.0,0.0,0.0,15,14,4
287.289189,846.0,594.0,0.0,0.0,16,14,4
287.557272,846.0,612.0,0.0,0.0,16,13,4
287.570712,846.0,612.0,0.0,0.0,15,13,4
287.586667,846.0,612.0,0.0,0.0,16,13,4
287.611968,864.0,612.0,0.0,0.0,16,13,4
287.635616,864.0,612.0,0.0,0.0,16,14,4
287.839555,882.0,612.0,0.0,0.0,16,14,4
287.879118,882.0,612.0,0.0,0.0,16,15,4
288.524643,900.0,612.0,0.0,0.0,16,15,4
288.555288,900.0,612.0,0.0,0.0,16,16,4
288.604946,900.0,630.0,0.0,0.0,16,15,4
288.618958,900.0,630.0,0.0,0.0,15,15,4
288.636167,900.0,630.0,0.0,0.0,16,15,4
288.904647,918.0,630.0,0.0,0.0,16,15,4
288.931877,918.0,630.0,0.0,0.0,16,16,4
289.717248,918.0,648.0,0.0,0.0,16,15,4
289.732021,918.0,648.0,0.0,0.0,15,15,4
289.747624,918.0,648.0,0.0,0.0,16,15,4
289.985962,936.0,648.0,0.0,0.0,16,15,4
290.029955,936.0,648.0,0.0,0.0,16,16,4
290.332904,936.0,666.0,0.0,0.0,16,15,4
290.347218,936.0,666.0,0.0,0.0,15,15,4
290.363457,936.0,666.0,0.0,0.0,16,15,4
290.445418,936.0,684.0,0.0,0.0,16,14,4
290.459769,936.0,684.0,0.0,0.0,15,14,4
290.479502,936.0,684.0,0.0,0.0,16,14,4
290.738061,954.0,684.0,0.0,0.0,16,14,4
290.78002,954.0,702.0,0.0,0.0,16,13,4
290.792388,954.0,702.0,0.0,0.0,15,13,4
290.808192,954.0,702.0,0.0,0.0,16,13,4
290.930921,954.0,702.0,0.0,0.0,16,14,4
291.129326,972.0,702.0,0.0,0.0,16,14,4
291.246521,990.0,702.0,0.0,0.0,16,14,4
291.352897,990.0,702.0,0.0,0.0,16,15,4
291.368113,990.0,702.0,0.0,0.0,16,16,4
291.557686,990.0,702.0,0.0,0.0,16,16,4
292.234633,990.0,702.0,0.0,0.0,16,16,4
292.295045,990.0,216.0,486.0,0.0,16,16,4
292.558934,990.0,234.0,486.0,0.0,16,15,4
292.568006,990.0,234.0,486.0,0.0,15,15,4
292.580856,990.0,234.0,486.0,0.0,16,15,4
292.792949,1008.0,234.0,486.0,0.0,16,15,4
292.823027,1008.0,234.0,486.0,0.0,16,16,4
292.89919,1008.0,252.0,486.0,0.0,16,15,4
292.917944,1008.0,252.0,486.0,0.0,15,15,4
292.93986,1008.0,252.0,486.0,0.0,16,15,4
293.567349,1008.0,270.0,486.0,0.0,16,14,4
293.580142,1008.0,270.0,486.0,0.0,15,14,4
293.595302,1008.0,270.0,486.0,0.0,16,14,4
293.63574,1008.0,288.0,486.0,0.0,16,13,4
293.6479,1008.0,288.0,486.0,0.0,15,13,4
293.663337,1008.0,288.0,486.0,0.0,16,13,4
293.968848,1026.0,288.0,486.0,0.0,16,13,4
294.036716,1026.0,306.0,486.0,0.0,16,12,4
294.050435,1026.0,306.0,486.0,0.0,15,12,4
294.066124,1026.0,306.0,486.0,0.0,16,12,4
294.146041,1026.0,306.0,486.0,0.0,16,13,4
294.409254,1026.0,306.0,0.0,486.0,16,13,4
294.474726,1026.0,306.0,0.0,486.0,16,13,4
294.58476,1008.0,306.0,0.0,468.0,16,13,4
294.619253,990.0,306.0,0.0,450.0,16,13,4
294.646958,972.0,306.0,0.0,432.0,16,13,4
294.674306,954.0,306.0,0.0,414.0,16,13,4
294.701528,936.0,306.0,0.0,396.0,16,13,4
294.727943,918.0,306.0,0.0,378.0,16,13,4
294.757202,900.0,306.0,0.0,360.0,16,13,4
294.783236,882.0,306.0,0.0,342.0,16,13,4
294.809969,864.0,306.0,0.0,324.0,16,13,4
294.834147,846.0,306.0,0.0,306.0,16,13,4
294.858478,828.0,306.0,0.0,288.0,16,13,4
294.882517,810.0,306.0,0.0,270.0,16,13,4
294.908641,792.0,306.0,0.0,252.0,16,13,4
295.005859,774.0,306.0,0.0,234.0,16,13,4
295.158707,792.0,306.0,0.0,234.0,16,13,4
295.182086,792.0,324.0,0.0,234.0,16,12,4
295.198406,792.0,324.0,0.0,234.0,15,12,4
295.218925,792.0,324.0,0.0,234.0,16,12,4
295.391493,810.0,324.0,0.0,234.0,16,12,4
295.493346,792.0,324.0,0.0,216.0,16,12,4
295.637165,810.0,324.0,0.0,216.0,16,12,4
295.746886,810.0,342.0,0.0,216.0,16,11,4
295.763172,810.0,342.0,0.0,216.0,15,11,4
295.785548,810.0,342.0,0.0,216.0,16,11,4
296.027295,810.0,360.0,0.0,216.0,16,10,4
296.041526,810.0,360.0,0.0,216.0,15,10,4
296.058674,810.0,360.0,0.0,216.0,16,10,4
296.143267,810.0,360.0,0.0,216.0,16,11,4
296.201737,810.0,378.0,0.0,216.0,16,10,4
296.218906,810.0,378.0,0.0,216.0,15,10,4
296.238944,810.0,378.0,0.0,216.0,16,10,4
296.274583,810.0,378.0,0.0,216.0,16,11,4
296.298392,828.0,378.0,0.0,216.0,16,11,4
296.365736,828.0,378.0,0.0,216.0,16,12,4
296.403593,828.0,378.0,0.0,216.0,16,13,4
296.550637,846.0,378.0,0.0,216.0,16,13,4
296.658091,828.0,378.0,0.0,198.0,16,13,4
296.824865,846.0,378.0,0.0,198.0,16,13,4
296.982979,846.0,378.0,0.0,198.0,16,14,4
297.016229,846.0,378.0,0.0,198.0,16,15,4
297.041201,864.0,378.0,0.0,198.0,16,15,4
297.142582,864.0,378.0,0.0,198.0,16,16,4
297.169285,846.0,378.0,0.0,180.0,16,16,4
297.202646,828.0,378.0,0.0,162.0,16,16,4
297.233019,810.0,378.0,0.0,144.0,16,16,4
297.258698,792.0,378.0,0.0,126.0,16,16,4
297.282084,774.0,378.0,0.0,108.0,16,16,4
297.308718,756.0,378.0,0.0,90.0,16,16,4
297.320125,756.0,396.0,0.0,90.0,16,15,4
297.333568,756.0,396.0,0.0,90.0,15,15,4
297.348282,756.0,396.0,0.0,90.0,16,15,4
297.410377,738.0,396.0,0.0,72.0,16,15,4
297.435681,720.0,396.0,0.0,54.0,16,15,4
297.462103,702.0,396.0,0.0,36.0,16,15,4
297.488063,684.0,396.0,0.0,18.0,16,15,4
297.550451,666.0,396.0,0.0,0.0,16,15,4
297.665036,684.0,396.0,0.0,0.0,16,15,4
297.709607,684.0,396.0,0.0,0.0,16,16,4
297.73153,684.0,396.0,0.0,0.0,16,16,3
298.167369,684.0,414.0,0.0,0.0,16,15,3
298.18199,684.0,414.0,0.0,0.0,15,15,3
298.202307,684.0,414.0,0.0,0.0,16,15,3
298.418579,702.0,414.0,0.0,0.0,16,15,3
298.447131,702.0,414.0,0.0,0.0,16,16,3
298.748114,702.0,432.0,0.0,0.0,16,15,3
298.759318,702.0,432.0,0.0,0.0,15,15,3
298.774713,702.0,432.0,0.0,0.0,16,15,3
299.002904,702.0,450.0,0.0,0.0,16,14,3
299.018905,702.0,450.0,0.0,0.0,15,14,3
299.036297,702.0,450.0,0.0,0.0,16,14,3
299.069864,720.0,450.0,0.0,0.0,16,14,3
299.103583,720.0,450.0,0.0,0.0,16,15,3
299.351912,738.0,450.0,0.0,0.0,16,15,3
299.381749,738.0,450.0,0.0,0.0,16,16,3
299.408453,738.0,468.0,0.0,0.0,16,15,3
299.426997,738.0,468.0,0.0,0.0,15,15,3
299.446233,738.0,468.0,0.0,0.0,16,15,3
299.740777,756.0,468.0,0.0,0.0,16,15,3
299.776129,756.0,468.0,0.0,0.0,16,16,3
301.238276,756.0,486.0,0.0,0.0,16,15,3
301.256009,756.0,486.0,0.0,0.0,15,15,3
301.273284,756.0,486.0,0.0,0.0,16,15,3
301.356887,756.0,504.0,0.0,0.0,16,14,3
301.370318,756.0,504.0,0.0,0.0,15,14,3
301.386565,756.0,504.0,0.0,0.0,16,14,3
301.587256,774.0,504.0,0.0,0.0,16,14,3
301.714939,792.0,504.0,0.0,0.0,16,14,3
301.772626,792.0,504.0,0.0,0.0,16,15,3
301.806643,792.0,504.0,0.0,0.0,16,16,3
303.18481,792.0,522.0,0.0,0.0,16,15,3
303.19464,792.0,522.0,0.0,0.0,15,15,3
303.20917,792.0,522.0,0.0,0.0,16,15,3
303.490033,792.0,540.0,0.0,0.0,16,14,3
303.504511,792.0,540.0,0.0,0.0,15,14,3
303.524195,792.0,540.0,0.0,0.0,16,14,3
304.022876,810.0,540.0,0.0,0.0,16,14,3
304.062998,810.0,540.0,0.0,0.0,16,15,3
304.07367,810.0,558.0,0.0,0.0,16,14,3
304.087169,810.0,558.0,0.0,0.0,15,14,3
304.103955,810.0,558.0,0.0,0.0,16,14,3
304.240547,810.0,576.0,0.0,0.0,16,13,3
304.25343,810.0,576.0,0.0,0.0,15,13,3
304.270347,810.0,576.0,0.0,0.0,16,13,3
304.33419,810.0,594.0,0.0,0.0,16,12,3
304.347583,810.0,594.0,0.0,0.0,15,12,3
304.364859,810.0,594.0,0.0,0.0,16,12,3
304.520401,810.0,594.0,0.0,0.0,16,12,3
304.675921,828.0,594.0,0.0,0.0,16,12,3
304.700006,828.0,594.0,0.0,0.0,16,13,3
305.494585,828.0,594.0,0.0,0.0,16,13,3
305.58476,828.0,108.0,486.0,0.0,16,13,3
306.077571,828.0,126.0,486.0,0.0,16,12,3
306.091237,828.0,126.0,486.0,0.0,15,12,3
306.108076,828.0,126.0,486.0,0.0,16,12,3
306.460069,828.0,144.0,486.0,0.0,16,11,3
306.474014,828.0,144.0,486.0,0.0,15,11,3
306.490253,828.0,144.0,486.0,0.0,16,11,3
306.566423,828.0,162.0,486.0,0.0,16,10,3
306.581567,828.0,162.0,486.0,0.0,15,10,3
306.598613,828.0,162.0,486.0,0.0,16,10,3
306.735566,846.0,162.0,486.0,0.0,16,10,3
306.928551,846.0,180.0,486.0,0.0,16,9,3
306.943869,846.0,180.0,486.0,0.0,15,9,3
306.964827,846.0,180.0,486.0,0.0,16,9,3
306.996343,846.0,198.0,486.0,0.0,16,8,3
307.008188,846.0,198.0,486.0,0.0,15,8,3
307.028821,846.0,198.0,486.0,0.0,16,8,3
307.245406,864.0,198.0,486.0,0.0,16,8,3
307.429088,864.0,198.0,486.0,0.0,16,9,3
307.581127,882.0,198.0,486.0,0.0,16,9,3
307.814192,882.0,198.0,486.0,0.0,16,10,3
307.879023,900.0,198.0,486.0,0.0,16,10,3
307.93881,900.0,198.0,486.0,0.0,16,11,3
308.114272,900.0,198.0,486.0,0.0,16,12,3
308.140189,918.0,198.0,486.0,0.0,16,12,3
308.182966,918.0,198.0,486.0,0.0,16,13,3
308.322415,918.0,198.0,0.0,486.0,16,13,3
308.391193,918.0,198.0,0.0,486.0,16,13,3
308.507486,900.0,198.0,0.0,468.0,16,13,3
308.546085,882.0,198.0,0.0,450.0,16,13,3
308.575603,864.0,198.0,0.0,432.0,16,13,3
308.603037,846.0,198.0,0.0,414.0,16,13,3
308.629741,828.0,198.0,0.0,396.0,16,13,3
308.658242,810.0,198.0,0.0,378.0,16,13,3
308.68423,792.0,198.0,0.0,360.0,16,13,3
308.708244,774.0,198.0,0.0,342.0,16,13,3
308.733728,756.0,198.0,0.0,324.0,16,13,3
308.760286,738.0,198.0,0.0,306.0,16,13,3
308.783849,720.0,198.0,0.0,288.0,16,13,3
308.826562,702.0,198.0,0.0,270.0,16,13,3
308.85266,684.0,198.0,0.0,252.0,16,13,3
308.91684,666.0,198.0,0.0,234.0,16,13,3
309.060312,666.0,216.0,0.0,234.0,16,12,3
309.07522,666.0,216.0,0.0,234.0,15,12,3
309.093465,666.0,216.0,0.0,234.0,16,12,3
309.125064,684.0,216.0,0.0,234.0,16,12,3
309.234694,684.0,234.0,0.0,234.0,16,11,3
309.251408,684.0,234.0,0.0,234.0,15,11,3
309.268527,684.0,234.0,0.0,234.0,16,11,3
309.307252,666.0,234.0,0.0,216.0,16,11,3
309.404111,648.0,234.0,0.0,198.0,16,11,3
309.454327,630.0,234.0,0.0,180.0,16,11,3
309.532616,630.0,234.0,0.0,180.0,16,12,3
309.577522,612.0,234.0,0.0,162.0,16,12,3
309.657242,612.0,252.0,0.0,162.0,16,11,3
309.671236,612.0,252.0,0.0,162.0,15,11,3
309.687183,612.0,252.0,0.0,162.0,16,11,3
309.825568,630.0,252.0,0.0,162.0,16,11,3
309.952461,630.0,252.0,0.0,162.0,16,12,3
310.057559,648.0,252.0,0.0,162.0,16,12,3
310.168111,648.0,252.0,0.0,162.0,16,13,3
310.189053,630.0,252.0,0.0,144.0,16,13,3
310.297946,648.0,252.0,0.0,144.0,16,13,3
310.358331,630.0,252.0,0.0,126.0,16,13,3
310.420295,612.0,252.0,0.0,108.0,16,13,3
310.454335,594.0,252.0,0.0,90.0,16,13,3
310.487921,576.0,252.0,0.0,72.0,16,13,3
310.525679,558.0,252.0,0.0,54.0,16,13,3
310.534697,558.0,252.0,0.0,54.0,16,14,3
310.593951,558.0,270.0,0.0,54.0,16,13,3
310.609287,558.0,270.0,0.0,54.0,15,13,3
310.628777,558.0,270.0,0.0,54.0,16,13,3
310.690686,558.0,288.0,0.0,54.0,16,12,3
310.702207,558.0,288.0,0.0,54.0,15,12,3
310.715922,558.0,288.0,0.0,54.0,16,12,3
310.742338,540.0,288.0,0.0,36.0,16,12,3
310.973933,558.0,288.0,0.0,36.0,16,12,3
311.017465,558.0,288.0,0.0,36.0,16,13,3
311.105938,558.0,306.0,0.0,36.0,16,12,3
311.116865,558.0,306.0,0.0,36.0,15,12,3
311.131696,558.0,306.0,0.0,36.0,16,12,3
311.185251,576.0,306.0,0.0,36.0,16,12,3
311.236437,576.0,306.0,0.0,36.0,16,13,3
311.414562,558.0,306.0,0.0,18.0,16,13,3
311.553382,576.0,306.0,0.0,18.0,16,13,3
311.574904,576.0,324.0,0.0,18.0,16,12,3
311.590156,576.0,324.0,0.0,18.0,15,12,3
311.613229,576.0,324.0,0.0,18.0,16,12,3
311.649925,576.0,342.0,0.0,18.0,16,11,3
311.666065,576.0,342.0,0.0,18.0,15,11,3
311.684355,576.0,342.0,0.0,18.0,16,11,3
311.946325,576.0,342.0,0.0,18.0,16,12,3
311.965525,594.0,342.0,0.0,18.0,16,12,3
312.084059,612.0,342.0,0.0,18.0,16,12,3
312.199925,594.0,342.0,0.0,0.0,16,12,3
312.372972,612.0,342.0,0.0,0.0,16,12,3
312.395985,612.0,342.0,0.0,0.0,16,13,3
312.521177,630.0,342.0,0.0,0.0,16,13,3
312.587099,630.0,342.0,0.0,0.0,16,14,3
312.62175,630.0,342.0,0.0,0.0,16,14,2
312.700067,630.0,342.0,0.0,0.0,16,15,2
312.727202,630.0,342.0,0.0,0.0,16,16,2
313.596349,630.0,360.0,0.0,0.0,16,15,2
313.609796,630.0,360.0,0.0,0.0,15,15,2
313.625348,630.0,360.0,0.0,0.0,16,15,2
313.878326,630.0,378.0,0.0,0.0,16,14,2
313.893175,630.0,378.0,0.0,0.0,15,14,2
313.909411,630.0,378.0,0.0,0.0,16,14,2
313.93992,648.0,378.0,0.0,0.0,16,14,2
313.972098,648.0,378.0,0.0,0.0,16,15,2
314.189339,666.0,378.0,0.0,0.0,16,15,2
314.215354,666.0,378.0,0.0,0.0,16,16,2
314.259676,666.0,396.0,0.0,0.0,16,15,2
314.272354,666.0,396.0,0.0,0.0,15,15,2
314.286998,666.0,396.0,0.0,0.0,16,15,2
315.98986,666.0,414.0,0.0,0.0,16,14,2
316.003607,666.0,414.0,0.0,0.0,15,14,2
316.018526,666.0,414.0,0.0,0.0,16,14,2
316.247088,666.0,432.0,0.0,0.0,16,13,2
316.255709,666.0,432.0,0.0,0.0,15,13,2
316.267137,666.0,432.0,0.0,0.0,16,13,2
316.290877,684.0,432.0,0.0,0.0,16,13,2
316.320711,684.0,432.0,0.0,0.0,16,14,2
316.529859,702.0,432.0,0.0,0.0,16,14,2
316.635456,720.0,432.0,0.0,0.0,16,14,2
316.651695,720.0,450.0,0.0,0.0,16,13,2
316.663567,720.0,450.0,0.0,0.0,15,13,2
316.684291,720.0,450.0,0.0,0.0,16,13,2
316.746363,720.0,450.0,0.0,0.0,16,14,2
316.763181,720.0,450.0,0.0,0.0,16,15,2
316.941558,738.0,450.0,0.0,0.0,16,15,2
316.971976,738.0,450.0,0.0,0.0,16,16,2
317.347074,738.0,468.0,0.0,0.0,16,15,2
317.361566,738.0,468.0,0.0,0.0,15,15,2
317.377935,738.0,468.0,0.0,0.0,16,15,2
317.61127,756.0,468.0,0.0,0.0,16,15,2
317.63629,756.0,468.0,0.0,0.0,16,16,2
318.173216,756.0,486.0,0.0,0.0,16,15,2
318.186996,756.0,486.0,0.0,0.0,15,15,2
318.202654,756.0,486.0,0.0,0.0,16,15,2
318.248946,756.0,504.0,0.0,0.0,16,14,2
318.263271,756.0,504.0,0.0,0.0,15,14,2
318.28271,756.0,504.0,0.0,0.0,16,14,2
318.471357,774.0,504.0,0.0,0.0,16,14,2
318.499175,774.0,504.0,0.0,0.0,16,15,2
319.020971,774.0,522.0,0.0,0.0,16,14,2
319.036275,774.0,522.0,0.0,0.0,15,14,2
319.054224,774.0,522.0,0.0,0.0,16,14,2
319.341727,792.0,522.0,0.0,0.0,16,14,2
319.373087,792.0,522.0,0.0,0.0,16,15,2
319.621553,810.0,522.0,0.0,0.0,16,15,2
319.650618,810.0,522.0,0.0,0.0,16,16,2
319.700426,810.0,540.0,0.0,0.0,16,15,2
319.712945,810.0,540.0,0.0,0.0,15,15,2
319.730624,810.0,540.0,0.0,0.0,16,15,2
319.956182,828.0,540.0,0.0,0.0,16,15,2
319.987619,828.0,540.0,0.0,0.0,16,16,2
320.594335,828.0,558.0,0.0,0.0,16,15,2
320.606092,828.0,558.0,0.0,0.0,15,15,2
320.62529,828.0,558.0,0.0,0.0,16,15,2
320.869876,846.0,558.0,0.0,0.0,16,15,2
320.899781,846.0,558.0,0.0,0.0,16,16,2
322.275912,846.0,576.0,0.0,0.0,16,15,2
322.290899,846.0,576.0,0.0,0.0,15,15,2
322.30648,846.0,576.0,0.0,0.0,16,15,2
322.388113,846.0,594.0,0.0,0.0,16,14,2
322.403025,846.0,594.0,0.0,0.0,15,14,2
322.419584,846.0,594.0,0.0,0.0,16,14,2
322.571002,864.0,594.0,0.0,0.0,16,14,2
322.740432,864.0,594.0,0.0,0.0,16,15,2
322.766808,882.0,594.0,0.0,0.0,16,15,2
322.80194,882.0,594.0,0.0,0.0,16,16,2
322.912881,882.0,612.0,0.0,0.0,16,15,2
322.931482,882.0,612.0,0.0,0.0,15,15,2
322.951574,882.0,612.0,0.0,0.0,16,15,2
322.996749,882.0,630.0,0.0,0.0,16,14,2
323.010788,882.0,630.0,0.0,0.0,15,14,2
323.026627,882.0,630.0,0.0,0.0,16,14,2
323.318923,900.0,630.0,0.0,0.0,16,14,2
323.376881,900.0,630.0,0.0,0.0,16,15,2
323.580498,900.0,630.0,0.0,0.0,16,15,2
324.493743,900.0,630.0,0.0,0.0,16,15,2
324.548783,900.0,144.0,486.0,0.0,16,15,2
324.611813,900.0,162.0,486.0,0.0,16,14,2
324.623652,900.0,162.0,486.0,0.0,15,14,2
324.640734,900.0,162.0,486.0,0.0,16,14,2
324.912812,918.0,162.0,486.0,0.0,16,14,2
324.980877,918.0,162.0,486.0,0.0,16,15,2
325.739156,918.0,180.0,486.0,0.0,16,14,2
325.753107,918.0,180.0,486.0,0.0,15,14,2
325.771476,918.0,180.0,486.0,0.0,16,14,2
325.801491,918.0,180.0,0.0,486.0,16,14,2
325.817869,918.0,198.0,0.0,486.0,16,13,2
325.82996,918.0,198.0,0.0,486.0,15,13,2
325.99665,936.0,198.0,0.0,486.0,15,13,2
326.068095,936.0,198.0,0.0,486.0,15,14,2
326.104335,936.0,198.0,0.0,486.0,15,14,2
326.191214,936.0,216.0,0.0,486.0,15,13,2
326.209198,936.0,216.0,0.0,486.0,14,13,2
326.236776,918.0,216.0,0.0,468.0,14,13,2
326.274214,900.0,216.0,0.0,450.0,14,13,2
326.304113,882.0,216.0,0.0,432.0,14,13,2
326.330674,864.0,216.0,0.0,414.0,14,13,2
326.360907,846.0,216.0,0.0,396.0,14,13,2
326.387574,828.0,216.0,0.0,378.0,14,13,2
326.417032,810.0,216.0,0.0,360.0,14,13,2
326.44396,792.0,216.0,0.0,342.0,14,13,2
326.468536,774.0,216.0,0.0,324.0,14,13,2
326.498125,774.0,234.0,0.0,324.0,14,12,2
326.51166,774.0,234.0,0.0,324.0,13,12,2
326.540694,756.0,234.0,0.0,306.0,13,12,2
326.578579,738.0,234.0,0.0,288.0,13,12,2
326.601519,720.0,234.0,0.0,270.0,13,12,2
326.627396,702.0,234.0,0.0,252.0,13,12,2
326.650409,684.0,234.0,0.0,234.0,13,12,2
326.672967,666.0,234.0,0.0,216.0,13,12,2
326.696043,648.0,234.0,0.0,198.0,13,12,2
326.719449,630.0,234.0,0.0,180.0,13,12,2
326.744376,612.0,234.0,0.0,162.0,13,12,2
326.768042,594.0,234.0,0.0,144.0,13,12,2
326.794057,576.0,234.0,0.0,126.0,13,12,2
326.818285,558.0,234.0,0.0,108.0,13,12,2
326.843707,540.0,234.0,0.0,90.0,13,12,2
326.867845,522.0,234.0,0.0,72.0,13,12,2
326.893625,504.0,234.0,0.0,54.0,13,12,2
326.917128,486.0,234.0,0.0,36.0,13,12,2
326.941937,468.0,234.0,0.0,18.0,13,12,2
326.965913,450.0,234.0,0.0,0.0,13,12,2
326.974983,450.0,234.0,0.0,0.0,13,12,1
327.276694,468.0,234.0,0.0,0.0,13,12,1
327.309859,468.0,234.0,0.0,0.0,13,13,1
327.320738,468.0,252.0,0.0,0.0,13,12,1
327.332811,468.0,252.0,0.0,0.0,12,12,1
328.629347,468.0,270.0,0.0,0.0,12,11,1
328.647454,468.0,270.0,0.0,0.0,11,11,1
332.048542,468.0,288.0,0.0,0.0,11,10,1
332.064454,468.0,288.0,0.0,0.0,10,10,1
332.119888,468.0,306.0,0.0,0.0,10,9,1
332.13173,468.0,306.0,0.0,0.0,9,9,1
332.202892,468.0,324.0,0.0,0.0,9,8,1
332.216961,468.0,324.0,0.0,0.0,8,8,1
332.281076,468.0,342.0,0.0,0.0,8,7,1
332.292244,468.0,342.0,0.0,0.0,7,7,1
333.737141,468.0,360.0,0.0,0.0,7,6,1
333.755525,468.0,360.0,0.0,0.0,6,6,1
333.813985,468.0,378.0,0.0,0.0,6,5,1
333.826824,468.0,378.0,0.0,0.0,5,5,1
334.382315,468.0,396.0,0.0,0.0,5,4,1
334.399753,468.0,396.0,0.0,0.0,4,4,1
334.475617,468.0,414.0,0.0,0.0,4,3,1
334.491392,468.0,414.0,0.0,0.0,3,3,1
334.713259,468.0,432.0,0.0,0.0,3,2,1
334.724825,468.0,432.0,0.0,0.0,2,2,1
337.126441,468.0,450.0,0.0,0.0,2,1,1
337.143506,468.0,450.0,0.0,0.0,1,1,1
338.423435,468.0,468.0,0.0,0.0,1,0,1
338.441109,468.0,468.0,0.0,0.0,0,0,1
338.844318,468.0,468.0,0.0,0.0,0,0,1
339.815163,468.0,468.0,0.0,0.0,0,0,1
339.853067,468.0,0.0,468.0,0.0,0,0,1
340.538125,468.0,0.0,0.0,468.0,0,0,1
340.589122,468.0,0.0,0.0,468.0,0,0,1
340.651833,450.0,0.0,0.0,450.0,0,0,1
340.683577,432.0,0.0,0.0,432.0,0,0,1
340.707639,414.0,0.0,0.0,414.0,0,0,1
340.728642,396.0,0.0,0.0,396.0,0,0,1
340.754516,378.0,0.0,0.0,378.0,0,0,1
340.778507,360.0,0.0,0.0,360.0,0,0,1
340.800271,342.0,0.0,0.0,342.0,0,0,1
340.822196,324.0,0.0,0.0,324.0,0,0,1
340.845741,306.0,0.0,0.0,306.0,0,0,1
340.875461,288.0,0.0,0.0,288.0,0,0,1
340.897397,270.0,0.0,0.0,270.0,0,0,1
340.921526,252.0,0.0,0.0,252.0,0,0,1
340.944979,234.0,0.0,0.0,234.0,0,0,1
340.967423,216.0,0.0,0.0,216.0,0,0,1
340.989859,198.0,0.0,0.0,198.0,0,0,1
341.012278,180.0,0.0,0.0,180.0,0,0,1
341.035739,162.0,0.0,0.0,162.0,0,0,1
341.059514,144.0,0.0,0.0,144.0,0,0,1
341.083716,126.0,0.0,0.0,126.0,0,0,1
341.106491,108.0,0.0,0.0,108.0,0,0,1
341.128193,90.0,0.0,0.0,90.0,0,0,1
341.153298,72.0,0.0,0.0,72.0,0,0,1
341.176672,54.0,0.0,0.0,54.0,0,0,1
341.202791,36.0,0.0,0.0,36.0,0,0,1
341.227295,18.0,0.0,0.0,18.0,0,0,1
341.260179,0.0,0.0,0.0,0.0,0,0,1
341.269124,0.0,0.0,0.0,0.0,0,0,0
343.676023,0.0,0.0,0.0,0.0,0,0,0
