key,index,window,worker_start,allocated,fetch_start,fetch_done,worker_done,scatter_start,scatter_done,freed,fetch_ms,ready_wait_ms,waiting_other_chunks_ms,window_finalize_ms,window_schedule_wait_ms,ready_to_free_ms,wait_for_last_worker_start_ms,wait_from_last_worker_to_last_fetch_start_ms,wait_after_last_fetch_start_ms
minji-sync-capacity-9cccf59d8f134c0fb8c266b014565fe3:qwen4b-shaped-capacity-test@1@0@2fea150ed91d1a03@bfloat16,0,0,2561029344699818,2561029346424395,2561029347935169,2561029353602475,2561029353620365,2561029382477471,2561029385012460,2561029385184498,5.667306,28.874996,25.801961,2.223591,0.849444,31.582023,6.071511,2.146513,17.583937
minji-sync-capacity-9cccf59d8f134c0fb8c266b014565fe3:qwen4b-shaped-capacity-test@1@0@2d47f1184b9ae063@bfloat16,1,0,2561029345726083,2561029347309676,2561029348021909,2561029353986568,2561029354009250,2561029382477471,2561029385012460,2561029385223104,5.964659,28.490903,25.417868,2.223591,0.849444,31.236536,5.687418,2.146513,17.583937
minji-sync-capacity-9cccf59d8f134c0fb8c266b014565fe3:qwen4b-shaped-capacity-test@1@0@71d652492867a794@bfloat16,2,0,2561029345830286,2561029346657284,2561029348965290,2561029354917833,2561029354937291,2561029382477471,2561029385012460,2561029385256173,5.952543,27.559638,24.486603,2.223591,0.849444,30.33834,4.756153,2.146513,17.583937
minji-sync-capacity-9cccf59d8f134c0fb8c266b014565fe3:qwen4b-shaped-capacity-test@1@0@-5c7d3ad80e88e24@bfloat16,3,0,2561029346343532,2561029348671642,2561029348828383,2561029354997150,2561029355017824,2561029382477471,2561029385012460,2561029385286247,6.168767,27.480321,24.407286,2.223591,0.849444,30.289097,4.676836,2.146513,17.583937
minji-sync-capacity-9cccf59d8f134c0fb8c266b014565fe3:qwen4b-shaped-capacity-test@1@0@-7f96abebaa38dc8c@bfloat16,4,0,2561029346511533,2561029347558620,2561029348786810,2561029355388050,2561029355408994,2561029382477471,2561029385012460,2561029385314272,6.60124,27.089421,24.016386,2.223591,0.849444,29.926222,4.285936,2.146513,17.583937
minji-sync-capacity-9cccf59d8f134c0fb8c266b014565fe3:qwen4b-shaped-capacity-test@1@0@b8a4cc8a00e3bbf@bfloat16,5,0,2561029346733583,2561029348932215,2561029349010345,2561029358260972,2561029358276189,2561029382477471,2561029385012460,2561029385340313,9.250627,24.216499,21.143464,2.223591,0.849444,27.079341,1.413014,2.146513,17.583937
minji-sync-capacity-9cccf59d8f134c0fb8c266b014565fe3:qwen4b-shaped-capacity-test@1@0@6c228b2f5aba3324@bfloat16,6,0,2561029347200123,2561029349432597,2561029349834799,2561029356700472,2561029356717646,2561029382477471,2561029385012460,2561029385363953,6.865673,25.776999,22.703964,2.223591,0.849444,28.663481,2.973514,2.146513,17.583937
minji-sync-capacity-9cccf59d8f134c0fb8c266b014565fe3:qwen4b-shaped-capacity-test@1@0@-11396abe03b46987@bfloat16,7,0,2561029349227421,2561029349615693,2561029349651843,2561029357671991,2561029357688145,2561029382477471,2561029385012460,2561029385388013,8.020148,24.80548,21.732445,2.223591,0.849444,27.716022,2.001995,2.146513,17.583937
minji-sync-capacity-9cccf59d8f134c0fb8c266b014565fe3:qwen4b-shaped-capacity-test@1@0@1f59c4a41fc46f68@bfloat16,8,0,2561029349782131,2561029350122213,2561029350162381,2561029356629644,2561029356649440,2561029382477471,2561029385012460,2561029385415838,6.467263,25.847827,22.774792,2.223591,0.849444,28.786194,3.044342,2.146513,17.583937
minji-sync-capacity-9cccf59d8f134c0fb8c266b014565fe3:qwen4b-shaped-capacity-test@1@0@73dce75ab51f115c@bfloat16,9,0,2561029349894414,2561029350797213,2561029351189495,2561029359075897,2561029359093778,2561029382477471,2561029385012460,2561029385438156,7.886402,23.401574,20.328539,2.223591,0.849444,26.362259,0.598089,2.146513,17.583937
minji-sync-capacity-9cccf59d8f134c0fb8c266b014565fe3:qwen4b-shaped-capacity-test@1@0@3ca5229b655eb276@bfloat16,10,0,2561029350378853,2561029351749123,2561029352941540,2561029360892147,2561029360909386,2561029382477471,2561029385012460,2561029385465374,7.950607,21.585324,18.512289,2.223591,0.849444,24.573227,0.0,0.928352,17.583937
minji-sync-capacity-9cccf59d8f134c0fb8c266b014565fe3:qwen4b-shaped-capacity-test@1@0@7b1f93f6a2aacf6e@bfloat16,11,0,2561029350491100,2561029352564159,2561029352966577,2561029363411483,2561029363428042,2561029382477471,2561029385012460,2561029385490954,10.444906,19.065988,15.992953,2.223591,0.849444,22.079471,0.0,0.0,15.992953
minji-sync-capacity-9cccf59d8f134c0fb8c266b014565fe3:qwen4b-shaped-capacity-test@1@0@-68047098ab48d86@bfloat16,12,0,2561029350555283,2561029351958569,2561029352541431,2561029359636207,2561029359653354,2561029382477471,2561029385012460,2561029385514944,7.094776,22.841264,19.768229,2.223591,0.849444,25.878737,0.037779,2.146513,17.583937
minji-sync-capacity-9cccf59d8f134c0fb8c266b014565fe3:qwen4b-shaped-capacity-test@1@0@-56a57eae78e25697@bfloat16,13,0,2561029351586175,2561029353387492,2561029353424729,2561029366182083,2561029366203436,2561029382477471,2561029385012460,2561029385539974,12.757354,16.295388,13.222353,2.223591,0.849444,19.357891,0.0,0.0,13.222353
minji-sync-capacity-9cccf59d8f134c0fb8c266b014565fe3:qwen4b-shaped-capacity-test@1@0@3ee72f48131e2582@bfloat16,14,0,2561029351810221,2561029352161830,2561029352881017,2561029361198769,2561029361209925,2561029382477471,2561029385012460,2561029385565995,8.317752,21.278702,18.205667,2.223591,0.849444,24.367226,0.0,0.62173,17.583937
minji-sync-capacity-9cccf59d8f134c0fb8c266b014565fe3:qwen4b-shaped-capacity-test@1@0@67dcacdd45580f33@bfloat16,15,0,2561029352207236,2561029353046289,2561029353113674,2561029363272456,2561029363293174,2561029382477471,2561029385012460,2561029385591591,10.158782,19.205015,16.13198,2.223591,0.849444,22.319135,0.0,0.0,16.13198
minji-sync-capacity-9cccf59d8f134c0fb8c266b014565fe3:qwen4b-shaped-capacity-test@1@0@-6874b49029983689@bfloat16,16,0,2561029353639666,2561029354079202,2561029354114683,2561029362893704,2561029362907747,2561029382477471,2561029385012460,2561029385615535,8.779021,19.583767,16.510732,2.223591,0.849444,22.721831,0.0,0.0,16.510732
minji-sync-capacity-9cccf59d8f134c0fb8c266b014565fe3:qwen4b-shaped-capacity-test@1@0@54da0958a19cd03b@bfloat16,17,0,2561029354033036,2561029354346977,2561029354374772,2561029369417086,2561029369435813,2561029382477471,2561029385012460,2561029385639304,15.042314,13.060385,9.98735,2.223591,0.849444,16.222218,0.0,0.0,9.98735
minji-sync-capacity-9cccf59d8f134c0fb8c266b014565fe3:qwen4b-shaped-capacity-test@1@0@-1d857642c2b5dcc9@bfloat16,18,0,2561029354959102,2561029355361076,2561029355880954,2561029379404436,2561029379418723,2561029382477471,2561029385012460,2561029385662657,23.523482,3.073035,0.0,2.223591,0.849444,6.258221,0.0,0.0,0.0
minji-sync-capacity-9cccf59d8f134c0fb8c266b014565fe3:qwen4b-shaped-capacity-test@1@0@532b575cc5afa60a@bfloat16,19,0,2561029355033976,2561029355579371,2561029355618756,2561029361668773,2561029361680183,2561029382477471,2561029385012460,2561029385684824,6.050017,20.808698,17.735663,2.223591,0.849444,24.016051,0.0,0.151726,17.583937
minji-sync-capacity-9cccf59d8f134c0fb8c266b014565fe3:qwen4b-shaped-capacity-test@1@0@-299806543a193f7d@bfloat16,20,0,2561029355436120,2561029355799821,2561029355851107,2561029362046852,2561029362063372,2561029382477471,2561029385012460,2561029385748466,6.195745,20.430619,17.357584,2.223591,0.849444,23.701614,0.0,0.0,17.357584
minji-sync-capacity-9cccf59d8f134c0fb8c266b014565fe3:qwen4b-shaped-capacity-test@1@0@-563dcc07d250b9d1@bfloat16,21,0,2561029356668599,2561029356924665,2561029357099490,2561029363958056,2561029363972450,2561029382477471,2561029385012460,2561029385950972,6.858566,18.519415,15.44638,2.223591,0.849444,21.992916,0.0,0.0,15.44638
minji-sync-capacity-9cccf59d8f134c0fb8c266b014565fe3:qwen4b-shaped-capacity-test@1@0@691f63a893477ea0@bfloat16,22,0,2561029356736005,2561029357118311,2561029357156125,2561029365890191,2561029365902928,2561029382477471,2561029385012460,2561029386520139,8.734066,16.58728,13.514245,2.223591,0.849444,20.629948,0.0,0.0,13.514245
minji-sync-capacity-9cccf59d8f134c0fb8c266b014565fe3:qwen4b-shaped-capacity-test@1@0@3b6cd177def73425@bfloat16,23,0,2561029357707337,2561029359582107,2561029359619553,2561029378592025,2561029378607572,2561029382477471,2561029385012460,2561029387439359,18.972472,3.885446,0.812411,2.223591,0.849444,8.847334,0.0,0.0,0.812411
minji-sync-capacity-9cccf59d8f134c0fb8c266b014565fe3:qwen4b-shaped-capacity-test@1@0@3f785272f0cd1ea7@bfloat16,24,0,2561029358296867,2561029358605221,2561029358644100,2561029365034952,2561029365052588,2561029382477471,2561029385012460,2561029387559669,6.390852,17.442519,14.369484,2.223591,0.849444,22.524717,0.0,0.0,14.369484
minji-sync-capacity-9cccf59d8f134c0fb8c266b014565fe3:qwen4b-shaped-capacity-test@1@0@-1f32f2d83d24432e@bfloat16,25,0,2561029359113901,2561029359447193,2561029359564093,2561029366090347,2561029366104436,2561029382477471,2561029385012460,2561029387587152,6.526254,16.387124,13.314089,2.223591,0.849444,21.496805,0.0,0.0,13.314089
minji-sync-capacity-9cccf59d8f134c0fb8c266b014565fe3:qwen4b-shaped-capacity-test@1@0@-2b6dc59ed8ba24a5@bfloat16,26,0,2561029359673986,2561029361784482,2561029361820499,2561029368283834,2561029368300625,2561029382477471,2561029385012460,2561029387613209,6.463335,14.193637,11.120602,2.223591,0.849444,19.329375,0.0,0.0,11.120602
minji-sync-capacity-9cccf59d8f134c0fb8c266b014565fe3:qwen4b-shaped-capacity-test@1@0@-423c33e7249b8e60@bfloat16,27,1,2561029360931711,2561029361248490,2561029361276571,2561029368348087,2561029368361704,2561029391031495,2561029392285248,2561029392444756,7.071516,22.683408,20.443724,1.153804,1.08588,24.096669,8.557043,0.331646,11.555035
minji-sync-capacity-9cccf59d8f134c0fb8c266b014565fe3:qwen4b-shaped-capacity-test@1@0@-2f6c16044bbed0df@bfloat16,28,1,2561029361223603,2561029361504780,2561029361759721,2561029368074170,2561029368091975,2561029391031495,2561029392285248,2561029392479165,6.314449,22.957325,20.717641,1.153804,1.08588,24.404995,8.83096,0.331646,11.555035
minji-sync-capacity-9cccf59d8f134c0fb8c266b014565fe3:qwen4b-shaped-capacity-test@1@0@1ec572630cc21d3@bfloat16,29,1,2561029361694459,2561029362146197,2561029362173785,2561029370884044,2561029370894353,2561029391031495,2561029392285248,2561029392507245,8.710259,20.147451,17.907767,1.153804,1.08588,21.623201,6.021086,0.331646,11.555035
minji-sync-capacity-9cccf59d8f134c0fb8c266b014565fe3:qwen4b-shaped-capacity-test@1@0@-137f3da051a905bf@bfloat16,30,1,2561029362082001,2561029364016656,2561029364052382,2561029371093115,2561029371107469,2561029391031495,2561029392285248,2561029392537875,7.040733,19.93838,17.698696,1.153804,1.08588,21.44476,5.812015,0.331646,11.555035
minji-sync-capacity-9cccf59d8f134c0fb8c266b014565fe3:qwen4b-shaped-capacity-test@1@0@4c9cbb3ed4af0663@bfloat16,31,1,2561029362923826,2561029363248332,2561029363386128,2561029369999514,2561029370018053,2561029391031495,2561029392285248,2561029392565738,6.613386,21.031981,18.792297,1.153804,1.08588,22.566224,6.905616,0.331646,11.555035
minji-sync-capacity-9cccf59d8f134c0fb8c266b014565fe3:qwen4b-shaped-capacity-test@1@0@57c15e2584dd93c5@bfloat16,32,1,2561029363314926,2561029366263014,2561029366933636,2561029376567298,2561029376578453,2561029391031495,2561029392285248,2561029392591615,9.633662,14.464197,12.224513,1.153804,1.08588,16.024317,0.337832,0.331646,11.555035
minji-sync-capacity-9cccf59d8f134c0fb8c266b014565fe3:qwen4b-shaped-capacity-test@1@0@4b2e1c02d7a49b6d@bfloat16,33,1,2561029363450594,2561029365868096,2561029366880391,2561029373391173,2561029373401576,2561029391031495,2561029392285248,2561029392640457,6.510782,17.640322,15.400638,1.153804,1.08588,19.249284,3.513957,0.331646,11.555035
minji-sync-capacity-9cccf59d8f134c0fb8c266b014565fe3:qwen4b-shaped-capacity-test@1@0@-185ea811a9ae811@bfloat16,34,1,2561029363988006,2561029364195950,2561029364225532,2561029371154855,2561029371167625,2561029391031495,2561029392285248,2561029392757880,6.929323,19.87664,17.636956,1.153804,1.08588,21.603025,5.750275,0.331646,11.555035
minji-sync-capacity-9cccf59d8f134c0fb8c266b014565fe3:qwen4b-shaped-capacity-test@1@0@-5c7be34fd9ce7f03@bfloat16,35,1,2561029365071197,2561029365639664,2561029365671790,2561029379343087,2561029379358451,2561029391031495,2561029392285248,2561029392782820,13.671297,11.688408,9.448724,1.153804,1.08588,13.439733,0.0,0.0,9.448724
minji-sync-capacity-9cccf59d8f134c0fb8c266b014565fe3:qwen4b-shaped-capacity-test@1@0@568b49afb964abe6@bfloat16,36,1,2561029365918838,2561029366476206,2561029367073432,2561029373446015,2561029373457725,2561029391031495,2561029392285248,2561029392806478,6.372583,17.58548,15.345796,1.153804,1.08588,19.360463,3.459115,0.331646,11.555035
minji-sync-capacity-9cccf59d8f134c0fb8c266b014565fe3:qwen4b-shaped-capacity-test@1@0@7c9f63fe6a9695f7@bfloat16,37,1,2561029366120438,2561029366681547,2561029367042202,2561029376872431,2561029376888434,2561029391031495,2561029392285248,2561029392829388,9.830229,14.159064,11.91938,1.153804,1.08588,15.956957,0.032699,0.331646,11.555035
minji-sync-capacity-9cccf59d8f134c0fb8c266b014565fe3:qwen4b-shaped-capacity-test@1@0@1bbf1bde28bc7f1a@bfloat16,38,1,2561029366229349,2561029366966778,2561029367020267,2561029373576031,2561029373588804,2561029391031495,2561029392285248,2561029392852741,6.555764,17.455464,15.21578,1.153804,1.08588,19.27671,3.329099,0.331646,11.555035
minji-sync-capacity-9cccf59d8f134c0fb8c266b014565fe3:qwen4b-shaped-capacity-test@1@0@-5f4765823a56d34b@bfloat16,39,1,2561029368109165,2561029368536266,2561029368572517,2561029374825208,2561029374841276,2561029391031495,2561029392285248,2561029392874095,6.252691,16.206287,13.966603,1.153804,1.08588,18.048887,2.079922,0.331646,11.555035
minji-sync-capacity-9cccf59d8f134c0fb8c266b014565fe3:qwen4b-shaped-capacity-test@1@0@33164dc54ece73e5@bfloat16,40,1,2561029368319356,2561029369976327,2561029370166058,2561029379835319,2561029379852657,2561029391031495,2561029392285248,2561029392901973,9.669261,11.196176,8.956492,1.153804,1.08588,13.066654,0.0,0.0,8.956492
minji-sync-capacity-9cccf59d8f134c0fb8c266b014565fe3:qwen4b-shaped-capacity-test@1@0@2a73525ea529b72d@bfloat16,41,1,2561029368382062,2561029371655920,2561029371875010,2561029378363466,2561029378375705,2561029391031495,2561029392285248,2561029392928178,6.488456,12.668029,10.428345,1.153804,1.08588,14.564712,0.0,0.0,10.428345
minji-sync-capacity-9cccf59d8f134c0fb8c266b014565fe3:qwen4b-shaped-capacity-test@1@0@62ac5f94735985fe@bfloat16,42,1,2561029369458357,2561029369837283,2561029370092361,2561029376117800,2561029376129359,2561029391031495,2561029392285248,2561029392952306,6.025439,14.913695,12.674011,1.153804,1.08588,16.834506,0.78733,0.331646,11.555035
minji-sync-capacity-9cccf59d8f134c0fb8c266b014565fe3:qwen4b-shaped-capacity-test@1@0@5681a18c83a52722@bfloat16,43,1,2561029370034642,2561029370296767,2561029370332887,2561029382545301,2561029382558696,2561029391031495,2561029392285248,2561029392974596,12.212414,8.486194,6.24651,1.153804,1.08588,10.429295,0.0,0.0,6.24651
minji-sync-capacity-9cccf59d8f134c0fb8c266b014565fe3:qwen4b-shaped-capacity-test@1@0@2461ba8ba2cf79d1@bfloat16,44,1,2561029370910755,2561029371249323,2561029371855060,2561029386101731,2561029386116964,2561029391031495,2561029392285248,2561029393007064,14.246671,4.929764,2.69008,1.153804,1.08588,6.905333,0.0,0.0,2.69008
minji-sync-capacity-9cccf59d8f134c0fb8c266b014565fe3:qwen4b-shaped-capacity-test@1@0@-947c4793dc6b53e@bfloat16,45,1,2561029371124266,2561029371897019,2561029371929209,2561029382858967,2561029382874239,2561029391031495,2561029392285248,2561029393034933,10.929758,8.172528,5.932844,1.153804,1.08588,10.175966,0.0,0.0,5.932844
minji-sync-capacity-9cccf59d8f134c0fb8c266b014565fe3:qwen4b-shaped-capacity-test@1@0@2eee176295153ce@bfloat16,46,1,2561029371182814,2561029373376243,2561029373515453,2561029388791811,2561029388807603,2561029391031495,2561029392285248,2561029393233499,15.276358,2.239684,0.0,1.153804,1.08588,4.441688,0.0,0.0,0.0
minji-sync-capacity-9cccf59d8f134c0fb8c266b014565fe3:qwen4b-shaped-capacity-test@1@0@-4c691b2eb9ade197@bfloat16,47,1,2561029373417692,2561029373738181,2561029373760979,2561029380572964,2561029380586653,2561029391031495,2561029392285248,2561029393337945,6.811985,10.458531,8.218847,1.153804,1.08588,12.764981,0.0,0.0,8.218847
minji-sync-capacity-9cccf59d8f134c0fb8c266b014565fe3:qwen4b-shaped-capacity-test@1@0@-77507763a4c2887a@bfloat16,48,1,2561029373471452,2561029376170318,2561029376202872,2561029382922754,2561029382935960,2561029391031495,2561029392285248,2561029393949807,6.719882,8.108741,5.869057,1.153804,1.08588,11.027053,0.0,0.0,5.869057
minji-sync-capacity-9cccf59d8f134c0fb8c266b014565fe3:qwen4b-shaped-capacity-test@1@0@-71aae1aea6f06c4a@bfloat16,49,1,2561029373604869,2561029373889344,2561029373916756,2561029380768002,2561029380783481,2561029391031495,2561029392285248,2561029394005825,6.851246,10.263493,8.023809,1.153804,1.08588,13.237823,0.0,0.0,8.023809
minji-sync-capacity-9cccf59d8f134c0fb8c266b014565fe3:qwen4b-shaped-capacity-test@1@0@-334383d9a166caa8@bfloat16,50,1,2561029374859279,2561029375097660,2561029375128770,2561029383564841,2561029383582995,2561029391031495,2561029392285248,2561029394079935,8.436071,7.466654,5.22697,1.153804,1.08588,10.515094,0.0,0.0,5.22697
minji-sync-capacity-9cccf59d8f134c0fb8c266b014565fe3:qwen4b-shaped-capacity-test@1@0@5ac655d66fb76630@bfloat16,51,1,2561029376145131,2561029376384424,2561029376416251,2561029383244975,2561029383258294,2561029391031495,2561029392285248,2561029394104077,6.828724,7.78652,5.546836,1.153804,1.08588,10.859102,0.0,0.0,5.546836
minji-sync-capacity-9cccf59d8f134c0fb8c266b014565fe3:qwen4b-shaped-capacity-test@1@0@-222030f398c876cd@bfloat16,52,1,2561029376597931,2561029376939194,2561029376966644,2561029383731618,2561029383747188,2561029391031495,2561029392285248,2561029394128663,6.764974,7.299877,5.060193,1.153804,1.08588,10.397045,0.0,0.0,5.060193
minji-sync-capacity-9cccf59d8f134c0fb8c266b014565fe3:qwen4b-shaped-capacity-test@1@0@7d7151eda1005a64@bfloat16,53,1,2561029376905130,2561029377204377,2561029377236776,2561029386287873,2561029386299673,2561029391031495,2561029392285248,2561029394151712,9.051097,4.743622,2.503938,1.153804,1.08588,7.863839,0.0,0.0,2.503938
minji-sync-capacity-9cccf59d8f134c0fb8c266b014565fe3:qwen4b-shaped-capacity-test@1@0@-7ee592a19958a46e@bfloat16,54,2,2561029378391265,2561029378651225,2561029378676470,2561029386199599,2561029386211478,2561029411480718,2561029413210784,2561029413358792,7.523129,25.281119,21.697325,1.678552,1.905242,27.159193,6.96304,0.866417,13.867868
minji-sync-capacity-9cccf59d8f134c0fb8c266b014565fe3:qwen4b-shaped-capacity-test@1@0@-5ff01255cd1c3307@bfloat16,55,2,2561029378623330,2561029378882435,2561029378916205,2561029388860440,2561029388874439,2561029411480718,2561029413210784,2561029413391636,9.944235,22.620278,19.036484,1.678552,1.905242,24.531196,4.302199,0.866417,13.867868
minji-sync-capacity-9cccf59d8f134c0fb8c266b014565fe3:qwen4b-shaped-capacity-test@1@0@6453f2d018b6af0c@bfloat16,56,2,2561029379377209,2561029379625876,2561029379659456,2561029386337192,2561029386349153,2561029411480718,2561029413210784,2561029413424027,6.677736,25.143526,21.559732,1.678552,1.905242,27.086835,6.825447,0.866417,13.867868
minji-sync-capacity-9cccf59d8f134c0fb8c266b014565fe3:qwen4b-shaped-capacity-test@1@0@1b168b5e6d0c435c@bfloat16,57,2,2561029379438042,2561029380678062,2561029380892448,2561029387646716,2561029387656272,2561029411480718,2561029413210784,2561029413453460,6.754268,23.834002,20.250208,1.678552,1.905242,25.806744,5.515923,0.866417,13.867868
minji-sync-capacity-9cccf59d8f134c0fb8c266b014565fe3:qwen4b-shaped-capacity-test@1@0@659b2ea4d9d391d9@bfloat16,58,2,2561029379876416,2561029380426417,2561029381284859,2561029388933268,2561029388950877,2561029411480718,2561029413210784,2561029413482003,7.648409,22.54745,18.963656,1.678552,1.905242,24.548735,4.229371,0.866417,13.867868
minji-sync-capacity-9cccf59d8f134c0fb8c266b014565fe3:qwen4b-shaped-capacity-test@1@0@-45549862280a4110@bfloat16,59,2,2561029380604503,2561029381047104,2561029381232944,2561029390113369,2561029390126611,2561029411480718,2561029413210784,2561029413598258,8.880425,21.367349,17.783555,1.678552,1.905242,23.484889,3.04927,0.866417,13.867868
minji-sync-capacity-9cccf59d8f134c0fb8c266b014565fe3:qwen4b-shaped-capacity-test@1@0@-2915fdeb60cc347e@bfloat16,60,2,2561029380801374,2561029381441169,2561029381523288,2561029393126464,2561029393141305,2561029411480718,2561029413210784,2561029413624237,11.603176,18.354254,14.77046,1.678552,1.905242,20.497773,0.036175,0.866417,13.867868
minji-sync-capacity-9cccf59d8f134c0fb8c266b014565fe3:qwen4b-shaped-capacity-test@1@0@1ae95ef0d0225495@bfloat16,61,2,2561029382580443,2561029386167501,2561029387011147,2561029393517612,2561029393532242,2561029411480718,2561029413210784,2561029413651289,6.506465,17.963106,14.379312,1.678552,1.905242,20.133677,0.0,0.511444,13.867868
minji-sync-capacity-9cccf59d8f134c0fb8c266b014565fe3:qwen4b-shaped-capacity-test@1@0@7cebec75d1b9e6b8@bfloat16,62,2,2561029382893240,2561029383229835,2561029384008597,2561029389976106,2561029389989773,2561029411480718,2561029413210784,2561029413680590,5.967509,21.504612,17.920818,1.678552,1.905242,23.704484,3.186533,0.866417,13.867868
minji-sync-capacity-9cccf59d8f134c0fb8c266b014565fe3:qwen4b-shaped-capacity-test@1@0@4fa5a8831dca8bb8@bfloat16,63,2,2561029382951678,2561029383434335,2561029384387800,2561029390616967,2561029390632855,2561029411480718,2561029413210784,2561029413704357,6.229167,20.863751,17.279957,1.678552,1.905242,23.08739,2.545672,0.866417,13.867868
minji-sync-capacity-9cccf59d8f134c0fb8c266b014565fe3:qwen4b-shaped-capacity-test@1@0@7e1d9c5e0f54c76b@bfloat16,64,2,2561029383273856,2561029384022669,2561029384458471,2561029396449040,2561029396465235,2561029411480718,2561029413210784,2561029414056658,11.990569,15.031678,11.447884,1.678552,1.905242,17.607618,0.0,0.0,11.447884
minji-sync-capacity-9cccf59d8f134c0fb8c266b014565fe3:qwen4b-shaped-capacity-test@1@0@-51ea4d79b1f6570c@bfloat16,65,2,2561029383603355,2561029385886483,2561029386834533,2561029391936261,2561029391951785,2561029411480718,2561029413210784,2561029414107244,5.101728,19.544457,15.960663,1.678552,1.905242,22.170983,1.226378,0.866417,13.867868
minji-sync-capacity-9cccf59d8f134c0fb8c266b014565fe3:qwen4b-shaped-capacity-test@1@0@-6389e4ed0faf13a0@bfloat16,66,2,2561029383765264,2561029384174599,2561029384511522,2561029393044191,2561029393060630,2561029411480718,2561029413210784,2561029414143565,8.532669,18.436527,14.852733,1.678552,1.905242,21.099374,0.118448,0.866417,13.867868
minji-sync-capacity-9cccf59d8f134c0fb8c266b014565fe3:qwen4b-shaped-capacity-test@1@0@-53e19a4caa892283@bfloat16,67,2,2561029386136522,2561029386659491,2561029387317260,2561029396927766,2561029396942337,2561029411480718,2561029413210784,2561029414420168,9.610506,14.552952,10.969158,1.678552,1.905242,17.492402,0.0,0.0,10.969158
minji-sync-capacity-9cccf59d8f134c0fb8c266b014565fe3:qwen4b-shaped-capacity-test@1@0@-7e7a8f03f16dbede@bfloat16,68,2,2561029386229837,2561029386851720,2561029387063170,2561029396215002,2561029396224884,2561029411480718,2561029413210784,2561029414509913,9.151832,15.265716,11.681922,1.678552,1.905242,18.294911,0.0,0.0,11.681922
minji-sync-capacity-9cccf59d8f134c0fb8c266b014565fe3:qwen4b-shaped-capacity-test@1@0@-5332e6f4fc261e61@bfloat16,69,2,2561029386313312,2561029387224538,2561029387395192,2561029397267382,2561029397277621,2561029411480718,2561029413210784,2561029414636192,9.87219,14.213336,10.629542,1.678552,1.905242,17.36881,0.0,0.0,10.629542
minji-sync-capacity-9cccf59d8f134c0fb8c266b014565fe3:qwen4b-shaped-capacity-test@1@0@2eae0c3da430742a@bfloat16,70,2,2561029386359411,2561029387090083,2561029387344091,2561029393867388,2561029393879957,2561029411480718,2561029413210784,2561029414662760,6.523297,17.61333,14.029536,1.678552,1.905242,20.795372,0.0,0.161668,13.867868
minji-sync-capacity-9cccf59d8f134c0fb8c266b014565fe3:qwen4b-shaped-capacity-test@1@0@-1267f8a0934686ce@bfloat16,71,2,2561029387670835,2561029388036409,2561029388063518,2561029402728370,2561029402742174,2561029411480718,2561029413210784,2561029414688492,14.664852,8.752348,5.168554,1.678552,1.905242,11.960122,0.0,0.0,5.168554
minji-sync-capacity-9cccf59d8f134c0fb8c266b014565fe3:qwen4b-shaped-capacity-test@1@0@195e61ed354b0f42@bfloat16,72,2,2561029388829267,2561029389152103,2561029389370968,2561029395710655,2561029395725797,2561029411480718,2561029413210784,2561029414711619,6.339687,15.770063,12.186269,1.678552,1.905242,19.000964,0.0,0.0,12.186269
minji-sync-capacity-9cccf59d8f134c0fb8c266b014565fe3:qwen4b-shaped-capacity-test@1@0@677d447c8f8d934a@bfloat16,73,2,2561029388894200,2561029389394879,2561029389613382,2561029399183248,2561029399199749,2561029411480718,2561029413210784,2561029414735517,9.569866,12.29747,8.713676,1.678552,1.905242,15.552269,0.0,0.0,8.713676
minji-sync-capacity-9cccf59d8f134c0fb8c266b014565fe3:qwen4b-shaped-capacity-test@1@0@-c908cd04293bc79@bfloat16,74,2,2561029388971034,2561029389552801,2561029389652940,2561029407896924,2561029407912509,2561029411480718,2561029413210784,2561029414758469,18.243984,3.583794,0.0,1.678552,1.905242,6.861545,0.0,0.0,0.0
minji-sync-capacity-9cccf59d8f134c0fb8c266b014565fe3:qwen4b-shaped-capacity-test@1@0@-70e0cece01931c02@bfloat16,75,2,2561029390013258,2561029390350094,2561029390713860,2561029404443035,2561029404457596,2561029411480718,2561029413210784,2561029414782118,13.729175,7.037683,3.453889,1.678552,1.905242,10.339083,0.0,0.0,3.453889
minji-sync-capacity-9cccf59d8f134c0fb8c266b014565fe3:qwen4b-shaped-capacity-test@1@0@4e38039411c713a0@bfloat16,76,2,2561029390144056,2561029390570854,2561029390769606,2561029407127973,2561029407143791,2561029411480718,2561029413210784,2561029414805060,16.358367,4.352745,0.768951,1.678552,1.905242,7.677087,0.0,0.0,0.768951
minji-sync-capacity-9cccf59d8f134c0fb8c266b014565fe3:qwen4b-shaped-capacity-test@1@0@36147543a86220b2@bfloat16,77,2,2561029390651618,2561029391238697,2561029391503950,2561029397723352,2561029397737754,2561029411480718,2561029413210784,2561029414827620,6.219402,13.757366,10.173572,1.678552,1.905242,17.104268,0.0,0.0,10.173572
minji-sync-capacity-9cccf59d8f134c0fb8c266b014565fe3:qwen4b-shaped-capacity-test@1@0@6bbed1155b637c2e@bfloat16,78,2,2561029391971266,2561029392242079,2561029392304597,2561029403149233,2561029403165428,2561029411480718,2561029413210784,2561029414850345,10.844636,8.331485,4.747691,1.678552,1.905242,11.701112,0.0,0.0,4.747691
minji-sync-capacity-9cccf59d8f134c0fb8c266b014565fe3:qwen4b-shaped-capacity-test@1@0@-66c2a53dc2dba6@bfloat16,79,2,2561029393082480,2561029393590768,2561029393652653,2561029399639918,2561029399653877,2561029411480718,2561029413210784,2561029414872807,5.987265,11.8408,8.257006,1.678552,1.905242,15.232889,0.0,0.0,8.257006
minji-sync-capacity-9cccf59d8f134c0fb8c266b014565fe3:qwen4b-shaped-capacity-test@1@0@2c108de5f53e9798@bfloat16,80,2,2561029393162639,2561029393764553,2561029394029056,2561029400506226,2561029400518272,2561029411480718,2561029413210784,2561029414895413,6.47717,10.974492,7.390698,1.678552,1.905242,14.389187,0.0,0.0,7.390698
minji-sync-capacity-9cccf59d8f134c0fb8c266b014565fe3:qwen4b-shaped-capacity-test@1@0@321768bd89007389@bfloat16,81,3,2561029393552643,2561029395602967,2561029395631911,2561029407061471,2561029407075835,2561029427681051,2561029428370650,2561029428550058,11.42956,20.61958,18.845641,0.695055,1.078884,21.488587,3.28954,0.957009,14.599092
minji-sync-capacity-9cccf59d8f134c0fb8c266b014565fe3:qwen4b-shaped-capacity-test@1@0@1afbc8863cd8c932@bfloat16,82,3,2561029393895840,2561029396263405,2561029396306337,2561029403462828,2561029403471796,2561029427681051,2561029428370650,2561029428721625,7.156491,24.218223,22.444284,0.695055,1.078884,25.258797,6.888183,0.957009,14.599092
minji-sync-capacity-9cccf59d8f134c0fb8c266b014565fe3:qwen4b-shaped-capacity-test@1@0@-2f5919c01f3cfdc7@bfloat16,83,3,2561029395743950,2561029396019174,2561029396048790,2561029407823486,2561029407839721,2561029427681051,2561029428370650,2561029429778805,11.774696,19.857565,18.083626,0.695055,1.078884,21.955319,2.527525,0.957009,14.599092
minji-sync-capacity-9cccf59d8f134c0fb8c266b014565fe3:qwen4b-shaped-capacity-test@1@0@1709715b07cfe048@bfloat16,84,3,2561029396238589,2561029396520337,2561029396573914,2561029403817977,2561029403833002,2561029427681051,2561029428370650,2561029430306313,7.244063,23.863074,22.089135,0.695055,1.078884,26.488336,6.533034,0.957009,14.599092
minji-sync-capacity-9cccf59d8f134c0fb8c266b014565fe3:qwen4b-shaped-capacity-test@1@0@-7ed8023ac50f40bc@bfloat16,85,3,2561029396487872,2561029399167408,2561029399270107,2561029408418156,2561029408431637,2561029427681051,2561029428370650,2561029430498516,9.148049,19.262895,17.488956,0.695055,1.078884,22.08036,1.932855,0.957009,14.599092
minji-sync-capacity-9cccf59d8f134c0fb8c266b014565fe3:qwen4b-shaped-capacity-test@1@0@-5daa627f9af49c17@bfloat16,86,3,2561029396963361,2561029397168471,2561029397205339,2561029409397233,2561029409411418,2561029427681051,2561029428370650,2561029430529977,12.191894,18.283818,16.509879,0.695055,1.078884,21.132744,0.953778,0.957009,14.599092
minji-sync-capacity-9cccf59d8f134c0fb8c266b014565fe3:qwen4b-shaped-capacity-test@1@0@6f7e218154d1aa8d@bfloat16,87,3,2561029397293736,2561029397520205,2561029397545168,2561029405554236,2561029405570524,2561029427681051,2561029428370650,2561029430558136,8.009068,22.126815,20.352876,0.695055,1.078884,25.0039,4.796775,0.957009,14.599092
minji-sync-capacity-9cccf59d8f134c0fb8c266b014565fe3:qwen4b-shaped-capacity-test@1@0@18f2730bd9ecab67@bfloat16,88,3,2561029397754510,2561029399473648,2561029399505054,2561029406802630,2561029406816330,2561029427681051,2561029428370650,2561029430583288,7.297576,20.878421,19.104482,0.695055,1.078884,23.780658,3.548381,0.957009,14.599092
minji-sync-capacity-9cccf59d8f134c0fb8c266b014565fe3:qwen4b-shaped-capacity-test@1@0@-6855406728f7ed24@bfloat16,89,3,2561029399216990,2561029402900342,2561029403236765,2561029409900094,2561029409914433,2561029427681051,2561029428370650,2561029430630033,6.663329,17.780957,16.007018,0.695055,1.078884,20.729939,0.450917,0.957009,14.599092
minji-sync-capacity-9cccf59d8f134c0fb8c266b014565fe3:qwen4b-shaped-capacity-test@1@0@-5480a14d1a627a31@bfloat16,90,3,2561029399671524,2561029399902234,2561029399930220,2561029409604232,2561029409618977,2561029427681051,2561029428370650,2561029430754297,9.674012,18.076819,16.30288,0.695055,1.078884,21.150065,0.746779,0.957009,14.599092
minji-sync-capacity-9cccf59d8f134c0fb8c266b014565fe3:qwen4b-shaped-capacity-test@1@0@74b5291ce452efb6@bfloat16,91,3,2561029400534904,2561029403797096,2561029403951576,2561029412196414,2561029412212256,2561029427681051,2561029428370650,2561029430779233,8.244838,15.484637,13.710698,0.695055,1.078884,18.582819,0.0,0.0,13.710698
minji-sync-capacity-9cccf59d8f134c0fb8c266b014565fe3:qwen4b-shaped-capacity-test@1@0@-3ec868f2ee62ee95@bfloat16,92,3,2561029402761412,2561029407214441,2561029408191384,2561029413494852,2561029413506531,2561029427681051,2561029428370650,2561029430805529,5.303468,14.186199,12.41226,0.695055,1.078884,17.310677,0.0,0.0,12.41226
minji-sync-capacity-9cccf59d8f134c0fb8c266b014565fe3:qwen4b-shaped-capacity-test@1@0@3551dedbfe3c268b@bfloat16,93,3,2561029403183027,2561029403657238,2561029403908023,2561029410309061,2561029410326486,2561029427681051,2561029428370650,2561029430829572,6.401038,17.37199,15.598051,0.695055,1.078884,20.520511,0.04195,0.957009,14.599092
minji-sync-capacity-9cccf59d8f134c0fb8c266b014565fe3:qwen4b-shaped-capacity-test@1@0@19e6f74789e484c8@bfloat16,94,3,2561029403480877,2561029406569075,2561029406628962,2561029412268678,2561029412282939,2561029427681051,2561029428370650,2561029430856358,5.639716,15.412373,13.638434,0.695055,1.078884,18.58768,0.0,0.0,13.638434
minji-sync-capacity-9cccf59d8f134c0fb8c266b014565fe3:qwen4b-shaped-capacity-test@1@0@-7543ec1bce8c175a@bfloat16,95,3,2561029403847752,2561029404109367,2561029404137651,2561029410571796,2561029410586345,2561029427681051,2561029428370650,2561029430880297,6.434145,17.109255,15.335316,0.695055,1.078884,20.308501,0.0,0.736224,14.599092
minji-sync-capacity-9cccf59d8f134c0fb8c266b014565fe3:qwen4b-shaped-capacity-test@1@0@-473f1bcc7815682b@bfloat16,96,3,2561029404475111,2561029406863864,2561029407806979,2561029415133445,2561029415147474,2561029427681051,2561029428370650,2561029430905649,7.326466,12.547606,10.773667,0.695055,1.078884,15.772204,0.0,0.0,10.773667
minji-sync-capacity-9cccf59d8f134c0fb8c266b014565fe3:qwen4b-shaped-capacity-test@1@0@-2471c17a65ad3ddb@bfloat16,97,3,2561029405587004,2561029405879673,2561029405910785,2561029411851870,2561029411863869,2561029427681051,2561029428370650,2561029430930436,5.941085,15.829181,14.055242,0.695055,1.078884,19.078566,0.0,0.0,14.055242
minji-sync-capacity-9cccf59d8f134c0fb8c266b014565fe3:qwen4b-shaped-capacity-test@1@0@1e4519b73b9897b@bfloat16,98,3,2561029406832166,2561029407383947,2561029408744873,2561029425907112,2561029425922312,2561029427681051,2561029428370650,2561029430953893,17.162239,1.773939,0.0,0.695055,1.078884,5.046781,0.0,0.0,0.0
minji-sync-capacity-9cccf59d8f134c0fb8c266b014565fe3:qwen4b-shaped-capacity-test@1@0@4e4881312e3bf7d8@bfloat16,99,3,2561029407096473,2561029407591864,2561029408368565,2561029413878309,2561029413890189,2561029427681051,2561029428370650,2561029430976055,5.509744,13.802742,12.028803,0.695055,1.078884,17.097746,0.0,0.0,12.028803
minji-sync-capacity-9cccf59d8f134c0fb8c266b014565fe3:qwen4b-shaped-capacity-test@1@0@5e017a955e4bbaad@bfloat16,100,3,2561029407161470,2561029408244376,2561029408594138,2561029413940826,2561029413954345,2561029427681051,2561029428370650,2561029430998600,5.346688,13.740225,11.966286,0.695055,1.078884,17.057774,0.0,0.0,11.966286
minji-sync-capacity-9cccf59d8f134c0fb8c266b014565fe3:qwen4b-shaped-capacity-test@1@0@fbb32dad16731dd@bfloat16,101,3,2561029407860924,2561029408798492,2561029409373622,2561029418126176,2561029418138305,2561029427681051,2561029428370650,2561029431027841,8.752554,9.554875,7.780936,0.695055,1.078884,12.901665,0.0,0.0,7.780936
minji-sync-capacity-9cccf59d8f134c0fb8c266b014565fe3:qwen4b-shaped-capacity-test@1@0@34b310864b3b7621@bfloat16,102,3,2561029407934103,2561029408965933,2561029409355763,2561029418040621,2561029418058700,2561029427681051,2561029428370650,2561029431051199,8.684858,9.64043,7.866491,0.695055,1.078884,13.010578,0.0,0.0,7.866491
minji-sync-capacity-9cccf59d8f134c0fb8c266b014565fe3:qwen4b-shaped-capacity-test@1@0@43764f131b5c36ce@bfloat16,103,3,2561029408453433,2561029409098161,2561029409335024,2561029417968239,2561029417983465,2561029427681051,2561029428370650,2561029431074143,8.633215,9.712812,7.938873,0.695055,1.078884,13.105904,0.0,0.0,7.938873
minji-sync-capacity-9cccf59d8f134c0fb8c266b014565fe3:qwen4b-shaped-capacity-test@1@0@4a6215642b8c6806@bfloat16,104,3,2561029409432062,2561029410102697,2561029411308020,2561029423993954,2561029424011505,2561029427681051,2561029428370650,2561029431096720,12.685934,3.687097,1.913158,0.695055,1.078884,7.102766,0.0,0.0,1.913158
minji-sync-capacity-9cccf59d8f134c0fb8c266b014565fe3:qwen4b-shaped-capacity-test@1@0@-7362425dd7294a27@bfloat16,105,3,2561029409638322,2561029410672001,2561029411288602,2561029417670228,2561029417684442,2561029427681051,2561029428370650,2561029431119966,6.381626,10.010823,8.236884,0.695055,1.078884,13.449738,0.0,0.0,8.236884
minji-sync-capacity-9cccf59d8f134c0fb8c266b014565fe3:qwen4b-shaped-capacity-test@1@0@-1d93ae8c2a98556b@bfloat16,106,3,2561029409936027,2561029410267575,2561029411009880,2561029417095931,2561029417110525,2561029427681051,2561029428370650,2561029431143801,6.086051,10.58512,8.811181,0.695055,1.078884,14.04787,0.0,0.0,8.811181
minji-sync-capacity-9cccf59d8f134c0fb8c266b014565fe3:qwen4b-shaped-capacity-test@1@0@5f3d02d606952e8f@bfloat16,107,3,2561029410351011,2561029411026487,2561029411257394,2561029424813387,2561029424826656,2561029427681051,2561029428370650,2561029431166684,13.555993,2.867664,1.093725,0.695055,1.078884,6.353297,0.0,0.0,1.093725
minji-sync-capacity-9cccf59d8f134c0fb8c266b014565fe3:qwen4b-shaped-capacity-test@1@0@16c9e4918a47cba9@bfloat16,108,4,2561029410604064,2561029411203679,2561029411362434,2561029424727143,2561029424739382,2561029442695002,2561029443785827,2561029443927920,13.364709,17.967859,15.186363,1.918137,0.863359,19.200777,3.798893,1.240993,10.146477
minji-sync-capacity-9cccf59d8f134c0fb8c266b014565fe3:qwen4b-shaped-capacity-test@1@0@-1d8304d6cab3b345@bfloat16,109,4,2561029411878148,2561029412329290,2561029412745260,2561029419649574,2561029419664572,2561029442695002,2561029443785827,2561029443958626,6.904314,23.045428,20.263932,1.918137,0.863359,24.309052,8.876462,1.240993,10.146477
minji-sync-capacity-9cccf59d8f134c0fb8c266b014565fe3:qwen4b-shaped-capacity-test@1@0@5600c1c79ff3cb7c@bfloat16,110,4,2561029412235731,2561029412559819,2561029412969205,2561029423396349,2561029423411701,2561029442695002,2561029443785827,2561029443985520,10.427144,19.298653,16.517157,1.918137,0.863359,20.589171,5.129687,1.240993,10.146477
minji-sync-capacity-9cccf59d8f134c0fb8c266b014565fe3:qwen4b-shaped-capacity-test@1@0@-1331ebd674ab228e@bfloat16,111,4,2561029412300988,2561029412841147,2561029412934087,2561029421387342,2561029421402309,2561029442695002,2561029443785827,2561029444016962,8.453255,21.30766,18.526164,1.918137,0.863359,22.62962,7.138694,1.240993,10.146477
minji-sync-capacity-9cccf59d8f134c0fb8c266b014565fe3:qwen4b-shaped-capacity-test@1@0@-45febab979a0d5e6@bfloat16,112,4,2561029413524819,2561029413842391,2561029414293665,2561029421024883,2561029421034589,2561029442695002,2561029443785827,2561029444050326,6.731218,21.670119,18.888623,1.918137,0.863359,23.025443,7.501153,1.240993,10.146477
minji-sync-capacity-9cccf59d8f134c0fb8c266b014565fe3:qwen4b-shaped-capacity-test@1@0@18219b28373cb63a@bfloat16,113,4,2561029413905310,2561029415209072,2561029415257257,2561029428494678,2561029428507717,2561029442695002,2561029443785827,2561029444077772,13.237421,14.200324,11.418828,1.918137,0.863359,15.583094,0.031358,1.240993,10.146477
minji-sync-capacity-9cccf59d8f134c0fb8c266b014565fe3:qwen4b-shaped-capacity-test@1@0@498fd657d9945519@bfloat16,114,4,2561029413969831,2561029414323816,2561029414438985,2561029424172322,2561029424186900,2561029442695002,2561029443785827,2561029444107838,9.733337,18.52268,15.741184,1.918137,0.863359,19.935516,4.353714,1.240993,10.146477
minji-sync-capacity-9cccf59d8f134c0fb8c266b014565fe3:qwen4b-shaped-capacity-test@1@0@-30cb149bdc1154b2@bfloat16,115,4,2561029415171552,2561029415513596,2561029415566225,2561029423456373,2561029423469378,2561029442695002,2561029443785827,2561029444136558,7.890148,19.238629,16.457133,1.918137,0.863359,20.680185,5.069663,1.240993,10.146477
minji-sync-capacity-9cccf59d8f134c0fb8c266b014565fe3:qwen4b-shaped-capacity-test@1@0@5304150e961a0adb@bfloat16,116,4,2561029417126604,2561029417383786,2561029417413943,2561029424352406,2561029424364332,2561029442695002,2561029443785827,2561029444163949,6.938463,18.342596,15.5611,1.918137,0.863359,19.811543,4.17363,1.240993,10.146477
minji-sync-capacity-9cccf59d8f134c0fb8c266b014565fe3:qwen4b-shaped-capacity-test@1@0@580ba59f764e5ae9@bfloat16,117,4,2561029417704001,2561029417952631,2561029418297889,2561029428992135,2561029429009612,2561029442695002,2561029443785827,2561029444190626,10.694246,13.702867,10.921371,1.918137,0.863359,15.198491,0.0,0.774894,10.146477
minji-sync-capacity-9cccf59d8f134c0fb8c266b014565fe3:qwen4b-shaped-capacity-test@1@0@6cf532f4c2c91a52@bfloat16,118,4,2561029417999463,2561029418317456,2561029418818278,2561029429115812,2561029429132884,2561029442695002,2561029443785827,2561029444212941,10.297534,13.57919,10.797694,1.918137,0.863359,15.097129,0.0,0.651217,10.146477
minji-sync-capacity-9cccf59d8f134c0fb8c266b014565fe3:qwen4b-shaped-capacity-test@1@0@-6435f46a7e0275af@bfloat16,119,4,2561029418079459,2561029418496880,2561029418747135,2561029426704847,2561029426720587,2561029442695002,2561029443785827,2561029444236110,7.957712,15.990155,13.208659,1.918137,0.863359,17.531263,1.821189,1.240993,10.146477
minji-sync-capacity-9cccf59d8f134c0fb8c266b014565fe3:qwen4b-shaped-capacity-test@1@0@-1db4d69b196c9d20@bfloat16,120,4,2561029418153682,2561029418687513,2561029418804017,2561029429181997,2561029429193477,2561029442695002,2561029443785827,2561029444340647,10.37798,13.513005,10.731509,1.918137,0.863359,15.15865,0.0,0.585032,10.146477
minji-sync-capacity-9cccf59d8f134c0fb8c266b014565fe3:qwen4b-shaped-capacity-test@1@0@583b37bfbc3d486f@bfloat16,121,4,2561029419680403,2561029420985926,2561029421013736,2561029427602829,2561029427617570,2561029442695002,2561029443785827,2561029444450165,6.589093,15.092173,12.310677,1.918137,0.863359,16.847336,0.923207,1.240993,10.146477
minji-sync-capacity-9cccf59d8f134c0fb8c266b014565fe3:qwen4b-shaped-capacity-test@1@0@fb70e9a7ac55f61@bfloat16,122,4,2561029421047660,2561029421276480,2561029421300466,2561029428618631,2561029428627691,2561029442695002,2561029443785827,2561029444529887,7.318165,14.076371,11.294875,1.918137,0.863359,15.911256,0.0,1.148398,10.146477
minji-sync-capacity-9cccf59d8f134c0fb8c266b014565fe3:qwen4b-shaped-capacity-test@1@0@-63889b56e3d4e768@bfloat16,123,4,2561029421418946,2561029421685768,2561029421724528,2561029428899649,2561029428914648,2561029442695002,2561029443785827,2561029444849092,7.175121,13.795353,11.013857,1.918137,0.863359,15.949443,0.0,0.86738,10.146477
minji-sync-capacity-9cccf59d8f134c0fb8c266b014565fe3:qwen4b-shaped-capacity-test@1@0@-272d6e5aed903aeb@bfloat16,124,4,2561029423428912,2561029425758921,2561029425797586,2561029434943819,2561029434958253,2561029442695002,2561029443785827,2561029445041531,9.146233,7.751183,4.969687,1.918137,0.863359,10.097712,0.0,0.0,4.969687
minji-sync-capacity-9cccf59d8f134c0fb8c266b014565fe3:qwen4b-shaped-capacity-test@1@0@-29f367a7ac386bf4@bfloat16,125,4,2561029423485865,2561029423775322,2561029423808407,2561029435290742,2561029435303912,2561029442695002,2561029443785827,2561029445108145,11.482335,7.40426,4.622764,1.918137,0.863359,9.817403,0.0,0.0,4.622764
minji-sync-capacity-9cccf59d8f134c0fb8c266b014565fe3:qwen4b-shaped-capacity-test@1@0@6973eb3be63ff2f3@bfloat16,126,4,2561029424028594,2561029424413494,2561029425414713,2561029432618272,2561029432631752,2561029442695002,2561029443785827,2561029445135529,7.203559,10.07673,7.295234,1.918137,0.863359,12.517257,0.0,0.0,7.295234
minji-sync-capacity-9cccf59d8f134c0fb8c266b014565fe3:qwen4b-shaped-capacity-test@1@0@-6b217b49b70916c5@bfloat16,127,4,2561029424207340,2561029424571403,2561029425314083,2561029432394965,2561029432408889,2561029442695002,2561029443785827,2561029445158867,7.080882,10.300037,7.518541,1.918137,0.863359,12.763902,0.0,0.0,7.518541
minji-sync-capacity-9cccf59d8f134c0fb8c266b014565fe3:qwen4b-shaped-capacity-test@1@0@-7f349b605af61a0f@bfloat16,128,4,2561029424379211,2561029424780740,2561029424917063,2561029431648210,2561029431659133,2561029442695002,2561029443785827,2561029445181787,6.731147,11.046792,8.265296,1.918137,0.863359,13.533577,0.0,0.0,8.265296
minji-sync-capacity-9cccf59d8f134c0fb8c266b014565fe3:qwen4b-shaped-capacity-test@1@0@10d3bc3816def689@bfloat16,129,4,2561029424755907,2561029425131174,2561029425393703,2561029432314013,2561029432325773,2561029442695002,2561029443785827,2561029445205766,6.92031,10.380989,7.599493,1.918137,0.863359,12.891753,0.0,0.0,7.599493
minji-sync-capacity-9cccf59d8f134c0fb8c266b014565fe3:qwen4b-shaped-capacity-test@1@0@40c9996f26ebc512@bfloat16,130,4,2561029424842689,2561029425364547,2561029425537759,2561029432717489,2561029432732210,2561029442695002,2561029443785827,2561029445231393,7.17973,9.977513,7.196017,1.918137,0.863359,12.513904,0.0,0.0,7.196017
minji-sync-capacity-9cccf59d8f134c0fb8c266b014565fe3:qwen4b-shaped-capacity-test@1@0@2dbffd695a6de493@bfloat16,131,4,2561029425945990,2561029426390586,2561029426464177,2561029433837778,2561029433851481,2561029442695002,2561029443785827,2561029445254950,7.373601,8.857224,6.075728,1.918137,0.863359,11.417172,0.0,0.0,6.075728
minji-sync-capacity-9cccf59d8f134c0fb8c266b014565fe3:qwen4b-shaped-capacity-test@1@0@-71626b03023220b3@bfloat16,132,4,2561029426739109,2561029427058388,2561029427090394,2561029435348150,2561029435361073,2561029442695002,2561029443785827,2561029445278558,8.257756,7.346852,4.565356,1.918137,0.863359,9.930408,0.0,0.0,4.565356
minji-sync-capacity-9cccf59d8f134c0fb8c266b014565fe3:qwen4b-shaped-capacity-test@1@0@6eeb207e5a91d39f@bfloat16,133,4,2561029427630581,2561029429678168,2561029429767029,2561029439369962,2561029439381435,2561029442695002,2561029443785827,2561029445302221,9.602933,3.32504,0.543544,1.918137,0.863359,5.932259,0.0,0.0,0.543544
minji-sync-capacity-9cccf59d8f134c0fb8c266b014565fe3:qwen4b-shaped-capacity-test@1@0@7023e4105dbccb8b@bfloat16,134,4,2561029428526036,2561029429072188,2561029429623018,2561029439913506,2561029439927317,2561029442695002,2561029443785827,2561029445324992,10.290488,2.781496,0.0,1.918137,0.863359,5.411486,0.0,0.0,0.0
minji-sync-capacity-9cccf59d8f134c0fb8c266b014565fe3:qwen4b-shaped-capacity-test@1@0@-123bfe07fc32daa@bfloat16,135,5,2561029428696346,2561029429427456,2561029429658368,2561029436388922,2561029436401656,2561029457661244,2561029459417732,2561029460350505,6.730554,21.272322,20.661251,0.429714,0.181357,23.961583,8.030087,0.670754,11.96041
minji-sync-capacity-9cccf59d8f134c0fb8c266b014565fe3:qwen4b-shaped-capacity-test@1@0@2763c44afbd530e9@bfloat16,136,5,2561029428933889,2561029429889790,2561029430479055,2561029439046813,2561029439066608,2561029457661244,2561029459417732,2561029460388178,8.567758,18.614431,18.00336,0.429714,0.181357,21.341365,5.372196,0.670754,11.96041
minji-sync-capacity-9cccf59d8f134c0fb8c266b014565fe3:qwen4b-shaped-capacity-test@1@0@-59a6da64233a4144@bfloat16,137,5,2561029429033848,2561029430150300,2561029430427540,2561029442741747,2561029442755468,2561029457661244,2561029459417732,2561029460426849,12.314207,14.919497,14.308426,0.429714,0.181357,17.685102,1.677262,0.670754,11.96041
minji-sync-capacity-9cccf59d8f134c0fb8c266b014565fe3:qwen4b-shaped-capacity-test@1@0@-3e68caed6df6cb25@bfloat16,138,5,2561029429150584,2561029432917751,2561029433367820,2561029439683207,2561029439698491,2561029457661244,2561029459417732,2561029460456810,6.315387,17.978037,17.366966,0.429714,0.181357,20.773603,4.735802,0.670754,11.96041
minji-sync-capacity-9cccf59d8f134c0fb8c266b014565fe3:qwen4b-shaped-capacity-test@1@0@519ad070d3629d17@bfloat16,139,5,2561029429209519,2561029430033141,2561029430388475,2561029439860790,2561029439874402,2561029457661244,2561029459417732,2561029460485519,9.472315,17.800454,17.189383,0.429714,0.181357,20.624729,4.558219,0.670754,11.96041
minji-sync-capacity-9cccf59d8f134c0fb8c266b014565fe3:qwen4b-shaped-capacity-test@1@0@5653bd3d229fd881@bfloat16,140,5,2561029431670529,2561029432268212,2561029432304287,2561029438695361,2561029438705153,2561029457661244,2561029459417732,2561029460509597,6.391074,18.965883,18.354812,0.429714,0.181357,21.814236,5.723648,0.670754,11.96041
minji-sync-capacity-9cccf59d8f134c0fb8c266b014565fe3:qwen4b-shaped-capacity-test@1@0@ff2eccb1b77540f@bfloat16,141,5,2561029432340409,2561029432594479,2561029433349796,2561029440939000,2561029440951469,2561029457661244,2561029459417732,2561029460538767,7.589204,16.722244,16.111173,0.429714,0.181357,19.599767,3.480009,0.670754,11.96041
minji-sync-capacity-9cccf59d8f134c0fb8c266b014565fe3:qwen4b-shaped-capacity-test@1@0@3e29be11fe762584@bfloat16,142,5,2561029432425900,2561029433175754,2561029433416813,2561029442204931,2561029442218263,2561029457661244,2561029459417732,2561029460651430,8.788118,15.456313,14.845242,0.429714,0.181357,18.446499,2.214078,0.670754,11.96041
minji-sync-capacity-9cccf59d8f134c0fb8c266b014565fe3:qwen4b-shaped-capacity-test@1@0@451e0a4baef42910@bfloat16,143,5,2561029432650592,2561029433563584,2561029433607281,2561029446458528,2561029446472527,2561029457661244,2561029459417732,2561029460677475,12.851247,11.202716,10.591645,0.429714,0.181357,14.218947,0.0,0.0,10.591645
minji-sync-capacity-9cccf59d8f134c0fb8c266b014565fe3:qwen4b-shaped-capacity-test@1@0@-35db65e4784848ed@bfloat16,144,5,2561029432748989,2561029433446299,2561029433629122,2561029444380229,2561029444397052,2561029457661244,2561029459417732,2561029460702625,10.751107,13.281015,12.669944,0.429714,0.181357,16.322396,0.03878,0.670754,11.96041
minji-sync-capacity-9cccf59d8f134c0fb8c266b014565fe3:qwen4b-shaped-capacity-test@1@0@-1328ef27a5f2b028@bfloat16,145,5,2561029433870802,2561029434096184,2561029434123802,2561029447874306,2561029447887807,2561029457661244,2561029459417732,2561029460726030,13.750504,9.786938,9.175867,0.429714,0.181357,12.851724,0.0,0.0,9.175867
minji-sync-capacity-9cccf59d8f134c0fb8c266b014565fe3:qwen4b-shaped-capacity-test@1@0@-4c105d998f3d7100@bfloat16,146,5,2561029434980579,2561029435402591,2561029435456282,2561029441210480,2561029441223245,2561029457661244,2561029459417732,2561029460786579,5.754198,16.450764,15.839693,0.429714,0.181357,19.576099,3.208529,0.670754,11.96041
minji-sync-capacity-9cccf59d8f134c0fb8c266b014565fe3:qwen4b-shaped-capacity-test@1@0@-439e2dd54493b147@bfloat16,147,5,2561029435325311,2561029435567538,2561029435912288,2561029445935668,2561029445950366,2561029457661244,2561029459417732,2561029461075251,10.02338,11.725576,11.114505,0.429714,0.181357,15.139583,0.0,0.0,11.114505
minji-sync-capacity-9cccf59d8f134c0fb8c266b014565fe3:qwen4b-shaped-capacity-test@1@0@-451f23a4e74437ee@bfloat16,148,5,2561029435377468,2561029435685860,2561029435958366,2561029444268964,2561029444284670,2561029457661244,2561029459417732,2561029461114384,8.310598,13.39228,12.781209,0.429714,0.181357,16.84542,0.150045,0.670754,11.96041
minji-sync-capacity-9cccf59d8f134c0fb8c266b014565fe3:qwen4b-shaped-capacity-test@1@0@42970274dd8a785e@bfloat16,149,5,2561029436418966,2561029436655916,2561029436684620,2561029449060297,2561029449071906,2561029457661244,2561029459417732,2561029461138797,12.375677,8.600947,7.989876,0.429714,0.181357,12.0785,0.0,0.0,7.989876
minji-sync-capacity-9cccf59d8f134c0fb8c266b014565fe3:qwen4b-shaped-capacity-test@1@0@-66a8eb535522a522@bfloat16,150,5,2561029438717904,2561029440161992,2561029440210441,2561029449667698,2561029449683735,2561029457661244,2561029459417732,2561029461164062,9.457257,7.993546,7.382475,0.429714,0.181357,11.496364,0.0,0.0,7.382475
minji-sync-capacity-9cccf59d8f134c0fb8c266b014565fe3:qwen4b-shaped-capacity-test@1@0@-529b03328c3b628d@bfloat16,151,5,2561029439087447,2561029439422777,2561029439481124,2561029450872596,2561029450887471,2561029457661244,2561029459417732,2561029461234407,11.391472,6.788648,6.177577,0.429714,0.181357,10.361811,0.0,0.0,6.177577
minji-sync-capacity-9cccf59d8f134c0fb8c266b014565fe3:qwen4b-shaped-capacity-test@1@0@712f29129f191015@bfloat16,152,5,2561029439399874,2561029439643174,2561029439668620,2561029446658363,2561029446672804,2561029457661244,2561029459417732,2561029461536722,6.989743,11.002881,10.39181,0.429714,0.181357,14.878359,0.0,0.0,10.39181
minji-sync-capacity-9cccf59d8f134c0fb8c266b014565fe3:qwen4b-shaped-capacity-test@1@0@1605afefcebd2f54@bfloat16,153,5,2561029439718209,2561029440873780,2561029441132485,2561029453809896,2561029453821489,2561029457661244,2561029459417732,2561029461592511,12.677411,3.851348,3.240277,0.429714,0.181357,7.782615,0.0,0.0,3.240277
minji-sync-capacity-9cccf59d8f134c0fb8c266b014565fe3:qwen4b-shaped-capacity-test@1@0@-1707e5374c192350@bfloat16,154,5,2561029439889886,2561029440456726,2561029440680241,2561029447214163,2561029447228337,2561029457661244,2561029459417732,2561029461761978,6.533922,10.447081,9.83601,0.429714,0.181357,14.547815,0.0,0.0,9.83601
minji-sync-capacity-9cccf59d8f134c0fb8c266b014565fe3:qwen4b-shaped-capacity-test@1@0@529ddde6e27aab26@bfloat16,155,5,2561029439946341,2561029440706955,2561029441278925,2561029455731522,2561029455745295,2561029457661244,2561029459417732,2561029461819981,14.452597,1.929722,1.318651,0.429714,0.181357,6.088459,0.0,0.0,1.318651
minji-sync-capacity-9cccf59d8f134c0fb8c266b014565fe3:qwen4b-shaped-capacity-test@1@0@-6637a38ded152b4e@bfloat16,156,5,2561029440967695,2561029441486426,2561029441569101,2561029452167915,2561029452179507,2561029457661244,2561029459417732,2561029461843971,10.598814,5.493329,4.882258,0.429714,0.181357,9.676056,0.0,0.0,4.882258
minji-sync-capacity-9cccf59d8f134c0fb8c266b014565fe3:qwen4b-shaped-capacity-test@1@0@-7425ca7fac609b37@bfloat16,157,5,2561029441240769,2561029441705394,2561029441751515,2561029457050173,2561029457066736,2561029457661244,2561029459417732,2561029461867413,15.298658,0.611071,0.0,0.429714,0.181357,4.81724,0.0,0.0,0.0
minji-sync-capacity-9cccf59d8f134c0fb8c266b014565fe3:qwen4b-shaped-capacity-test@1@0@-5425cb4b9dc6781c@bfloat16,158,5,2561029442234659,2561029442505850,2561029442596752,2561029449295961,2561029449310080,2561029457661244,2561029459417732,2561029461889955,6.699209,8.365283,7.754212,0.429714,0.181357,12.593994,0.0,0.0,7.754212
minji-sync-capacity-9cccf59d8f134c0fb8c266b014565fe3:qwen4b-shaped-capacity-test@1@0@-4bcb40853ea76374@bfloat16,159,5,2561029442777387,2561029443110854,2561029443202566,2561029455613267,2561029455626038,2561029457661244,2561029459417732,2561029461917580,12.410701,2.047977,1.436906,0.429714,0.181357,6.304313,0.0,0.0,1.436906
minji-sync-capacity-9cccf59d8f134c0fb8c266b014565fe3:qwen4b-shaped-capacity-test@1@0@2d413da4f32fdf39@bfloat16,160,5,2561029444306176,2561029444712916,2561029444825985,2561029451324183,2561029451339758,2561029457661244,2561029459417732,2561029461947004,6.498198,6.337061,5.72599,0.429714,0.181357,10.622821,0.0,0.0,5.72599
minji-sync-capacity-9cccf59d8f134c0fb8c266b014565fe3:qwen4b-shaped-capacity-test@1@0@-60eab58919cd625@bfloat16,161,5,2561029444419009,2561029444980669,2561029445089763,2561029452073552,2561029452101191,2561029457661244,2561029459417732,2561029461970447,6.983789,5.587692,4.976621,0.429714,0.181357,9.896895,0.0,0.0,4.976621
minji-sync-capacity-9cccf59d8f134c0fb8c266b014565fe3:qwen4b-shaped-capacity-test@1@0@3aa150de898bac1a@bfloat16,162,6,2561029445970997,2561029447037059,2561029447069502,2561029453163780,2561029453177929,2561029486202904,2561029487294261,2561029487484410,6.094278,33.039124,30.5882,1.075352,1.375572,34.32063,7.879969,0.419538,22.288693
minji-sync-capacity-9cccf59d8f134c0fb8c266b014565fe3:qwen4b-shaped-capacity-test@1@0@-3f86cb54dabc0300@bfloat16,163,6,2561029446493738,2561029447599018,2561029447626705,2561029454475442,2561029454490016,2561029486202904,2561029487294261,2561029487521311,6.848737,31.727462,29.276538,1.075352,1.375572,33.045869,6.568307,0.419538,22.288693
minji-sync-capacity-9cccf59d8f134c0fb8c266b014565fe3:qwen4b-shaped-capacity-test@1@0@29ddbe47615ba93d@bfloat16,164,6,2561029446688554,2561029448973059,2561029449010434,2561029455785896,2561029455795739,2561029486202904,2561029487294261,2561029487559101,6.775462,30.417008,27.966084,1.075352,1.375572,31.773205,5.257853,0.419538,22.288693
minji-sync-capacity-9cccf59d8f134c0fb8c266b014565fe3:qwen4b-shaped-capacity-test@1@0@65656c90315e6997@bfloat16,165,6,2561029447246227,2561029448285539,2561029448466220,2561029459763181,2561029459775334,2561029486202904,2561029487294261,2561029487592099,11.296961,26.439723,23.988799,1.075352,1.375572,27.828918,1.280568,0.419538,22.288693
minji-sync-capacity-9cccf59d8f134c0fb8c266b014565fe3:qwen4b-shaped-capacity-test@1@0@-3e1d90e6d245132a@bfloat16,166,6,2561029447909441,2561029448397652,2561029448434280,2561029455090570,2561029455105294,2561029486202904,2561029487294261,2561029487626536,6.65629,31.112334,28.66141,1.075352,1.375572,32.535966,5.953179,0.419538,22.288693
minji-sync-capacity-9cccf59d8f134c0fb8c266b014565fe3:qwen4b-shaped-capacity-test@1@0@6d4be382779c9c84@bfloat16,167,6,2561029449088643,2561029449365784,2561029449393935,2561029456064582,2561029456077874,2561029486202904,2561029487294261,2561029487656609,6.670647,30.138322,27.687398,1.075352,1.375572,31.592027,4.979167,0.419538,22.288693
minji-sync-capacity-9cccf59d8f134c0fb8c266b014565fe3:qwen4b-shaped-capacity-test@1@0@3ade81ed59d8cc9b@bfloat16,168,6,2561029449326887,2561029449556215,2561029449581048,2561029469733850,2561029469749389,2561029486202904,2561029487294261,2561029487685191,20.152802,16.469054,14.01813,1.075352,1.375572,17.951341,0.0,0.0,14.01813
minji-sync-capacity-9cccf59d8f134c0fb8c266b014565fe3:qwen4b-shaped-capacity-test@1@0@-df5fafe581eb273@bfloat16,169,6,2561029449705534,2561029449965279,2561029449995384,2561029467350801,2561029467370690,2561029486202904,2561029487294261,2561029487781122,17.355417,18.852103,16.401179,1.075352,1.375572,20.430321,0.0,0.0,16.401179
minji-sync-capacity-9cccf59d8f134c0fb8c266b014565fe3:qwen4b-shaped-capacity-test@1@0@-1543206fca202e70@bfloat16,170,6,2561029450906943,2561029453122899,2561029453256261,2561029459279925,2561029459292803,2561029486202904,2561029487294261,2561029487816550,6.023664,26.922979,24.472055,1.075352,1.375572,28.536625,1.763824,0.419538,22.288693
minji-sync-capacity-9cccf59d8f134c0fb8c266b014565fe3:qwen4b-shaped-capacity-test@1@0@-1076622f8ae9c09c@bfloat16,171,6,2561029451360238,2561029451629514,2561029451657086,2561029457964203,2561029457981206,2561029486202904,2561029487294261,2561029487848785,6.307117,28.238701,25.787777,1.075352,1.375572,29.884582,3.079546,0.419538,22.288693
minji-sync-capacity-9cccf59d8f134c0fb8c266b014565fe3:qwen4b-shaped-capacity-test@1@0@-7cbdf14e9805ba51@bfloat16,172,6,2561029452127239,2561029455066204,2561029455164149,2561029462096472,2561029462108690,2561029486202904,2561029487294261,2561029488310832,6.932323,24.106432,21.655508,1.075352,1.375572,26.21436,0.0,0.0,21.655508
minji-sync-capacity-9cccf59d8f134c0fb8c266b014565fe3:qwen4b-shaped-capacity-test@1@0@496e49f82eb7caab@bfloat16,173,6,2561029452194346,2561029452500379,2561029452528281,2561029458772877,2561029458784761,2561029486202904,2561029487294261,2561029489079406,6.244596,27.430027,24.979103,1.075352,1.375572,30.306529,2.270872,0.419538,22.288693
minji-sync-capacity-9cccf59d8f134c0fb8c266b014565fe3:qwen4b-shaped-capacity-test@1@0@-1f9e96d6a974f11e@bfloat16,174,6,2561029453201657,2561029453515145,2561029453550302,2561029461012901,2561029461026665,2561029486202904,2561029487294261,2561029489488333,7.462599,25.190003,22.739079,1.075352,1.375572,28.475432,0.030848,0.419538,22.288693
minji-sync-capacity-9cccf59d8f134c0fb8c266b014565fe3:qwen4b-shaped-capacity-test@1@0@-1fc5b6057047437f@bfloat16,175,6,2561029453841288,2561029454075572,2561029454101668,2561029460546596,2561029460568049,2561029486202904,2561029487294261,2561029489668194,6.444928,25.656308,23.205384,1.075352,1.375572,29.121598,0.497153,0.419538,22.288693
minji-sync-capacity-9cccf59d8f134c0fb8c266b014565fe3:qwen4b-shaped-capacity-test@1@0@-3e4fd31085d8e83f@bfloat16,176,6,2561029454510171,2561029454780952,2561029454812799,2561029461395194,2561029461410637,2561029486202904,2561029487294261,2561029489789722,6.582395,24.80771,22.356786,1.075352,1.375572,28.394528,0.0,0.068093,22.288693
minji-sync-capacity-9cccf59d8f134c0fb8c266b014565fe3:qwen4b-shaped-capacity-test@1@0@-725c6d0698141ea0@bfloat16,177,6,2561029455122011,2561029455570434,2561029455600643,2561029464324816,2561029464341507,2561029486202904,2561029487294261,2561029489907024,8.724173,21.878088,19.427164,1.075352,1.375572,25.582208,0.0,0.0,19.427164
minji-sync-capacity-9cccf59d8f134c0fb8c266b014565fe3:qwen4b-shaped-capacity-test@1@0@519d8dbab7f2b262@bfloat16,178,6,2561029455642392,2561029455939244,2561029456021558,2561029467203711,2561029467219024,2561029486202904,2561029487294261,2561029490055397,11.182153,18.999193,16.548269,1.075352,1.375572,22.851686,0.0,0.0,16.548269
minji-sync-capacity-9cccf59d8f134c0fb8c266b014565fe3:qwen4b-shaped-capacity-test@1@0@22e50aceb95d57ea@bfloat16,179,6,2561029455764341,2561029456962503,2561029457301080,2561029472183407,2561029472204623,2561029486202904,2561029487294261,2561029490091762,14.882327,14.019497,11.568573,1.075352,1.375572,17.908355,0.0,0.0,11.568573
minji-sync-capacity-9cccf59d8f134c0fb8c266b014565fe3:qwen4b-shaped-capacity-test@1@0@3f08a94ebd7aa303@bfloat16,180,6,2561029455810653,2561029457146830,2561029457200888,2561029472330752,2561029472350545,2561029486202904,2561029487294261,2561029490140772,15.129864,13.872152,11.421228,1.075352,1.375572,17.81002,0.0,0.0,11.421228
minji-sync-capacity-9cccf59d8f134c0fb8c266b014565fe3:qwen4b-shaped-capacity-test@1@0@61c07c186e4bd357@bfloat16,181,6,2561029456092764,2561029457931484,2561029458125321,2561029464263324,2561029464275373,2561029486202904,2561029487294261,2561029490170011,6.138003,21.93958,19.488656,1.075352,1.375572,25.906687,0.0,0.0,19.488656
minji-sync-capacity-9cccf59d8f134c0fb8c266b014565fe3:qwen4b-shaped-capacity-test@1@0@-73ea5a085e3c01ec@bfloat16,182,6,2561029457093219,2561029459743845,2561029460222427,2561029475717955,2561029475730511,2561029486202904,2561029487294261,2561029490211010,15.495528,10.484949,8.034025,1.075352,1.375572,14.493055,0.0,0.0,8.034025
minji-sync-capacity-9cccf59d8f134c0fb8c266b014565fe3:qwen4b-shaped-capacity-test@1@0@482ef3843fa0f913@bfloat16,183,6,2561029458005560,2561029458358525,2561029458468147,2561029469960821,2561029469975975,2561029486202904,2561029487294261,2561029490249408,11.492674,16.242083,13.791159,1.075352,1.375572,20.288587,0.0,0.0,13.791159
minji-sync-capacity-9cccf59d8f134c0fb8c266b014565fe3:qwen4b-shaped-capacity-test@1@0@-2fcff0317eb91d78@bfloat16,184,6,2561029458800001,2561029459088482,2561029459120015,2561029465378378,2561029465395239,2561029486202904,2561029487294261,2561029490282629,6.258363,20.824526,18.373602,1.075352,1.375572,24.904251,0.0,0.0,18.373602
minji-sync-capacity-9cccf59d8f134c0fb8c266b014565fe3:qwen4b-shaped-capacity-test@1@0@2920aeded14f1e76@bfloat16,185,6,2561029459309975,2561029459547215,2561029459857123,2561029468091342,2561029468111408,2561029486202904,2561029487294261,2561029490332924,8.234219,18.111562,15.660638,1.075352,1.375572,22.241582,0.0,0.0,15.660638
minji-sync-capacity-9cccf59d8f134c0fb8c266b014565fe3:qwen4b-shaped-capacity-test@1@0@59b5e93e32341b51@bfloat16,186,6,2561029459793994,2561029460135715,2561029460207828,2561029466701323,2561029466715321,2561029486202904,2561029487294261,2561029491303972,6.493495,19.501581,17.050657,1.075352,1.375572,24.602649,0.0,0.0,17.050657
minji-sync-capacity-9cccf59d8f134c0fb8c266b014565fe3:qwen4b-shaped-capacity-test@1@0@44c507efe9b0b287@bfloat16,187,6,2561029460586611,2561029460903403,2561029460947579,2561029467696582,2561029467706713,2561029486202904,2561029487294261,2561029492916133,6.749003,18.506322,16.055398,1.075352,1.375572,25.219551,0.0,0.0,16.055398
minji-sync-capacity-9cccf59d8f134c0fb8c266b014565fe3:qwen4b-shaped-capacity-test@1@0@-242d164745b6953a@bfloat16,188,6,2561029461043749,2561029461350379,2561029461463287,2561029483751980,2561029483767748,2561029486202904,2561029487294261,2561029493021102,22.288693,2.450924,0.0,1.075352,1.375572,9.269122,0.0,0.0,0.0
minji-sync-capacity-9cccf59d8f134c0fb8c266b014565fe3:qwen4b-shaped-capacity-test@1@0@7cf6c1c5063f10b2@bfloat16,189,7,2561029461427236,2561029461698587,2561029461782861,2561029481255620,2561029481275495,2561029494276688,2561029495012514,2561029495126478,19.472759,13.021068,9.979844,2.154119,0.887105,13.870858,0.0,0.0,9.979844
minji-sync-capacity-9cccf59d8f134c0fb8c266b014565fe3:qwen4b-shaped-capacity-test@1@0@20d45a0959eea5ca@bfloat16,190,7,2561029462123866,2561029462375899,2561029462407588,2561029469430767,2561029469441403,2561029494276688,2561029495012514,2561029495155158,7.023179,24.845921,21.804697,2.154119,0.887105,25.724391,10.681795,0.369294,10.753608
minji-sync-capacity-9cccf59d8f134c0fb8c266b014565fe3:qwen4b-shaped-capacity-test@1@0@702e1526a9da56ec@bfloat16,191,7,2561029464292182,2561029464597745,2561029464636537,2561029470916793,2561029470930349,2561029494276688,2561029495012514,2561029495181171,6.280256,23.359895,20.318671,2.154119,0.887105,24.264378,9.195769,0.369294,10.753608
minji-sync-capacity-9cccf59d8f134c0fb8c266b014565fe3:qwen4b-shaped-capacity-test@1@0@-331724232156ee74@bfloat16,192,7,2561029464360261,2561029465131919,2561029465163557,2561029471242689,2561029471256219,2561029494276688,2561029495012514,2561029495204582,6.079132,23.033999,19.992775,2.154119,0.887105,23.961893,8.869873,0.369294,10.753608
minji-sync-capacity-9cccf59d8f134c0fb8c266b014565fe3:qwen4b-shaped-capacity-test@1@0@-63d1cd7d02b7489b@bfloat16,193,7,2561029465413518,2561029467145937,2561029467184057,2561029473529396,2561029473545514,2561029494276688,2561029495012514,2561029495228459,6.345339,20.747292,17.706068,2.154119,0.887105,21.699063,6.583166,0.369294,10.753608
minji-sync-capacity-9cccf59d8f134c0fb8c266b014565fe3:qwen4b-shaped-capacity-test@1@0@-2a8bcf2ba08a71cc@bfloat16,194,7,2561029466731207,2561029466918171,2561029467123901,2561029473756395,2561029473770228,2561029494276688,2561029495012514,2561029495253747,6.632494,20.520293,17.479069,2.154119,0.887105,21.497352,6.356167,0.369294,10.753608
minji-sync-capacity-9cccf59d8f134c0fb8c266b014565fe3:qwen4b-shaped-capacity-test@1@0@-118f34a1d7d3a774@bfloat16,195,7,2561029467238410,2561029467552627,2561029467814415,2561029475297462,2561029475311088,2561029494276688,2561029495012514,2561029495276437,7.483047,18.979226,15.938002,2.154119,0.887105,19.978975,4.8151,0.369294,10.753608
minji-sync-capacity-9cccf59d8f134c0fb8c266b014565fe3:qwen4b-shaped-capacity-test@1@0@-145599f00760cb44@bfloat16,196,7,2561029467390608,2561029467753381,2561029467841747,2561029474678588,2561029474702380,2561029494276688,2561029495012514,2561029495297753,6.836841,19.5981,16.556876,2.154119,0.887105,20.619165,5.433974,0.369294,10.753608
minji-sync-capacity-9cccf59d8f134c0fb8c266b014565fe3:qwen4b-shaped-capacity-test@1@0@34f84683868b949c@bfloat16,197,7,2561029467720072,2561029467991054,2561029468023262,2561029475146122,2561029475160897,2561029494276688,2561029495012514,2561029495322053,7.12286,19.130566,16.089342,2.154119,0.887105,20.175931,4.96644,0.369294,10.753608
minji-sync-capacity-9cccf59d8f134c0fb8c266b014565fe3:qwen4b-shaped-capacity-test@1@0@-2267ca280a213ac4@bfloat16,198,7,2561029468135597,2561029469373918,2561029469418123,2561029476943591,2561029476962759,2561029494276688,2561029495012514,2561029495342669,7.525468,17.333097,14.291873,2.154119,0.887105,18.399078,3.168971,0.369294,10.753608
minji-sync-capacity-9cccf59d8f134c0fb8c266b014565fe3:qwen4b-shaped-capacity-test@1@0@-2017c3115dfbb67b@bfloat16,199,7,2561029469457704,2561029469808267,2561029469856687,2561029478430036,2561029478445717,2561029494276688,2561029495012514,2561029495363246,8.573349,15.846652,12.805428,2.154119,0.887105,16.93321,1.682526,0.369294,10.753608
minji-sync-capacity-9cccf59d8f134c0fb8c266b014565fe3:qwen4b-shaped-capacity-test@1@0@5c585bc5b4bd4f88@bfloat16,200,7,2561029469771221,2561029470144758,2561029470363075,2561029481072305,2561029481087628,2561029494276688,2561029495012514,2561029495387516,10.70923,13.204383,10.163159,2.154119,0.887105,14.315211,0.0,0.0,10.163159
minji-sync-capacity-9cccf59d8f134c0fb8c266b014565fe3:qwen4b-shaped-capacity-test@1@0@-7775d1ffc1b56b02@bfloat16,201,7,2561029469994571,2561029470312632,2561029470383264,2561029480075812,2561029480092255,2561029494276688,2561029495012514,2561029495409252,9.692548,14.200876,11.159652,2.154119,0.887105,15.33344,0.03675,0.369294,10.753608
minji-sync-capacity-9cccf59d8f134c0fb8c266b014565fe3:qwen4b-shaped-capacity-test@1@0@6a885311bf56ff3a@bfloat16,202,7,2561029470945992,2561029471190374,2561029471227790,2561029478364717,2561029478379283,2561029494276688,2561029495012514,2561029495430098,7.136927,15.911971,12.870747,2.154119,0.887105,17.065381,1.747845,0.369294,10.753608
minji-sync-capacity-9cccf59d8f134c0fb8c266b014565fe3:qwen4b-shaped-capacity-test@1@0@197a3490d5c4a1f8@bfloat16,203,7,2561029471273209,2561029471547633,2561029471574805,2561029480928861,2561029480941273,2561029494276688,2561029495012514,2561029495451310,9.354056,13.347827,10.306603,2.154119,0.887105,14.522449,0.0,0.0,10.306603
minji-sync-capacity-9cccf59d8f134c0fb8c266b014565fe3:qwen4b-shaped-capacity-test@1@0@68ad17cc6597c66b@bfloat16,204,7,2561029472267344,2561029475211868,2561029475275450,2561029485105736,2561029485122240,2561029494276688,2561029495012514,2561029495474108,9.830286,9.170952,6.129728,2.154119,0.887105,10.368372,0.0,0.0,6.129728
minji-sync-capacity-9cccf59d8f134c0fb8c266b014565fe3:qwen4b-shaped-capacity-test@1@0@-3677129bb28878dc@bfloat16,205,7,2561029472375834,2561029472759231,2561029472805538,2561029483966617,2561029483989298,2561029494276688,2561029495012514,2561029495495951,11.161079,10.310071,7.268847,2.154119,0.887105,11.529334,0.0,0.0,7.268847
minji-sync-capacity-9cccf59d8f134c0fb8c266b014565fe3:qwen4b-shaped-capacity-test@1@0@1b1b64c71a122f5@bfloat16,206,7,2561029473564273,2561029476880232,2561029477027636,2561029483308095,2561029483327059,2561029494276688,2561029495012514,2561029495518181,6.280459,10.968593,7.927369,2.154119,0.887105,12.210086,0.0,0.0,7.927369
minji-sync-capacity-9cccf59d8f134c0fb8c266b014565fe3:qwen4b-shaped-capacity-test@1@0@681d84c2708578cd@bfloat16,207,7,2561029473786867,2561029474006026,2561029474034627,2561029481355820,2561029481369889,2561029494276688,2561029495012514,2561029495541785,7.321193,12.920868,9.879644,2.154119,0.887105,14.185965,0.0,0.0,9.879644
minji-sync-capacity-9cccf59d8f134c0fb8c266b014565fe3:qwen4b-shaped-capacity-test@1@0@744e9e7fc8158896@bfloat16,208,7,2561029474722888,2561029478804360,2561029479295259,2561029491235464,2561029491251458,2561029494276688,2561029495012514,2561029495564211,11.940205,3.041224,0.0,2.154119,0.887105,4.328747,0.0,0.0,0.0
minji-sync-capacity-9cccf59d8f134c0fb8c266b014565fe3:qwen4b-shaped-capacity-test@1@0@-160c0950e81999a7@bfloat16,209,7,2561029475177336,2561029475464319,2561029475671787,2561029485524528,2561029485535799,2561029494276688,2561029495012514,2561029495586891,9.852741,8.75216,5.710936,2.154119,0.887105,10.062363,0.0,0.0,5.710936
minji-sync-capacity-9cccf59d8f134c0fb8c266b014565fe3:qwen4b-shaped-capacity-test@1@0@2605eb4444d3c56c@bfloat16,210,7,2561029475326494,2561029475605285,2561029475661482,2561029482274532,2561029482286113,2561029494276688,2561029495012514,2561029495611501,6.61305,12.002156,8.960932,2.154119,0.887105,13.336969,0.0,0.0,8.960932
minji-sync-capacity-9cccf59d8f134c0fb8c266b014565fe3:qwen4b-shaped-capacity-test@1@0@280b9e3674ef672b@bfloat16,211,7,2561029475752663,2561029475984968,2561029476137049,2561029485219527,2561029485236303,2561029494276688,2561029495012514,2561029495633435,9.082478,9.057161,6.015937,2.154119,0.887105,10.413908,0.0,0.0,6.015937
minji-sync-capacity-9cccf59d8f134c0fb8c266b014565fe3:qwen4b-shaped-capacity-test@1@0@2fd8976222bcafb9@bfloat16,212,7,2561029476984509,2561029478344084,2561029478747838,2561029488581813,2561029488595197,2561029494276688,2561029495012514,2561029495656768,9.833975,5.694875,2.653651,2.154119,0.887105,7.074955,0.0,0.0,2.653651
minji-sync-capacity-9cccf59d8f134c0fb8c266b014565fe3:qwen4b-shaped-capacity-test@1@0@153c4e85a0be1dd3@bfloat16,213,7,2561029478397992,2561029478956333,2561029479217893,2561029485912181,2561029485930055,2561029494276688,2561029495012514,2561029495678894,6.694288,8.364507,5.323283,2.154119,0.887105,9.766713,0.0,0.0,5.323283
minji-sync-capacity-9cccf59d8f134c0fb8c266b014565fe3:qwen4b-shaped-capacity-test@1@0@-ae237731e2edf6e@bfloat16,214,7,2561029478460121,2561029479119699,2561029479254595,2561029488484537,2561029488500385,2561029494276688,2561029495012514,2561029495703162,9.229942,5.792151,2.750927,2.154119,0.887105,7.218625,0.0,0.0,2.750927
minji-sync-capacity-9cccf59d8f134c0fb8c266b014565fe3:qwen4b-shaped-capacity-test@1@0@6d9b8fc076d664c@bfloat16,215,7,2561029480112562,2561029480443785,2561029480481856,2561029487720831,2561029487735479,2561029494276688,2561029495012514,2561029495835838,7.238975,6.555857,3.514633,2.154119,0.887105,8.115007,0.0,0.0,3.514633
minji-sync-capacity-9cccf59d8f134c0fb8c266b014565fe3:qwen4b-shaped-capacity-test@1@0@-376a72c33c76f1e5@bfloat16,216,8,2561029480956793,2561029481415683,2561029481710028,2561029488077461,2561029488089494,2561029521948104,2561029522722970,2561029522867855,6.367433,33.870643,32.112524,1.198117,0.560002,34.790394,10.901682,0.938216,20.272626
minji-sync-capacity-9cccf59d8f134c0fb8c266b014565fe3:qwen4b-shaped-capacity-test@1@0@-131aecef958fc444@bfloat16,217,8,2561029481102632,2561029481675688,2561029481805574,2561029489104590,2561029489117208,2561029521948104,2561029522722970,2561029522897606,7.299016,32.843514,31.085395,1.198117,0.560002,33.793016,9.874553,0.938216,20.272626
minji-sync-capacity-9cccf59d8f134c0fb8c266b014565fe3:qwen4b-shaped-capacity-test@1@0@4822b0f893b8d889@bfloat16,218,8,2561029481310736,2561029482035740,2561029482362305,2561029490778527,2561029490795039,2561029521948104,2561029522722970,2561029522926642,8.416222,31.169577,29.411458,1.198117,0.560002,32.148115,8.200616,0.938216,20.272626
minji-sync-capacity-9cccf59d8f134c0fb8c266b014565fe3:qwen4b-shaped-capacity-test@1@0@21bc95f5158cb4cb@bfloat16,219,8,2561029481386566,2561029482388262,2561029482418403,2561029491071669,2561029491086034,2561029521948104,2561029522722970,2561029522950359,8.653266,30.876435,29.118316,1.198117,0.560002,31.87869,7.907474,0.938216,20.272626
minji-sync-capacity-9cccf59d8f134c0fb8c266b014565fe3:qwen4b-shaped-capacity-test@1@0@-6867f4dc961860b3@bfloat16,220,8,2561029482301792,2561029482537001,2561029482575359,2561029493763109,2561029493773635,2561029521948104,2561029522722970,2561029522973403,11.18775,28.184995,26.426876,1.198117,0.560002,29.210294,5.216034,0.938216,20.272626
minji-sync-capacity-9cccf59d8f134c0fb8c266b014565fe3:qwen4b-shaped-capacity-test@1@0@559838ee1d148d57@bfloat16,221,8,2561029483349175,2561029483685434,2561029483728741,2561029496671373,2561029496681588,2561029521948104,2561029522722970,2561029522995556,12.942632,25.276731,23.518612,1.198117,0.560002,26.324183,2.30777,0.938216,20.272626
minji-sync-capacity-9cccf59d8f134c0fb8c266b014565fe3:qwen4b-shaped-capacity-test@1@0@-530f217ddf6a8673@bfloat16,222,8,2561029483794354,2561029484303688,2561029484671353,2561029499811828,2561029499826467,2561029521948104,2561029522722970,2561029523022648,15.140475,22.136276,20.378157,1.198117,0.560002,23.21082,0.0,0.105531,20.272626
minji-sync-capacity-9cccf59d8f134c0fb8c266b014565fe3:qwen4b-shaped-capacity-test@1@0@-521b226dcff38b60@bfloat16,223,8,2561029484019409,2561029484541528,2561029484688752,2561029503600924,2561029503622081,2561029521948104,2561029522722970,2561029523044542,18.912172,18.34718,16.589061,1.198117,0.560002,19.443618,0.0,0.0,16.589061
minji-sync-capacity-9cccf59d8f134c0fb8c266b014565fe3:qwen4b-shaped-capacity-test@1@0@-305eb405bda85ad1@bfloat16,224,8,2561029485157563,2561029485583233,2561029485810013,2561029491878123,2561029491894136,2561029521948104,2561029522722970,2561029523069062,6.06811,30.069981,28.311862,1.198117,0.560002,31.190939,7.10102,0.938216,20.272626
minji-sync-capacity-9cccf59d8f134c0fb8c266b014565fe3:qwen4b-shaped-capacity-test@1@0@a3c47150a7525ae@bfloat16,225,8,2561029485254976,2561029485706194,2561029485771225,2561029493416103,2561029493429250,2561029521948104,2561029522722970,2561029523097108,7.644878,28.532001,26.773882,1.198117,0.560002,29.681005,5.56304,0.938216,20.272626
minji-sync-capacity-9cccf59d8f134c0fb8c266b014565fe3:qwen4b-shaped-capacity-test@1@0@3c8ff40a21e6acf9@bfloat16,226,8,2561029485551129,2561029488815739,2561029489069241,2561029506104014,2561029506116372,2561029521948104,2561029522722970,2561029523124336,17.034773,15.84409,14.085971,1.198117,0.560002,17.020322,0.0,0.0,14.085971
minji-sync-capacity-9cccf59d8f134c0fb8c266b014565fe3:qwen4b-shaped-capacity-test@1@0@-440d8b73936b8c46@bfloat16,227,8,2561029485952174,2561029488142561,2561029488655048,2561029504536453,2561029504551870,2561029521948104,2561029522722970,2561029523148391,15.881405,17.411651,15.653532,1.198117,0.560002,18.611938,0.0,0.0,15.653532
minji-sync-capacity-9cccf59d8f134c0fb8c266b014565fe3:qwen4b-shaped-capacity-test@1@0@2595f0b1071f3a83@bfloat16,228,8,2561029487754589,2561029488559044,2561029489024115,2561029498275620,2561029498289406,2561029521948104,2561029522722970,2561029523174591,9.251505,23.672484,21.914365,1.198117,0.560002,24.898971,0.703523,0.938216,20.272626
minji-sync-capacity-9cccf59d8f134c0fb8c266b014565fe3:qwen4b-shaped-capacity-test@1@0@608fa87356c457a9@bfloat16,229,8,2561029488109726,2561029488953760,2561029489475983,2561029509361499,2561029509376978,2561029521948104,2561029522722970,2561029523197127,19.885516,12.586605,10.828486,1.198117,0.560002,13.835628,0.0,0.0,10.828486
minji-sync-capacity-9cccf59d8f134c0fb8c266b014565fe3:qwen4b-shaped-capacity-test@1@0@450053bbc7055cc4@bfloat16,230,8,2561029488523001,2561029491450213,2561029492148866,2561029512616726,2561029512630274,2561029521948104,2561029522722970,2561029523221002,20.46786,9.331378,7.573259,1.198117,0.560002,10.604276,0.0,0.0,7.573259
minji-sync-capacity-9cccf59d8f134c0fb8c266b014565fe3:qwen4b-shaped-capacity-test@1@0@-7332a9ee3734f7f6@bfloat16,231,8,2561029488619929,2561029489383523,2561029490008212,2561029495723913,2561029495741946,2561029521948104,2561029522722970,2561029523243323,5.715701,26.224191,24.466072,1.198117,0.560002,27.51941,3.25523,0.938216,20.272626
minji-sync-capacity-9cccf59d8f134c0fb8c266b014565fe3:qwen4b-shaped-capacity-test@1@0@f8a6162ae4ca28f@bfloat16,232,8,2561029489131395,2561029489586871,2561029489970106,2561029504309661,2561029504325879,2561029521948104,2561029522722970,2561029523266813,14.339555,17.638443,15.880324,1.198117,0.560002,18.957152,0.0,0.0,15.880324
minji-sync-capacity-9cccf59d8f134c0fb8c266b014565fe3:qwen4b-shaped-capacity-test@1@0@7721421229a5c409@bfloat16,233,8,2561029490823356,2561029491640413,2561029492952521,2561029498945115,2561029498959880,2561029521948104,2561029522722970,2561029523288899,5.992594,23.002989,21.24487,1.198117,0.560002,24.343784,0.034028,0.938216,20.272626
minji-sync-capacity-9cccf59d8f134c0fb8c266b014565fe3:qwen4b-shaped-capacity-test@1@0@52318613635a7678@bfloat16,234,8,2561029491102747,2561029492468018,2561029492864495,2561029506716643,2561029506729887,2561029521948104,2561029522722970,2561029523309181,13.852148,15.231461,13.473342,1.198117,0.560002,16.592538,0.0,0.0,13.473342
minji-sync-capacity-9cccf59d8f134c0fb8c266b014565fe3:qwen4b-shaped-capacity-test@1@0@3c0a4b6610081381@bfloat16,235,8,2561029491275737,2561029492239820,2561029493127901,2561029501161865,2561029501173726,2561029521948104,2561029522722970,2561029523332534,8.033964,20.786239,19.02812,1.198117,0.560002,22.170669,0.0,0.0,19.02812
minji-sync-capacity-9cccf59d8f134c0fb8c266b014565fe3:qwen4b-shaped-capacity-test@1@0@-4c81164fc49ffae7@bfloat16,236,8,2561029491916238,2561029492654303,2561029493175892,2561029502820329,2561029502838048,2561029521948104,2561029522722970,2561029523354170,9.644437,19.127775,17.369656,1.198117,0.560002,20.533841,0.0,0.0,17.369656
minji-sync-capacity-9cccf59d8f134c0fb8c266b014565fe3:qwen4b-shaped-capacity-test@1@0@5269e6c2331b98c5@bfloat16,237,8,2561029493445255,2561029493822457,2561029493850300,2561029499746200,2561029499760965,2561029521948104,2561029522722970,2561029523374943,5.8959,22.201904,20.443785,1.198117,0.560002,23.628743,0.0,0.171159,20.272626
minji-sync-capacity-9cccf59d8f134c0fb8c266b014565fe3:qwen4b-shaped-capacity-test@1@0@11d03fd47916fcd2@bfloat16,238,8,2561029493792269,2561029494065016,2561029494089362,2561029506791126,2561029506807611,2561029521948104,2561029522722970,2561029523404678,12.701764,15.156978,13.398859,1.198117,0.560002,16.613552,0.0,0.0,13.398859
minji-sync-capacity-9cccf59d8f134c0fb8c266b014565fe3:qwen4b-shaped-capacity-test@1@0@-65c8ab1f99a5a1b4@bfloat16,239,8,2561029495768884,2561029496196492,2561029496229264,2561029502729728,2561029502749733,2561029521948104,2561029522722970,2561029523433007,6.500464,19.218376,17.460257,1.198117,0.560002,20.703279,0.0,0.0,17.460257
minji-sync-capacity-9cccf59d8f134c0fb8c266b014565fe3:qwen4b-shaped-capacity-test@1@0@7fd391c076f4b3f1@bfloat16,240,8,2561029496699964,2561029497015359,2561029497066317,2561029503679720,2561029503694957,2561029521948104,2561029522722970,2561029523457663,6.613403,18.268384,16.510265,1.198117,0.560002,19.777943,0.0,0.0,16.510265
minji-sync-capacity-9cccf59d8f134c0fb8c266b014565fe3:qwen4b-shaped-capacity-test@1@0@3a7c14c4ed3eb0be@bfloat16,241,8,2561029498305998,2561029498560583,2561029498592797,2561029508045426,2561029508057817,2561029521948104,2561029522722970,2561029523536140,9.452629,13.902678,12.144559,1.198117,0.560002,15.490714,0.0,0.0,12.144559
minji-sync-capacity-9cccf59d8f134c0fb8c266b014565fe3:qwen4b-shaped-capacity-test@1@0@-6efb97de145cb4b1@bfloat16,242,8,2561029498979143,2561029499881344,2561029499917359,2561029520189985,2561029520205973,2561029521948104,2561029522722970,2561029523566947,20.272626,1.758119,0.0,1.198117,0.560002,3.376962,0.0,0.0,0.0
minji-sync-capacity-9cccf59d8f134c0fb8c266b014565fe3:qwen4b-shaped-capacity-test@1@0@-17569f2bbe70332d@bfloat16,243,9,2561029499779111,2561029501066692,2561029501090230,2561029511476693,2561029511491853,2561029532810020,2561029533599771,2561029533739867,10.386463,21.333327,20.394347,0.466493,0.472487,22.263174,5.488862,0.305569,14.599916
minji-sync-capacity-9cccf59d8f134c0fb8c266b014565fe3:qwen4b-shaped-capacity-test@1@0@-6265011565615130@bfloat16,244,9,2561029499846506,2561029502889940,2561029502924427,2561029509083996,2561029509093516,2561029532810020,2561029533599771,2561029533771357,6.159569,23.726024,22.787044,0.466493,0.472487,24.687361,7.881559,0.305569,14.599916
minji-sync-capacity-9cccf59d8f134c0fb8c266b014565fe3:qwen4b-shaped-capacity-test@1@0@-38c38e118a4caff0@bfloat16,245,9,2561029501186275,2561029501442417,2561029501477493,2561029507636522,2561029507646328,2561029532810020,2561029533599771,2561029533806076,6.159029,25.173498,24.234518,0.466493,0.472487,26.169554,9.329033,0.305569,14.599916
minji-sync-capacity-9cccf59d8f134c0fb8c266b014565fe3:qwen4b-shaped-capacity-test@1@0@-426a3b4564abd00b@bfloat16,246,9,2561029502780173,2561029504220339,2561029504258257,2561029510929726,2561029510943925,2561029532810020,2561029533599771,2561029533835940,6.671469,21.880294,20.941314,0.466493,0.472487,22.906214,6.035829,0.305569,14.599916
minji-sync-capacity-9cccf59d8f134c0fb8c266b014565fe3:qwen4b-shaped-capacity-test@1@0@145ac5731d40fb25@bfloat16,247,9,2561029502857905,2561029503208279,2561029503345265,2561029510169391,2561029510183974,2561029532810020,2561029533599771,2561029533903875,6.824126,22.640629,21.701649,0.466493,0.472487,23.734484,6.796164,0.305569,14.599916
minji-sync-capacity-9cccf59d8f134c0fb8c266b014565fe3:qwen4b-shaped-capacity-test@1@0@4b815f186fc40898@bfloat16,248,9,2561029503648560,2561029506871507,2561029507346591,2561029520594597,2561029520607237,2561029532810020,2561029533599771,2561029534336181,13.248006,12.215423,11.276443,0.466493,0.472487,13.741584,0.0,0.0,11.276443
minji-sync-capacity-9cccf59d8f134c0fb8c266b014565fe3:qwen4b-shaped-capacity-test@1@0@-6cf56ba6714d5b5a@bfloat16,249,9,2561029503713476,2561029507012248,2561029507380620,2561029514246233,2561029514260167,2561029532810020,2561029533599771,2561029535019545,6.865613,18.563787,17.624807,0.466493,0.472487,20.773312,2.719322,0.305569,14.599916
minji-sync-capacity-9cccf59d8f134c0fb8c266b014565fe3:qwen4b-shaped-capacity-test@1@0@f684d1f9fe0e30a@bfloat16,250,9,2561029504343162,2561029505987430,2561029506021969,2561029520125211,2561029520139909,2561029532810020,2561029533599771,2561029535376869,14.103242,12.684809,11.745829,0.466493,0.472487,15.251658,0.0,0.0,11.745829
minji-sync-capacity-9cccf59d8f134c0fb8c266b014565fe3:qwen4b-shaped-capacity-test@1@0@-55f4680bdfe748ac@bfloat16,251,9,2561029504572613,2561029504811276,2561029504845860,2561029511845230,2561029511861035,2561029532810020,2561029533599771,2561029535584874,6.99937,20.96479,20.02581,0.466493,0.472487,23.739644,5.120325,0.305569,14.599916
minji-sync-capacity-9cccf59d8f134c0fb8c266b014565fe3:qwen4b-shaped-capacity-test@1@0@-ad464ab80551ace@bfloat16,252,9,2561029506134180,2561029506515156,2561029507427447,2561029516941815,2561029516953207,2561029532810020,2561029533599771,2561029535625607,9.514368,15.868205,14.929225,0.466493,0.472487,18.683792,0.02374,0.305569,14.599916
minji-sync-capacity-9cccf59d8f134c0fb8c266b014565fe3:qwen4b-shaped-capacity-test@1@0@-3c425f2745889fea@bfloat16,253,9,2561029506746987,2561029507243559,2561029507414809,2561029513681922,2561029513694321,2561029532810020,2561029533599771,2561029535652474,6.267113,19.128098,18.189118,0.466493,0.472487,21.970552,3.283633,0.305569,14.599916
minji-sync-capacity-9cccf59d8f134c0fb8c266b014565fe3:qwen4b-shaped-capacity-test@1@0@19412065c1776584@bfloat16,254,9,2561029506824758,2561029508983923,2561029509026633,2561029523600103,2561029523614850,2561029532810020,2561029533599771,2561029535718186,14.57347,9.209917,8.270937,0.466493,0.472487,12.118083,0.0,0.0,8.270937
minji-sync-capacity-9cccf59d8f134c0fb8c266b014565fe3:qwen4b-shaped-capacity-test@1@0@477c2f2b5fee9763@bfloat16,255,9,2561029507661207,2561029509915306,2561029509941056,2561029516269567,2561029516283261,2561029532810020,2561029533599771,2561029535744897,6.328511,16.540453,15.601473,0.466493,0.472487,19.47533,0.695988,0.305569,14.599916
minji-sync-capacity-9cccf59d8f134c0fb8c266b014565fe3:qwen4b-shaped-capacity-test@1@0@-543f8dc4d9ef666a@bfloat16,256,9,2561029508073429,2561029508312562,2561029508355487,2561029514561365,2561029514574788,2561029532810020,2561029533599771,2561029535768313,6.205878,18.248655,17.309675,0.466493,0.472487,21.206948,2.40419,0.305569,14.599916
minji-sync-capacity-9cccf59d8f134c0fb8c266b014565fe3:qwen4b-shaped-capacity-test@1@0@-7a9660ac6084dfac@bfloat16,257,9,2561029509108362,2561029511460229,2561029511570031,2561029528809153,2561029528819269,2561029532810020,2561029533599771,2561029535791501,17.239122,4.000867,3.061887,0.466493,0.472487,6.982348,0.0,0.0,3.061887
minji-sync-capacity-9cccf59d8f134c0fb8c266b014565fe3:qwen4b-shaped-capacity-test@1@0@-b4533b737356555@bfloat16,258,9,2561029509396429,2561029509642927,2561029509678395,2561029516320685,2561029516332053,2561029532810020,2561029533599771,2561029535813869,6.64229,16.489335,15.550355,0.466493,0.472487,19.493184,0.64487,0.305569,14.599916
minji-sync-capacity-9cccf59d8f134c0fb8c266b014565fe3:qwen4b-shaped-capacity-test@1@0@-2afdf3aaa0a92c50@bfloat16,259,9,2561029510201889,2561029510428135,2561029510459767,2561029518581305,2561029518595509,2561029532810020,2561029533599771,2561029535839742,8.121538,14.228715,13.289735,0.466493,0.472487,17.258437,0.0,0.0,13.289735
minji-sync-capacity-9cccf59d8f134c0fb8c266b014565fe3:qwen4b-shaped-capacity-test@1@0@6f301bf960d997a4@bfloat16,260,9,2561029510961448,2561029511269863,2561029511435736,2561029523827800,2561029523848676,2561029532810020,2561029533599771,2561029535861782,12.392064,8.98222,8.04324,0.466493,0.472487,12.033982,0.0,0.0,8.04324
minji-sync-capacity-9cccf59d8f134c0fb8c266b014565fe3:qwen4b-shaped-capacity-test@1@0@-484cc44dba281941@bfloat16,261,9,2561029511515531,2561029511742959,2561029511829233,2561029518324770,2561029518335449,2561029532810020,2561029533599771,2561029535884390,6.495537,14.48525,13.54627,0.466493,0.472487,17.55962,0.0,0.0,13.54627
minji-sync-capacity-9cccf59d8f134c0fb8c266b014565fe3:qwen4b-shaped-capacity-test@1@0@7e8e356b9219e428@bfloat16,262,9,2561029511880080,2561029512136174,2561029512169035,2561029519321546,2561029519331878,2561029532810020,2561029533599771,2561029535906794,7.152511,13.488474,12.549494,0.466493,0.472487,16.585248,0.0,0.0,12.549494
minji-sync-capacity-9cccf59d8f134c0fb8c266b014565fe3:qwen4b-shaped-capacity-test@1@0@-cec2a932c3dd1bd@bfloat16,263,9,2561029512652191,2561029512934535,2561029512964043,2561029526356863,2561029526369734,2561029532810020,2561029533599771,2561029535928636,13.39282,6.453157,5.514177,0.466493,0.472487,9.571773,0.0,0.0,5.514177
minji-sync-capacity-9cccf59d8f134c0fb8c266b014565fe3:qwen4b-shaped-capacity-test@1@0@5e5c7f7264776f71@bfloat16,264,9,2561029513709256,2561029516079907,2561029516106236,2561029530112352,2561029530128262,2561029532810020,2561029533599771,2561029535950996,14.006116,2.697668,1.758688,0.466493,0.472487,5.838644,0.0,0.0,1.758688
minji-sync-capacity-9cccf59d8f134c0fb8c266b014565fe3:qwen4b-shaped-capacity-test@1@0@5bc9d61549846560@bfloat16,265,9,2561029514275769,2561029514628135,2561029514656799,2561029521437239,2561029521450179,2561029532810020,2561029533599771,2561029535975001,6.78044,11.372781,10.433801,0.466493,0.472487,14.537762,0.0,0.0,10.433801
minji-sync-capacity-9cccf59d8f134c0fb8c266b014565fe3:qwen4b-shaped-capacity-test@1@0@-249177ffd3a6691@bfloat16,266,9,2561029514595347,2561029514842425,2561029514868704,2561029531871040,2561029531883244,2561029532810020,2561029533599771,2561029535998592,17.002336,0.93898,0.0,0.466493,0.472487,4.127552,0.0,0.0,0.0
minji-sync-capacity-9cccf59d8f134c0fb8c266b014565fe3:qwen4b-shaped-capacity-test@1@0@-384a93c9f833eecf@bfloat16,267,9,2561029516298446,2561029516559632,2561029516734631,2561029527353519,2561029527367830,2561029532810020,2561029533599771,2561029536025160,10.618888,5.456501,4.517521,0.466493,0.472487,8.671641,0.0,0.0,4.517521
minji-sync-capacity-9cccf59d8f134c0fb8c266b014565fe3:qwen4b-shaped-capacity-test@1@0@-7fc947336d0c160b@bfloat16,268,9,2561029516345538,2561029516683876,2561029516757197,2561029524004906,2561029524019439,2561029532810020,2561029533599771,2561029536046297,7.247709,8.805114,7.866134,0.466493,0.472487,12.041391,0.0,0.0,7.866134
minji-sync-capacity-9cccf59d8f134c0fb8c266b014565fe3:qwen4b-shaped-capacity-test@1@0@-219ec7478560c46a@bfloat16,269,9,2561029516965555,2561029517247824,2561029517271124,2561029523482100,2561029523496104,2561029532810020,2561029533599771,2561029536067908,6.210976,9.32792,8.38894,0.466493,0.472487,12.585808,0.0,0.0,8.38894
minji-sync-capacity-9cccf59d8f134c0fb8c266b014565fe3:qwen4b-shaped-capacity-test@1@0@1245845e7cadc494@bfloat16,270,10,2561029518350323,2561029518644000,2561029518777738,2561029525170237,2561029525182876,2561029547211793,2561029550450902,2561029550646437,6.392499,22.041556,21.119242,0.705703,0.216611,25.4762,9.416606,0.825525,10.877111
minji-sync-capacity-9cccf59d8f134c0fb8c266b014565fe3:qwen4b-shaped-capacity-test@1@0@5eae02ceac7a359d@bfloat16,271,10,2561029518613068,2561029518923568,2561029518960156,2561029529925023,2561029529941253,2561029547211793,2561029550450902,2561029550681316,10.964867,17.28677,16.364456,0.705703,0.216611,20.756293,4.66182,0.825525,10.877111
minji-sync-capacity-9cccf59d8f134c0fb8c266b014565fe3:qwen4b-shaped-capacity-test@1@0@-7081f83dc44555bd@bfloat16,272,10,2561029519346488,2561029519550972,2561029519599601,2561029526097801,2561029526112384,2561029547211793,2561029550450902,2561029550712122,6.4982,21.113992,20.191678,0.705703,0.216611,24.614321,8.489042,0.825525,10.877111
minji-sync-capacity-9cccf59d8f134c0fb8c266b014565fe3:qwen4b-shaped-capacity-test@1@0@453d7abc7fc7946b@bfloat16,273,10,2561029520156506,2561029520430086,2561029520950232,2561029527621352,2561029527634541,2561029547211793,2561029550450902,2561029550741102,6.67112,19.590441,18.668127,0.705703,0.216611,23.11975,6.965491,0.825525,10.877111
minji-sync-capacity-9cccf59d8f134c0fb8c266b014565fe3:qwen4b-shaped-capacity-test@1@0@17dd2217ee34c3b4@bfloat16,274,10,2561029520229419,2561029520658989,2561029520722629,2561029527295284,2561029527309070,2561029547211793,2561029550450902,2561029550767371,6.572655,19.916509,18.994195,0.705703,0.216611,23.472087,7.291559,0.825525,10.877111
minji-sync-capacity-9cccf59d8f134c0fb8c266b014565fe3:qwen4b-shaped-capacity-test@1@0@-1360c1e88eb4aba1@bfloat16,275,10,2561029520628188,2561029521084687,2561029521112619,2561029539906084,2561029539923285,2561029547211793,2561029550450902,2561029550792861,18.793465,7.305709,6.383395,0.705703,0.216611,10.886777,0.0,0.0,6.383395
minji-sync-capacity-9cccf59d8f134c0fb8c266b014565fe3:qwen4b-shaped-capacity-test@1@0@-5e78748d4377ab41@bfloat16,276,10,2561029521466379,2561029524161581,2561029524441909,2561029530387061,2561029530400088,2561029547211793,2561029550450902,2561029550821072,5.945152,16.824732,15.902418,0.705703,0.216611,20.434011,4.199782,0.825525,10.877111
minji-sync-capacity-9cccf59d8f134c0fb8c266b014565fe3:qwen4b-shaped-capacity-test@1@0@7aa5255d6fa0eb03@bfloat16,277,10,2561029523508395,2561029524748282,2561029525156186,2561029538032248,2561029538047910,2561029547211793,2561029550450902,2561029550848823,12.876062,9.179545,8.257231,0.705703,0.216611,12.816575,0.0,0.0,8.257231
minji-sync-capacity-9cccf59d8f134c0fb8c266b014565fe3:qwen4b-shaped-capacity-test@1@0@-35afba3ad847c397@bfloat16,278,10,2561029523635128,2561029526424520,2561029526462662,2561029534841372,2561029534855780,2561029547211793,2561029550450902,2561029550876426,8.37871,12.370421,11.448107,0.705703,0.216611,16.035054,0.0,0.570996,10.877111
minji-sync-capacity-9cccf59d8f134c0fb8c266b014565fe3:qwen4b-shaped-capacity-test@1@0@-363125951036c8a5@bfloat16,279,10,2561029523873754,2561029524946915,2561029525228902,2561029534117267,2561029534136583,2561029547211793,2561029550450902,2561029550902854,8.888365,13.094526,12.172212,0.705703,0.216611,16.785587,0.469576,0.825525,10.877111
minji-sync-capacity-9cccf59d8f134c0fb8c266b014565fe3:qwen4b-shaped-capacity-test@1@0@c0b96493924859f@bfloat16,280,10,2561029524034945,2561029525258212,2561029525291690,2561029531541384,2561029531553418,2561029547211793,2561029550450902,2561029550928809,6.249694,15.670409,14.748095,0.705703,0.216611,19.387425,3.045459,0.825525,10.877111
minji-sync-capacity-9cccf59d8f134c0fb8c266b014565fe3:qwen4b-shaped-capacity-test@1@0@47aa1c65104f41c6@bfloat16,281,10,2561029525200523,2561029525448780,2561029525476823,2561029531453623,2561029531468904,2561029547211793,2561029550450902,2561029550957453,5.9768,15.75817,14.835856,0.705703,0.216611,19.50383,3.13322,0.825525,10.877111
minji-sync-capacity-9cccf59d8f134c0fb8c266b014565fe3:qwen4b-shaped-capacity-test@1@0@37699a5b23be09bd@bfloat16,282,10,2561029526130780,2561029528229007,2561029528504997,2561029534545368,2561029534566077,2561029547211793,2561029550450902,2561029550983508,6.040371,12.666425,11.744111,0.705703,0.216611,16.43814,0.041475,0.825525,10.877111
minji-sync-capacity-9cccf59d8f134c0fb8c266b014565fe3:qwen4b-shaped-capacity-test@1@0@-1897b375c288c375@bfloat16,283,10,2561029526388677,2561029526747345,2561029526778137,2561029537640915,2561029537656572,2561029547211793,2561029550450902,2561029551013429,10.862778,9.570878,8.648564,0.705703,0.216611,13.372514,0.0,0.0,8.648564
minji-sync-capacity-9cccf59d8f134c0fb8c266b014565fe3:qwen4b-shaped-capacity-test@1@0@-1aa249b7aa440138@bfloat16,284,10,2561029527326243,2561029527599457,2561029527980956,2561029534021593,2561029534036994,2561029547211793,2561029550450902,2561029551038572,6.040637,13.1902,12.267886,0.705703,0.216611,17.016979,0.56525,0.825525,10.877111
minji-sync-capacity-9cccf59d8f134c0fb8c266b014565fe3:qwen4b-shaped-capacity-test@1@0@362234f51774865b@bfloat16,285,10,2561029527384954,2561029527861751,2561029527954249,2561029543170180,2561029543183774,2561029547211793,2561029550450902,2561029551066767,15.215931,4.041613,3.119299,0.705703,0.216611,7.896587,0.0,0.0,3.119299
minji-sync-capacity-9cccf59d8f134c0fb8c266b014565fe3:qwen4b-shaped-capacity-test@1@0@185939d0c3812712@bfloat16,286,10,2561029527650448,2561029528321649,2561029528346787,2561029537532942,2561029537545460,2561029547211793,2561029550450902,2561029551100605,9.186155,9.678851,8.756537,0.705703,0.216611,13.567663,0.0,0.0,8.756537
minji-sync-capacity-9cccf59d8f134c0fb8c266b014565fe3:qwen4b-shaped-capacity-test@1@0@21c2567b6acdaaa7@bfloat16,287,10,2561029528837619,2561029529083044,2561029529109358,2561029546140527,2561029546153989,2561029547211793,2561029550450902,2561029551158341,17.031169,1.071266,0.148952,0.705703,0.216611,5.017814,0.0,0.0,0.148952
minji-sync-capacity-9cccf59d8f134c0fb8c266b014565fe3:qwen4b-shaped-capacity-test@1@0@6337a8b2fd32e992@bfloat16,288,10,2561029529964831,2561029530647449,2561029531653556,2561029539512067,2561029539531193,2561029547211793,2561029550450902,2561029551310475,7.858511,7.699726,6.777412,0.705703,0.216611,11.798408,0.0,0.0,6.777412
minji-sync-capacity-9cccf59d8f134c0fb8c266b014565fe3:qwen4b-shaped-capacity-test@1@0@-5a6c8be2537d6ce1@bfloat16,289,10,2561029530146028,2561029530369055,2561029531522372,2561029539160432,2561029539172565,2561029547211793,2561029550450902,2561029551337145,7.63806,8.051361,7.129047,0.705703,0.216611,12.176713,0.0,0.0,7.129047
minji-sync-capacity-9cccf59d8f134c0fb8c266b014565fe3:qwen4b-shaped-capacity-test@1@0@-4fe9d4c3ce85075d@bfloat16,290,10,2561029530417533,2561029531607194,2561029531805690,2561029545420485,2561029545435869,2561029547211793,2561029550450902,2561029551361072,13.614795,1.791308,0.868994,0.705703,0.216611,5.940587,0.0,0.0,0.868994
minji-sync-capacity-9cccf59d8f134c0fb8c266b014565fe3:qwen4b-shaped-capacity-test@1@0@-2d41dda3b7c5112a@bfloat16,291,10,2561029531485741,2561029534091433,2561029534526171,2561029542166352,2561029542181624,2561029547211793,2561029550450902,2561029551384793,7.640181,5.045441,4.123127,0.705703,0.216611,9.218441,0.0,0.0,4.123127
minji-sync-capacity-9cccf59d8f134c0fb8c266b014565fe3:qwen4b-shaped-capacity-test@1@0@-29b2ce42f42162c5@bfloat16,292,10,2561029531567461,2561029531822685,2561029531853029,2561029543520433,2561029543530731,2561029547211793,2561029550450902,2561029551409022,11.667404,3.69136,2.769046,0.705703,0.216611,7.888589,0.0,0.0,2.769046
minji-sync-capacity-9cccf59d8f134c0fb8c266b014565fe3:qwen4b-shaped-capacity-test@1@0@22ef8b6fd48865a9@bfloat16,293,10,2561029531901023,2561029532199421,2561029532247769,2561029546289479,2561029546303860,2561029547211793,2561029550450902,2561029551433322,14.04171,0.922314,0.0,0.705703,0.216611,5.143843,0.0,0.0,0.0
minji-sync-capacity-9cccf59d8f134c0fb8c266b014565fe3:qwen4b-shaped-capacity-test@1@0@35f963414e48adc7@bfloat16,294,10,2561029534056827,2561029534622922,2561029534807943,2561029542524243,2561029542538487,2561029547211793,2561029550450902,2561029551459337,7.7163,4.68755,3.765236,0.705703,0.216611,8.935094,0.0,0.0,3.765236
minji-sync-capacity-9cccf59d8f134c0fb8c266b014565fe3:qwen4b-shaped-capacity-test@1@0@319eec844b29bb67@bfloat16,295,10,2561029534158620,2561029534908181,2561029535046461,2561029542629077,2561029542644718,2561029547211793,2561029550450902,2561029551483290,7.582616,4.582716,3.660402,0.705703,0.216611,8.854213,0.0,0.0,3.660402
minji-sync-capacity-9cccf59d8f134c0fb8c266b014565fe3:qwen4b-shaped-capacity-test@1@0@65b8e67735d4039@bfloat16,296,10,2561029534586843,2561029535234070,2561029535412368,2561029543015082,2561029543029253,2561029547211793,2561029550450902,2561029551506121,7.602714,4.196711,3.274397,0.705703,0.216611,8.491039,0.0,0.0,3.274397
minji-sync-capacity-9cccf59d8f134c0fb8c266b014565fe3:qwen4b-shaped-capacity-test@1@0@-5c4d031684fd31cd@bfloat16,297,11,2561029534872740,2561029535528341,2561029535707249,2561029543661072,2561029543675311,2561029568267133,2561029568995849,2561029569131346,7.953823,24.606061,22.861983,0.743341,1.000737,25.470274,8.203896,0.625753,14.032334
minji-sync-capacity-9cccf59d8f134c0fb8c266b014565fe3:qwen4b-shaped-capacity-test@1@0@4debb5d4dae7ebc0@bfloat16,298,11,2561029537560019,2561029537821953,2561029538241568,2561029545500430,2561029545511835,2561029568267133,2561029568995849,2561029569164059,7.258862,22.766703,21.022625,0.743341,1.000737,23.663629,6.364538,0.625753,14.032334
minji-sync-capacity-9cccf59d8f134c0fb8c266b014565fe3:qwen4b-shaped-capacity-test@1@0@-6275416bdb469701@bfloat16,299,11,2561029537678450,2561029538102414,2561029538275707,2561029547790800,2561029547810168,2561029568267133,2561029568995849,2561029569454187,9.515093,20.476333,18.732255,0.743341,1.000737,21.663387,4.074168,0.625753,14.032334
minji-sync-capacity-9cccf59d8f134c0fb8c266b014565fe3:qwen4b-shaped-capacity-test@1@0@-570073f7cfda1aea@bfloat16,300,11,2561029538065829,2561029539597812,2561029539638593,2561029547266208,2561029547279522,2561029568267133,2561029568995849,2561029569581467,7.627615,21.000925,19.256847,0.743341,1.000737,22.315259,4.59876,0.625753,14.032334
minji-sync-capacity-9cccf59d8f134c0fb8c266b014565fe3:qwen4b-shaped-capacity-test@1@0@-1d66538743c8e44c@bfloat16,301,11,2561029539187325,2561029539720286,2561029539750490,2561029549688452,2561029549701815,2561029568267133,2561029568995849,2561029569621351,9.937962,18.578681,16.834603,0.743341,1.000737,19.932899,2.176516,0.625753,14.032334
minji-sync-capacity-9cccf59d8f134c0fb8c266b014565fe3:qwen4b-shaped-capacity-test@1@0@-98ccef71e62acba@bfloat16,302,11,2561029539555300,2561029542584713,2561029542615347,2561029548211884,2561029548226189,2561029568267133,2561029568995849,2561029569662597,5.596537,20.055249,18.311171,0.743341,1.000737,21.450713,3.653084,0.625753,14.032334
minji-sync-capacity-9cccf59d8f134c0fb8c266b014565fe3:qwen4b-shaped-capacity-test@1@0@2f827b231e30d5cd@bfloat16,303,11,2561029539948485,2561029540270481,2561029540306467,2561029547700810,2561029547718095,2561029568267133,2561029568995849,2561029569696769,7.394343,20.566323,18.822245,0.743341,1.000737,21.995959,4.164158,0.625753,14.032334
minji-sync-capacity-9cccf59d8f134c0fb8c266b014565fe3:qwen4b-shaped-capacity-test@1@0@2fd6460008a8198b@bfloat16,304,11,2561029542198382,2561029545483092,2561029545924528,2561029564292625,2561029564307516,2561029568267133,2561029568995849,2561029569728304,18.368097,3.974508,2.23043,0.743341,1.000737,5.435679,0.0,0.0,2.23043
minji-sync-capacity-9cccf59d8f134c0fb8c266b014565fe3:qwen4b-shaped-capacity-test@1@0@1d18d04c1fd69e22@bfloat16,305,11,2561029542555530,2561029542797631,2561029543113415,2561029549059775,2561029549071106,2561029568267133,2561029568995849,2561029569754853,5.94636,19.207358,17.46328,0.743341,1.000737,20.695078,2.805193,0.625753,14.032334
minji-sync-capacity-9cccf59d8f134c0fb8c266b014565fe3:qwen4b-shaped-capacity-test@1@0@5e70607c714290f@bfloat16,306,11,2561029542662595,2561029542955265,2561029543128247,2561029548910462,2561029548921946,2561029568267133,2561029568995849,2561029569780180,5.782215,19.356671,17.612593,0.743341,1.000737,20.869718,2.954506,0.625753,14.032334
minji-sync-capacity-9cccf59d8f134c0fb8c266b014565fe3:qwen4b-shaped-capacity-test@1@0@689fd5502cc556a5@bfloat16,307,11,2561029543046452,2561029543341560,2561029543625731,2561029551751213,2561029551769572,2561029568267133,2561029568995849,2561029569804853,8.125482,16.51592,14.771842,0.743341,1.000737,18.05364,0.113755,0.625753,14.032334
minji-sync-capacity-9cccf59d8f134c0fb8c266b014565fe3:qwen4b-shaped-capacity-test@1@0@71764d9e549d43e@bfloat16,308,11,2561029543200663,2561029543459836,2561029543583392,2561029551838017,2561029551850744,2561029568267133,2561029568995849,2561029569828797,8.254625,16.429116,14.685038,0.743341,1.000737,17.99078,0.026951,0.625753,14.032334
minji-sync-capacity-9cccf59d8f134c0fb8c266b014565fe3:qwen4b-shaped-capacity-test@1@0@-4e060de7fad0c197@bfloat16,309,11,2561029543546142,2561029545684873,2561029545875003,2561029554933590,2561029554943304,2561029568267133,2561029568995849,2561029569852950,9.058587,13.333543,11.589465,0.743341,1.000737,14.91936,0.0,0.0,11.589465
minji-sync-capacity-9cccf59d8f134c0fb8c266b014565fe3:qwen4b-shaped-capacity-test@1@0@-4128ea33090b2306@bfloat16,310,11,2561029543695653,2561029543971237,2561029544010478,2561029555846177,2561029555858224,2561029568267133,2561029568995849,2561029569878757,11.835699,12.420956,10.676878,0.743341,1.000737,14.03258,0.0,0.0,10.676878
minji-sync-capacity-9cccf59d8f134c0fb8c266b014565fe3:qwen4b-shaped-capacity-test@1@0@-51d94abfb8607074@bfloat16,311,11,2561029545453708,2561029545901726,2561029546041407,2561029551887085,2561029551896339,2561029568267133,2561029568995849,2561029569903352,5.845678,16.380048,14.63597,0.743341,1.000737,18.016267,0.0,0.603636,14.032334
minji-sync-capacity-9cccf59d8f134c0fb8c266b014565fe3:qwen4b-shaped-capacity-test@1@0@79475abedfecce19@bfloat16,312,11,2561029545529944,2561029546208368,2561029546262608,2561029556283350,2561029556301652,2561029568267133,2561029568995849,2561029569927661,10.020742,11.983783,10.239705,0.743341,1.000737,13.644311,0.0,0.0,10.239705
minji-sync-capacity-9cccf59d8f134c0fb8c266b014565fe3:qwen4b-shaped-capacity-test@1@0@-7f76366870ed55f6@bfloat16,313,11,2561029546177316,2561029546531284,2561029546800509,2561029558221627,2561029558235870,2561029568267133,2561029568995849,2561029569950883,11.421118,10.045506,8.301428,0.743341,1.000737,11.729256,0.0,0.0,8.301428
minji-sync-capacity-9cccf59d8f134c0fb8c266b014565fe3:qwen4b-shaped-capacity-test@1@0@520e467577b1c6c4@bfloat16,314,11,2561029546324591,2561029546763444,2561029546853625,2561029552663201,2561029552676638,2561029568267133,2561029568995849,2561029569973523,5.809576,15.603932,13.859854,0.743341,1.000737,17.310322,0.0,0.0,13.859854
minji-sync-capacity-9cccf59d8f134c0fb8c266b014565fe3:qwen4b-shaped-capacity-test@1@0@-16cb8d26a534560f@bfloat16,315,11,2561029547296759,2561029547570422,2561029547768739,2561029557696819,2561029557710138,2561029568267133,2561029568995849,2561029569996345,9.92808,10.570314,8.826236,0.743341,1.000737,12.299526,0.0,0.0,8.826236
minji-sync-capacity-9cccf59d8f134c0fb8c266b014565fe3:qwen4b-shaped-capacity-test@1@0@-4c599531f4ec2dff@bfloat16,316,11,2561029547737904,2561029549673657,2561029549829668,2561029555904436,2561029555922884,2561029568267133,2561029568995849,2561029570027089,6.074768,12.362697,10.618619,0.743341,1.000737,14.122653,0.0,0.0,10.618619
minji-sync-capacity-9cccf59d8f134c0fb8c266b014565fe3:qwen4b-shaped-capacity-test@1@0@3cae85d89a5e5b10@bfloat16,317,11,2561029547837177,2561029548276531,2561029548545192,2561029562337382,2561029562349136,2561029568267133,2561029568995849,2561029570051042,13.79219,5.929751,4.185673,0.743341,1.000737,7.71366,0.0,0.0,4.185673
minji-sync-capacity-9cccf59d8f134c0fb8c266b014565fe3:qwen4b-shaped-capacity-test@1@0@693a5b5c33765911@bfloat16,318,11,2561029548244302,2561029548492047,2561029548618703,2561029564509058,2561029564524175,2561029568267133,2561029568995849,2561029570074123,15.890355,3.758075,2.013997,0.743341,1.000737,5.565065,0.0,0.0,2.013997
minji-sync-capacity-9cccf59d8f134c0fb8c266b014565fe3:qwen4b-shaped-capacity-test@1@0@59ed65f2cfc1be91@bfloat16,319,11,2561029548938549,2561029549276201,2561029549436378,2561029560853891,2561029560872029,2561029568267133,2561029568995849,2561029570097382,11.417513,7.413242,5.669164,0.743341,1.000737,9.243491,0.0,0.0,5.669164
minji-sync-capacity-9cccf59d8f134c0fb8c266b014565fe3:qwen4b-shaped-capacity-test@1@0@-613ff0e00debae9b@bfloat16,320,11,2561029549086013,2561029549388954,2561029549657138,2561029556159590,2561029556174479,2561029568267133,2561029568995849,2561029570120812,6.502452,12.107543,10.363465,0.743341,1.000737,13.961222,0.0,0.0,10.363465
minji-sync-capacity-9cccf59d8f134c0fb8c266b014565fe3:qwen4b-shaped-capacity-test@1@0@-5785e0e57fcc2929@bfloat16,321,11,2561029549721422,2561029550109843,2561029550248023,2561029566523055,2561029566538578,2561029568267133,2561029568995849,2561029570149083,16.275032,1.744078,0.0,0.743341,1.000737,3.626028,0.0,0.0,0.0
minji-sync-capacity-9cccf59d8f134c0fb8c266b014565fe3:qwen4b-shaped-capacity-test@1@0@-355ec2591aac52b3@bfloat16,322,11,2561029551789451,2561029552036236,2561029552057238,2561029563736983,2561029563751658,2561029568267133,2561029568995849,2561029570176387,11.679745,4.53015,2.786072,0.743341,1.000737,6.439404,0.0,0.0,2.786072
minji-sync-capacity-9cccf59d8f134c0fb8c266b014565fe3:qwen4b-shaped-capacity-test@1@0@7204b1c019f07ff5@bfloat16,323,11,2561029551864968,2561029552394192,2561029552490721,2561029558428554,2561029558443534,2561029568267133,2561029568995849,2561029570201756,5.937833,9.838579,8.094501,0.743341,1.000737,11.773202,0.0,0.0,8.094501
minji-sync-capacity-9cccf59d8f134c0fb8c266b014565fe3:qwen4b-shaped-capacity-test@1@0@709cdf1e2a439012@bfloat16,324,12,2561029551911605,2561029552228747,2561029552465172,2561029587324046,2561029587339419,2561029590592724,2561029593358470,2561029594465042,34.858874,3.268678,0.0,1.785424,1.483254,7.140996,0.0,0.0,0.0
minji-sync-capacity-9cccf59d8f134c0fb8c266b014565fe3:qwen4b-shaped-capacity-test@1@0@41da4f2f613ce348@bfloat16,325,12,2561029552691087,2561029553034442,2561029553061171,2561029558780361,2561029558792513,2561029590592724,2561029593358470,2561029594511284,5.71919,31.812363,28.543685,1.785424,1.483254,35.730923,12.480489,0.822202,15.240994
minji-sync-capacity-9cccf59d8f134c0fb8c266b014565fe3:qwen4b-shaped-capacity-test@1@0@e1570f6aee15b12@bfloat16,326,12,2561029554956717,2561029555827518,2561029556008025,2561029561606709,2561029561620545,2561029590592724,2561029593358470,2561029594541501,5.598684,28.986015,25.717337,1.785424,1.483254,32.934792,9.654141,0.822202,15.240994
minji-sync-capacity-9cccf59d8f134c0fb8c266b014565fe3:qwen4b-shaped-capacity-test@1@0@51a1aaccd9fbc66b@bfloat16,327,12,2561029555874944,2561029556224326,2561029556256753,2561029561755538,2561029561768741,2561029590592724,2561029593358470,2561029594568201,5.498785,28.837186,25.568508,1.785424,1.483254,32.812663,9.505312,0.822202,15.240994
minji-sync-capacity-9cccf59d8f134c0fb8c266b014565fe3:qwen4b-shaped-capacity-test@1@0@-219688ca7c76e3ec@bfloat16,328,12,2561029555946283,2561029557759368,2561029557797518,2561029573681570,2561029573694551,2561029590592724,2561029593358470,2561029594594563,15.884052,16.911154,13.642476,1.785424,1.483254,20.912993,0.0,0.0,13.642476
minji-sync-capacity-9cccf59d8f134c0fb8c266b014565fe3:qwen4b-shaped-capacity-test@1@0@-7d52c1324baae89f@bfloat16,329,12,2561029556193148,2561029558535852,2561029558656971,2561029570377583,2561029570392862,2561029590592724,2561029593358470,2561029594803684,11.720612,20.215141,16.946463,1.785424,1.483254,24.426101,0.883267,0.822202,15.240994
minji-sync-capacity-9cccf59d8f134c0fb8c266b014565fe3:qwen4b-shaped-capacity-test@1@0@-33dbb60c84f4ce3d@bfloat16,330,12,2561029556322515,2561029556620729,2561029556655021,2561029569263920,2561029569280975,2561029590592724,2561029593358470,2561029594871364,12.608899,21.328804,18.060126,1.785424,1.483254,25.607444,1.99693,0.822202,15.240994
minji-sync-capacity-9cccf59d8f134c0fb8c266b014565fe3:qwen4b-shaped-capacity-test@1@0@-394d492a2ec1d07@bfloat16,331,12,2561029557726017,2561029558196193,2561029558577745,2561029566855804,2561029566867392,2561029590592724,2561029593358470,2561029594899362,8.278059,23.73692,20.468242,1.785424,1.483254,28.043558,4.405046,0.822202,15.240994
minji-sync-capacity-9cccf59d8f134c0fb8c266b014565fe3:qwen4b-shaped-capacity-test@1@0@-1476ec44cb63627d@bfloat16,332,12,2561029558253185,2561029558835532,2561029559006981,2561029564748613,2561029564760401,2561029590592724,2561029593358470,2561029594924813,5.741632,25.844111,22.575433,1.785424,1.483254,30.1762,6.512237,0.822202,15.240994
minji-sync-capacity-9cccf59d8f134c0fb8c266b014565fe3:qwen4b-shaped-capacity-test@1@0@-45ff0c90f72ecd8e@bfloat16,333,12,2561029558460741,2561029558947944,2561029559029028,2561029576184893,2561029576202362,2561029590592724,2561029593358470,2561029594949508,17.155865,14.407831,11.139153,1.785424,1.483254,18.764615,0.0,0.0,11.139153
minji-sync-capacity-9cccf59d8f134c0fb8c266b014565fe3:qwen4b-shaped-capacity-test@1@0@38b1d2f198f13980@bfloat16,334,12,2561029558807792,2561029559126498,2561029559149395,2561029569204847,2561029569218815,2561029590592724,2561029593358470,2561029594976561,10.055452,21.387877,18.119199,1.785424,1.483254,25.771714,2.056003,0.822202,15.240994
minji-sync-capacity-9cccf59d8f134c0fb8c266b014565fe3:qwen4b-shaped-capacity-test@1@0@2f66514fb3da7cc1@bfloat16,335,12,2561029560894115,2561029562393584,2561029562432678,2561029579448316,2561029579469401,2561029590592724,2561029593358470,2561029595010099,17.015638,11.144408,7.87573,1.785424,1.483254,15.561783,0.0,0.0,7.87573
minji-sync-capacity-9cccf59d8f134c0fb8c266b014565fe3:qwen4b-shaped-capacity-test@1@0@-32a27b5ea89ff72a@bfloat16,336,12,2561029561636224,2561029561895792,2561029561921351,2561029567579590,2561029567590597,2561029590592724,2561029593358470,2561029595034424,5.658239,23.013134,19.744456,1.785424,1.483254,27.454834,3.68126,0.822202,15.240994
minji-sync-capacity-9cccf59d8f134c0fb8c266b014565fe3:qwen4b-shaped-capacity-test@1@0@-255e4bd156e234ef@bfloat16,337,12,2561029561783895,2561029563796453,2561029563831002,2561029573863933,2561029573881974,2561029590592724,2561029593358470,2561029595057577,10.032931,16.728791,13.460113,1.785424,1.483254,21.193644,0.0,0.0,13.460113
minji-sync-capacity-9cccf59d8f134c0fb8c266b014565fe3:qwen4b-shaped-capacity-test@1@0@7c889678216f241@bfloat16,338,12,2561029562366319,2561029564245220,2561029564491200,2561029583156791,2561029583174700,2561029590592724,2561029593358470,2561029595082246,18.665591,7.435933,4.167255,1.785424,1.483254,11.925455,0.0,0.0,4.167255
minji-sync-capacity-9cccf59d8f134c0fb8c266b014565fe3:qwen4b-shaped-capacity-test@1@0@-6f2dfc9cb36e93b7@bfloat16,339,12,2561029563767825,2561029564072602,2561029564702121,2561029571228692,2561029571243811,2561029590592724,2561029593358470,2561029595110217,6.526571,19.364032,16.095354,1.785424,1.483254,23.881525,0.032158,0.822202,15.240994
minji-sync-capacity-9cccf59d8f134c0fb8c266b014565fe3:qwen4b-shaped-capacity-test@1@0@7efb42433330e345@bfloat16,340,12,2561029564326664,2561029564802005,2561029565036760,2561029571130829,2561029571144177,2561029590592724,2561029593358470,2561029595137096,6.094069,19.461895,16.193217,1.785424,1.483254,24.006267,0.130021,0.822202,15.240994
minji-sync-capacity-9cccf59d8f134c0fb8c266b014565fe3:qwen4b-shaped-capacity-test@1@0@-31119a27ba70f43c@bfloat16,341,12,2561029564545058,2561029564970073,2561029565229446,2561029571914506,2561029571929095,2561029590592724,2561029593358470,2561029595159492,6.68506,18.678218,15.40954,1.785424,1.483254,23.244986,0.0,0.168546,15.240994
minji-sync-capacity-9cccf59d8f134c0fb8c266b014565fe3:qwen4b-shaped-capacity-test@1@0@3fab49cf97c33f9b@bfloat16,342,12,2561029564775723,2561029565169053,2561029565200677,2561029571781887,2561029571791224,2561029590592724,2561029593358470,2561029595180862,6.58121,18.810837,15.542159,1.785424,1.483254,23.398975,0.0,0.301165,15.240994
minji-sync-capacity-9cccf59d8f134c0fb8c266b014565fe3:qwen4b-shaped-capacity-test@1@0@-5a503bb1aa1e29@bfloat16,343,12,2561029566555491,2561029566938796,2561029566972562,2561029574525959,2561029574535797,2561029590592724,2561029593358470,2561029595204277,7.553397,16.066765,12.798087,1.785424,1.483254,20.678318,0.0,0.0,12.798087
minji-sync-capacity-9cccf59d8f134c0fb8c266b014565fe3:qwen4b-shaped-capacity-test@1@0@3f147cfc5087ad57@bfloat16,344,12,2561029566882195,2561029567139016,2561029567190967,2561029576904391,2561029576919476,2561029590592724,2561029593358470,2561029595316997,9.713424,13.688333,10.419655,1.785424,1.483254,18.412606,0.0,0.0,10.419655
minji-sync-capacity-9cccf59d8f134c0fb8c266b014565fe3:qwen4b-shaped-capacity-test@1@0@-235d9ab0f1514a79@bfloat16,345,12,2561029567601965,2561029567851542,2561029567874416,2561029574237086,2561029574250273,2561029590592724,2561029593358470,2561029595350313,6.36267,16.355638,13.08696,1.785424,1.483254,21.113227,0.0,0.0,13.08696
minji-sync-capacity-9cccf59d8f134c0fb8c266b014565fe3:qwen4b-shaped-capacity-test@1@0@-1a032ffc2f5fd240@bfloat16,346,12,2561029569233582,2561029571111322,2561029571716365,2561029585479811,2561029585491122,2561029590592724,2561029593358470,2561029595458943,13.763446,5.112913,1.844235,1.785424,1.483254,9.979132,0.0,0.0,1.844235
minji-sync-capacity-9cccf59d8f134c0fb8c266b014565fe3:qwen4b-shaped-capacity-test@1@0@-46510d635d53ae04@bfloat16,347,12,2561029569299767,2561029570999408,2561029572062075,2561029580236875,2561029580248915,2561029590592724,2561029593358470,2561029595675550,8.1748,10.355849,7.087171,1.785424,1.483254,15.438675,0.0,0.0,7.087171
minji-sync-capacity-9cccf59d8f134c0fb8c266b014565fe3:qwen4b-shaped-capacity-test@1@0@5b6ccc54e1ecd70d@bfloat16,348,12,2561029570411181,2561029570688774,2561029570724032,2561029576816035,2561029576832198,2561029590592724,2561029593358470,2561029595767382,6.092003,13.776689,10.508011,1.785424,1.483254,18.951347,0.0,0.0,10.508011
minji-sync-capacity-9cccf59d8f134c0fb8c266b014565fe3:qwen4b-shaped-capacity-test@1@0@33b21358a0c419dd@bfloat16,349,12,2561029571161418,2561029571482418,2561029572083052,2561029578376564,2561029578386271,2561029590592724,2561029593358470,2561029595794441,6.293512,12.21616,8.947482,1.785424,1.483254,17.417877,0.0,0.0,8.947482
minji-sync-capacity-9cccf59d8f134c0fb8c266b014565fe3:qwen4b-shaped-capacity-test@1@0@-3065b8fa3952fbd9@bfloat16,350,12,2561029571260850,2561029571736458,2561029572030694,2561029578227890,2561029578248434,2561029590592724,2561029593358470,2561029595821194,6.197196,12.364834,9.096156,1.785424,1.483254,17.593304,0.0,0.0,9.096156
minji-sync-capacity-9cccf59d8f134c0fb8c266b014565fe3:qwen4b-shaped-capacity-test@1@0@-5428e95b5195997e@bfloat16,351,13,2561029571806568,2561029573938393,2561029573967302,2561029580850565,2561029580863255,2561029602813867,2561029603540720,2561029605547218,6.883263,21.963302,20.514891,0.584038,0.864373,24.696653,8.582541,0.791094,11.141256
minji-sync-capacity-9cccf59d8f134c0fb8c266b014565fe3:qwen4b-shaped-capacity-test@1@0@64134714620645d0@bfloat16,352,13,2561029571949253,2561029572259637,2561029572311123,2561029585578317,2561029585593119,2561029602813867,2561029603540720,2561029606027834,13.267194,17.23555,15.787139,0.584038,0.864373,20.449517,3.854789,0.791094,11.141256
minji-sync-capacity-9cccf59d8f134c0fb8c266b014565fe3:qwen4b-shaped-capacity-test@1@0@-598218edbcffdc42@bfloat16,353,13,2561029573712374,2561029576169861,2561029576271788,2561029587390288,2561029587406008,2561029602813867,2561029603540720,2561029606068881,11.1185,15.423579,13.975168,0.584038,0.864373,18.678593,2.042818,0.791094,11.141256
minji-sync-capacity-9cccf59d8f134c0fb8c266b014565fe3:qwen4b-shaped-capacity-test@1@0@-52af02b0957e1b22@bfloat16,354,13,2561029573903175,2561029574302493,2561029574345383,2561029581165951,2561029581180780,2561029602813867,2561029603540720,2561029606095643,6.820568,21.647916,20.199505,0.584038,0.864373,24.929692,8.267155,0.791094,11.141256
minji-sync-capacity-9cccf59d8f134c0fb8c266b014565fe3:qwen4b-shaped-capacity-test@1@0@4a6a2070faab8a0d@bfloat16,355,13,2561029574269191,2561029574577995,2561029574605468,2561029588054293,2561029588068493,2561029602813867,2561029603540720,2561029606122392,13.448825,14.759574,13.311163,0.584038,0.864373,18.068099,1.378813,0.791094,11.141256
minji-sync-capacity-9cccf59d8f134c0fb8c266b014565fe3:qwen4b-shaped-capacity-test@1@0@7860f9a1628d4f6c@bfloat16,356,13,2561029574550188,2561029574819226,2561029574866691,2561029586190357,2561029586204480,2561029602813867,2561029603540720,2561029606149616,11.323666,16.62351,15.175099,0.584038,0.864373,19.959259,3.242749,0.791094,11.141256
minji-sync-capacity-9cccf59d8f134c0fb8c266b014565fe3:qwen4b-shaped-capacity-test@1@0@7296281578471ee9@bfloat16,357,13,2561029576221164,2561029576465733,2561029576503900,2561029589681254,2561029589694399,2561029602813867,2561029603540720,2561029606175591,13.177354,13.132613,11.684202,0.584038,0.864373,16.494337,0.0,0.542946,11.141256
minji-sync-capacity-9cccf59d8f134c0fb8c266b014565fe3:qwen4b-shaped-capacity-test@1@0@11ff0a249758591f@bfloat16,358,13,2561029576849837,2561029577143753,2561029577183198,2561029584644973,2561029584656422,2561029602813867,2561029603540720,2561029606199278,7.461775,18.168894,16.720483,0.584038,0.864373,21.554305,4.788133,0.791094,11.141256
minji-sync-capacity-9cccf59d8f134c0fb8c266b014565fe3:qwen4b-shaped-capacity-test@1@0@-602f8e829db9f939@bfloat16,359,13,2561029576936558,2561029577294976,2561029577396729,2561029584851301,2561029584865640,2561029602813867,2561029603540720,2561029606224183,7.454572,17.962566,16.514155,0.584038,0.864373,21.372882,4.581805,0.791094,11.141256
minji-sync-capacity-9cccf59d8f134c0fb8c266b014565fe3:qwen4b-shaped-capacity-test@1@0@6aaea239eda1ba24@bfloat16,360,13,2561029578267273,2561029580220895,2561029580308466,2561029587687111,2561029587699031,2561029602813867,2561029603540720,2561029606248715,7.378645,15.126756,13.678345,0.584038,0.864373,18.561604,1.745995,0.791094,11.141256
minji-sync-capacity-9cccf59d8f134c0fb8c266b014565fe3:qwen4b-shaped-capacity-test@1@0@-7f5bfd5ebef23905@bfloat16,361,13,2561029578402505,2561029578602613,2561029578624307,2561029589456177,2561029589468180,2561029602813867,2561029603540720,2561029606272827,10.83187,13.35769,11.909279,0.584038,0.864373,16.81665,0.0,0.768023,11.141256
minji-sync-capacity-9cccf59d8f134c0fb8c266b014565fe3:qwen4b-shaped-capacity-test@1@0@-1fbd4aa3b29630e@bfloat16,362,13,2561029579491880,2561029579803428,2561029579848360,2561029591046521,2561029591062352,2561029602813867,2561029603540720,2561029606297436,11.198161,11.767346,10.318935,0.584038,0.864373,15.250915,0.0,0.0,10.318935
minji-sync-capacity-9cccf59d8f134c0fb8c266b014565fe3:qwen4b-shaped-capacity-test@1@0@c390813d409640a@bfloat16,363,13,2561029580264754,2561029582194159,2561029582215766,2561029589411139,2561029589420898,2561029602813867,2561029603540720,2561029606321881,7.195373,13.402728,11.954317,0.584038,0.864373,16.910742,0.021967,0.791094,11.141256
minji-sync-capacity-9cccf59d8f134c0fb8c266b014565fe3:qwen4b-shaped-capacity-test@1@0@2272ac1434e50c74@bfloat16,364,13,2561029580880554,2561029581130862,2561029581154345,2561029589304980,2561029589317462,2561029602813867,2561029603540720,2561029606346938,8.150635,13.508887,12.060476,0.584038,0.864373,17.041958,0.128126,0.791094,11.141256
minji-sync-capacity-9cccf59d8f134c0fb8c266b014565fe3:qwen4b-shaped-capacity-test@1@0@-44c35c9944d17c1d@bfloat16,365,13,2561029581197538,2561029584375060,2561029584409236,2561029590971556,2561029590987117,2561029602813867,2561029603540720,2561029606370394,6.56232,11.842311,10.3939,0.584038,0.864373,15.398838,0.0,0.0,10.3939
minji-sync-capacity-9cccf59d8f134c0fb8c266b014565fe3:qwen4b-shaped-capacity-test@1@0@-13e2cd6c48baa945@bfloat16,366,13,2561029583194941,2561029583453613,2561029583490554,2561029590268557,2561029590286796,2561029602813867,2561029603540720,2561029606394778,6.778003,12.54531,11.096899,0.584038,0.864373,16.126221,0.0,0.0,11.096899
minji-sync-capacity-9cccf59d8f134c0fb8c266b014565fe3:qwen4b-shaped-capacity-test@1@0@44d42d13ec2d0e6d@bfloat16,367,13,2561029584673441,2561029586174727,2561029586264321,2561029592060096,2561029592074829,2561029602813867,2561029603540720,2561029606423843,5.795775,10.753771,9.30536,0.584038,0.864373,14.363747,0.0,0.0,9.30536
minji-sync-capacity-9cccf59d8f134c0fb8c266b014565fe3:qwen4b-shaped-capacity-test@1@0@4604bff329139cc7@bfloat16,368,13,2561029584882959,2561029585527272,2561029585554972,2561029591768923,2561029591783587,2561029602813867,2561029603540720,2561029606446935,6.213951,11.044944,9.596533,0.584038,0.864373,14.678012,0.0,0.0,9.596533
minji-sync-capacity-9cccf59d8f134c0fb8c266b014565fe3:qwen4b-shaped-capacity-test@1@0@5839fea3f5202bdd@bfloat16,369,13,2561029585505735,2561029585745707,2561029585976562,2561029593700833,2561029593711109,2561029602813867,2561029603540720,2561029606470253,7.724271,9.113034,7.664623,0.584038,0.864373,12.76942,0.0,0.0,7.664623
minji-sync-capacity-9cccf59d8f134c0fb8c266b014565fe3:qwen4b-shaped-capacity-test@1@0@80ff7c729e0616d@bfloat16,370,13,2561029585616125,2561029586006412,2561029586043764,2561029598383641,2561029598402689,2561029602813867,2561029603540720,2561029606493356,12.339877,4.430226,2.981815,0.584038,0.864373,8.109715,0.0,0.0,2.981815
minji-sync-capacity-9cccf59d8f134c0fb8c266b014565fe3:qwen4b-shaped-capacity-test@1@0@58079fc0be3159b6@bfloat16,371,13,2561029586221325,2561029586552259,2561029586581956,2561029592322880,2561029592339034,2561029602813867,2561029603540720,2561029606516548,5.740924,10.490987,9.042576,0.584038,0.864373,14.193668,0.0,0.0,9.042576
minji-sync-capacity-9cccf59d8f134c0fb8c266b014565fe3:qwen4b-shaped-capacity-test@1@0@5307ae6b5b89e439@bfloat16,372,13,2561029587360653,2561029588031673,2561029588340545,2561029593585837,2561029593599599,2561029602813867,2561029603540720,2561029606539372,5.245292,9.22803,7.779619,0.584038,0.864373,12.953535,0.0,0.0,7.779619
minji-sync-capacity-9cccf59d8f134c0fb8c266b014565fe3:qwen4b-shaped-capacity-test@1@0@-7192c8cdaaec5a52@bfloat16,373,13,2561029587428407,2561029588384936,2561029588521827,2561029594343005,2561029594357596,2561029602813867,2561029603540720,2561029606562299,5.821178,8.470862,7.022451,0.584038,0.864373,12.219294,0.0,0.0,7.022451
minji-sync-capacity-9cccf59d8f134c0fb8c266b014565fe3:qwen4b-shaped-capacity-test@1@0@4bd52f92851a4253@bfloat16,374,13,2561029587714750,2561029588628183,2561029588796041,2561029598162289,2561029598177406,2561029602813867,2561029603540720,2561029606584388,9.366248,4.651578,3.203167,0.584038,0.864373,8.422099,0.0,0.0,3.203167
minji-sync-capacity-9cccf59d8f134c0fb8c266b014565fe3:qwen4b-shaped-capacity-test@1@0@-75a0787de8368d20@bfloat16,375,13,2561029588085864,2561029588726369,2561029588776232,2561029597584964,2561029597596900,2561029602813867,2561029603540720,2561029606606567,8.808732,5.228903,3.780492,0.584038,0.864373,9.021603,0.0,0.0,3.780492
minji-sync-capacity-9cccf59d8f134c0fb8c266b014565fe3:qwen4b-shaped-capacity-test@1@0@769bc6f9649f2d5c@bfloat16,376,13,2561029589328514,2561029589587199,2561029589935137,2561029601365456,2561029601379182,2561029602813867,2561029603540720,2561029606629767,11.430319,1.448411,0.0,0.584038,0.864373,5.264311,0.0,0.0,0.0
minji-sync-capacity-9cccf59d8f134c0fb8c266b014565fe3:qwen4b-shaped-capacity-test@1@0@-7809acf54e64e716@bfloat16,377,13,2561029589433106,2561029589975843,2561029590224200,2561029600983445,2561029600994398,2561029602813867,2561029603540720,2561029606652710,10.759245,1.830422,0.382011,0.584038,0.864373,5.669265,0.0,0.0,0.382011
minji-sync-capacity-9cccf59d8f134c0fb8c266b014565fe3:qwen4b-shaped-capacity-test@1@0@2e7ed972fd132ca0@bfloat16,378,14,2561029589484724,2561029590151646,2561029590354789,2561029595220098,2561029595235946,2561029619534714,2561029620725207,2561029621090489,4.865309,24.314616,22.41144,1.412363,0.490813,25.870391,9.160499,1.539355,11.711586
minji-sync-capacity-9cccf59d8f134c0fb8c266b014565fe3:qwen4b-shaped-capacity-test@1@0@-74edaefa33b22ac4@bfloat16,379,14,2561029589713797,2561029590936004,2561029591428505,2561029597380987,2561029597394739,2561029619534714,2561029620725207,2561029621122789,5.952482,22.153727,20.250551,1.412363,0.490813,23.741802,6.99961,1.539355,11.711586
minji-sync-capacity-9cccf59d8f134c0fb8c266b014565fe3:qwen4b-shaped-capacity-test@1@0@-7143775ac7d07cd5@bfloat16,380,14,2561029590312879,2561029590755223,2561029591522165,2561029604216409,2561029604235024,2561029619534714,2561029620725207,2561029621152471,12.694244,15.318305,13.415129,1.412363,0.490813,16.936062,0.164188,1.539355,11.711586
minji-sync-capacity-9cccf59d8f134c0fb8c266b014565fe3:qwen4b-shaped-capacity-test@1@0@637f588ac560edd@bfloat16,381,14,2561029591010913,2561029591580847,2561029591978374,2561029598684381,2561029598698975,2561029619534714,2561029620725207,2561029621178927,6.706007,20.850333,18.947157,1.412363,0.490813,22.494546,5.696216,1.539355,11.711586
minji-sync-capacity-9cccf59d8f134c0fb8c266b014565fe3:qwen4b-shaped-capacity-test@1@0@-485f412243750757@bfloat16,382,14,2561029591082749,2561029591749604,2561029592760325,2561029607271905,2561029607288763,2561029619534714,2561029620725207,2561029621204025,14.51158,12.262809,10.359633,1.412363,0.490813,13.93212,0.0,0.0,10.359633
minji-sync-capacity-9cccf59d8f134c0fb8c266b014565fe3:qwen4b-shaped-capacity-test@1@0@-5b72598fd6f36ec@bfloat16,383,14,2561029591799465,2561029592449355,2561029592683815,2561029601770192,2561029601781594,2561029619534714,2561029620725207,2561029621228543,9.086377,17.764522,15.861346,1.412363,0.490813,19.458351,2.610405,1.539355,11.711586
minji-sync-capacity-9cccf59d8f134c0fb8c266b014565fe3:qwen4b-shaped-capacity-test@1@0@ecbc1d47599aed7@bfloat16,384,14,2561029592098656,2561029592708577,2561029592895557,2561029599424229,2561029599438196,2561029619534714,2561029620725207,2561029621251621,6.528672,20.110485,18.207309,1.412363,0.490813,21.827392,4.956368,1.539355,11.711586
minji-sync-capacity-9cccf59d8f134c0fb8c266b014565fe3:qwen4b-shaped-capacity-test@1@0@-572c54de95420994@bfloat16,385,14,2561029592357284,2561029593682473,2561029593998941,2561029603557013,2561029603571130,2561029619534714,2561029620725207,2561029621275026,9.558072,15.977701,14.074525,1.412363,0.490813,17.718013,0.823584,1.539355,11.711586
minji-sync-capacity-9cccf59d8f134c0fb8c266b014565fe3:qwen4b-shaped-capacity-test@1@0@70d7f29d53aebac1@bfloat16,386,14,2561029593615923,2561029594028126,2561029594224248,2561029601255143,2561029601265703,2561029619534714,2561029620725207,2561029621297977,7.030895,18.279571,16.376395,1.412363,0.490813,20.042834,3.125454,1.539355,11.711586
minji-sync-capacity-9cccf59d8f134c0fb8c266b014565fe3:qwen4b-shaped-capacity-test@1@0@-4b5797a1820a9886@bfloat16,387,14,2561029593731554,2561029594205330,2561029594443630,2561029604551870,2561029604564308,2561029619534714,2561029620725207,2561029621324543,10.10824,14.982844,13.079668,1.412363,0.490813,16.772673,0.0,1.368082,11.711586
minji-sync-capacity-9cccf59d8f134c0fb8c266b014565fe3:qwen4b-shaped-capacity-test@1@0@-d589fb46cdcaf32@bfloat16,388,14,2561029594375633,2561029594732013,2561029594829335,2561029603877138,2561029603889383,2561029619534714,2561029620725207,2561029621350082,9.047803,15.657576,13.7544,1.412363,0.490813,17.472944,0.503459,1.539355,11.711586
minji-sync-capacity-9cccf59d8f134c0fb8c266b014565fe3:qwen4b-shaped-capacity-test@1@0@7abd79773589c2da@bfloat16,389,14,2561029595256182,2561029595589461,2561029595716273,2561029607432176,2561029607446934,2561029619534714,2561029620725207,2561029621374873,11.715903,12.102538,10.199362,1.412363,0.490813,13.942697,0.0,0.0,10.199362
minji-sync-capacity-9cccf59d8f134c0fb8c266b014565fe3:qwen4b-shaped-capacity-test@1@0@2fb628a2fe1686f3@bfloat16,390,14,2561029597416823,2561029597740517,2561029597769173,2561029603619729,2561029603635161,2561029619534714,2561029620725207,2561029621403731,5.850556,15.914985,14.011809,1.412363,0.490813,17.784002,0.760868,1.539355,11.711586
minji-sync-capacity-9cccf59d8f134c0fb8c266b014565fe3:qwen4b-shaped-capacity-test@1@0@696a50148d9c3c89@bfloat16,391,14,2561029597611720,2561029597890983,2561029597937382,2561029604351546,2561029604365077,2561029619534714,2561029620725207,2561029621429926,6.414164,15.183168,13.279992,1.412363,0.490813,17.07838,0.029051,1.539355,11.711586
minji-sync-capacity-9cccf59d8f134c0fb8c266b014565fe3:qwen4b-shaped-capacity-test@1@0@-4edcccc7e964cc4d@bfloat16,392,14,2561029598194293,2561029599371328,2561029599697741,2561029614912764,2561029614927730,2561029619534714,2561029620725207,2561029621462269,15.215023,4.62195,2.718774,1.412363,0.490813,6.549505,0.0,0.0,2.718774
minji-sync-capacity-9cccf59d8f134c0fb8c266b014565fe3:qwen4b-shaped-capacity-test@1@0@-10c4c02dd8425ee7@bfloat16,393,14,2561029598428744,2561029599948253,2561029600228694,2561029606812260,2561029606826863,2561029619534714,2561029620725207,2561029621578865,6.583566,12.722454,10.819278,1.412363,0.490813,14.766605,0.0,0.0,10.819278
minji-sync-capacity-9cccf59d8f134c0fb8c266b014565fe3:qwen4b-shaped-capacity-test@1@0@32b9297da829fed5@bfloat16,394,14,2561029598715467,2561029600767738,2561029600796495,2561029607164955,2561029607181318,2561029619534714,2561029620725207,2561029621769704,6.36846,12.369759,10.466583,1.412363,0.490813,14.604749,0.0,0.0,10.466583
minji-sync-capacity-9cccf59d8f134c0fb8c266b014565fe3:qwen4b-shaped-capacity-test@1@0@-4e347a7ebe94423e@bfloat16,395,14,2561029599456396,2561029600198708,2561029600259038,2561029609685830,2561029609700760,2561029619534714,2561029620725207,2561029622035057,9.426792,9.848884,7.945708,1.412363,0.490813,12.349227,0.0,0.0,7.945708
minji-sync-capacity-9cccf59d8f134c0fb8c266b014565fe3:qwen4b-shaped-capacity-test@1@0@-2884558b9c309bd8@bfloat16,396,14,2561029601012271,2561029601307945,2561029601334617,2561029607354062,2561029607369378,2561029619534714,2561029620725207,2561029622072784,6.019445,12.180652,10.277476,1.412363,0.490813,14.718722,0.0,0.0,10.277476
minji-sync-capacity-9cccf59d8f134c0fb8c266b014565fe3:qwen4b-shaped-capacity-test@1@0@-4f888c4a709a12f0@bfloat16,397,14,2561029601279786,2561029601566456,2561029601735042,2561029613569057,2561029613581215,2561029619534714,2561029620725207,2561029622102356,11.834015,5.965657,4.062481,1.412363,0.490813,8.533299,0.0,0.0,4.062481
minji-sync-capacity-9cccf59d8f134c0fb8c266b014565fe3:qwen4b-shaped-capacity-test@1@0@-33fe2d4eb609b499@bfloat16,398,14,2561029601395843,2561029604785212,2561029605326507,2561029611724408,2561029611736534,2561029619534714,2561029620725207,2561029622242682,6.397901,7.810306,5.90713,1.412363,0.490813,10.518274,0.0,0.0,5.90713
minji-sync-capacity-9cccf59d8f134c0fb8c266b014565fe3:qwen4b-shaped-capacity-test@1@0@7eb251b0969a106e@bfloat16,399,14,2561029601796153,2561029605260575,2561029605306464,2561029614980221,2561029614995612,2561029619534714,2561029620725207,2561029622270515,9.673757,4.554493,2.651317,1.412363,0.490813,7.290294,0.0,0.0,2.651317
minji-sync-capacity-9cccf59d8f134c0fb8c266b014565fe3:qwen4b-shaped-capacity-test@1@0@579acb6c581069c2@bfloat16,400,14,2561029603587581,2561029603956144,2561029604032977,2561029610486155,2561029610504952,2561029619534714,2561029620725207,2561029622294337,6.453178,9.048559,7.145383,1.412363,0.490813,11.808182,0.0,0.0,7.145383
minji-sync-capacity-9cccf59d8f134c0fb8c266b014565fe3:qwen4b-shaped-capacity-test@1@0@48e414f959f37e0a@bfloat16,401,14,2561029603654608,2561029604635299,2561029605047990,2561029611176219,2561029611187116,2561029619534714,2561029620725207,2561029622319911,6.128229,8.358495,6.455319,1.412363,0.490813,11.143692,0.0,0.0,6.455319
minji-sync-capacity-9cccf59d8f134c0fb8c266b014565fe3:qwen4b-shaped-capacity-test@1@0@48463e8d5a3c7f76@bfloat16,402,14,2561029603906943,2561029605068458,2561029605230758,2561029613313976,2561029613329943,2561029619534714,2561029620725207,2561029622695040,8.083218,6.220738,4.317562,1.412363,0.490813,9.381064,0.0,0.0,4.317562
minji-sync-capacity-9cccf59d8f134c0fb8c266b014565fe3:qwen4b-shaped-capacity-test@1@0@2994b8468630355c@bfloat16,403,14,2561029604261337,2561029605464057,2561029605589946,2561029617631538,2561029617649166,2561029619534714,2561029620725207,2561029622752386,12.041592,1.903176,0.0,1.412363,0.490813,5.120848,0.0,0.0,0.0
minji-sync-capacity-9cccf59d8f134c0fb8c266b014565fe3:qwen4b-shaped-capacity-test@1@0@774476aac7bc0a1a@bfloat16,404,14,2561029604380597,2561029605703596,2561029605919952,2561029616064278,2561029616077740,2561029619534714,2561029620725207,2561029623059046,10.144326,3.470436,1.56726,1.412363,0.490813,6.994768,0.0,0.0,1.56726
minji-sync-capacity-9cccf59d8f134c0fb8c266b014565fe3:qwen4b-shaped-capacity-test@1@0@-66d86ff2fa204843@bfloat16,405,15,2561029604579122,2561029605790793,2561029605950842,2561029612338984,2561029612353843,2561029643232994,2561029644102714,2561029644233066,6.388142,30.89401,28.182579,1.434423,1.277008,31.894082,10.157375,0.491854,17.53335
minji-sync-capacity-9cccf59d8f134c0fb8c266b014565fe3:qwen4b-shaped-capacity-test@1@0@-5b3f46abd0130980@bfloat16,406,15,2561029606846769,2561029607247306,2561029607810903,2561029618801341,2561029618810516,2561029643232994,2561029644102714,2561029644262811,10.990438,24.431653,21.720222,1.434423,1.277008,25.46147,3.695018,0.491854,17.53335
minji-sync-capacity-9cccf59d8f134c0fb8c266b014565fe3:qwen4b-shaped-capacity-test@1@0@66dad7c9e78de6a7@bfloat16,407,15,2561029607206124,2561029608465833,2561029608578351,2561029617188273,2561029617203116,2561029643232994,2561029644102714,2561029644290938,8.609922,26.044721,23.33329,1.434423,1.277008,27.102665,5.308086,0.491854,17.53335
minji-sync-capacity-9cccf59d8f134c0fb8c266b014565fe3:qwen4b-shaped-capacity-test@1@0@66f2e58a6d9670ed@bfloat16,408,15,2561029607317053,2561029608118937,2561029608200348,2561029620587260,2561029620603150,2561029643232994,2561029644102714,2561029644318963,12.386912,22.645734,19.934303,1.434423,1.277008,23.731703,1.909099,0.491854,17.53335
minji-sync-capacity-9cccf59d8f134c0fb8c266b014565fe3:qwen4b-shaped-capacity-test@1@0@30b3642234de0f0d@bfloat16,409,15,2561029607386463,2561029607851264,2561029608086101,2561029614820713,2561029614836014,2561029643232994,2561029644102714,2561029644348541,6.734612,28.412281,25.70085,1.434423,1.277008,29.527828,7.675646,0.491854,17.53335
minji-sync-capacity-9cccf59d8f134c0fb8c266b014565fe3:qwen4b-shaped-capacity-test@1@0@8b2a25881f60c05@bfloat16,410,15,2561029607463578,2561029608321948,2561029608590956,2561029619839716,2561029619855844,2561029643232994,2561029644102714,2561029644375389,11.24876,23.393278,20.681847,1.434423,1.277008,24.535673,2.656643,0.491854,17.53335
minji-sync-capacity-9cccf59d8f134c0fb8c266b014565fe3:qwen4b-shaped-capacity-test@1@0@6834dce74684a045@bfloat16,411,15,2561029609720238,2561029610840438,2561029611103692,2561029617354207,2561029617369915,2561029643232994,2561029644102714,2561029644398960,6.250515,25.878787,23.167356,1.434423,1.277008,27.044753,5.142152,0.491854,17.53335
minji-sync-capacity-9cccf59d8f134c0fb8c266b014565fe3:qwen4b-shaped-capacity-test@1@0@3e9cefc0f8630cfa@bfloat16,412,15,2561029610525470,2561029610979531,2561029611063040,2561029617418672,2561029617434739,2561029643232994,2561029644102714,2561029644422718,6.355632,25.814322,23.102891,1.434423,1.277008,27.004046,5.077687,0.491854,17.53335
minji-sync-capacity-9cccf59d8f134c0fb8c266b014565fe3:qwen4b-shaped-capacity-test@1@0@-370b7caddadf288b@bfloat16,413,15,2561029611203311,2561029613387503,2561029615949254,2561029628076989,2561029628087103,2561029643232994,2561029644102714,2561029644449725,12.127735,15.156005,12.444574,1.434423,1.277008,16.372736,0.0,0.0,12.444574
minji-sync-capacity-9cccf59d8f134c0fb8c266b014565fe3:qwen4b-shaped-capacity-test@1@0@-129bb3fdd3a3bf37@bfloat16,414,15,2561029611752237,2561029613536627,2561029615083643,2561029621514216,2561029621528455,2561029643232994,2561029644102714,2561029644476043,6.430573,21.718778,19.007347,1.434423,1.277008,22.961827,0.982143,0.491854,17.53335
minji-sync-capacity-9cccf59d8f134c0fb8c266b014565fe3:qwen4b-shaped-capacity-test@1@0@3aa1df3677ce9d17@bfloat16,415,15,2561029612372408,2561029613191592,2561029615115349,2561029622467568,2561029622479804,2561029643232994,2561029644102714,2561029644500956,7.352219,20.765426,18.053995,1.434423,1.277008,22.033388,0.028791,0.491854,17.53335
minji-sync-capacity-9cccf59d8f134c0fb8c266b014565fe3:qwen4b-shaped-capacity-test@1@0@11d87fad0d1b8570@bfloat16,416,15,2561029613349582,2561029614624847,2561029615861866,2561029624592839,2561029624609002,2561029643232994,2561029644102714,2561029644524843,8.730973,18.640155,15.928724,1.434423,1.277008,19.932004,0.0,0.0,15.928724
minji-sync-capacity-9cccf59d8f134c0fb8c266b014565fe3:qwen4b-shaped-capacity-test@1@0@-1d0bfe89450071a0@bfloat16,417,15,2561029613597219,2561029614886308,2561029615773233,2561029622130705,2561029622144898,2561029643232994,2561029644102714,2561029644548542,6.357472,21.102289,18.390858,1.434423,1.277008,22.417837,0.365654,0.491854,17.53335
minji-sync-capacity-9cccf59d8f134c0fb8c266b014565fe3:qwen4b-shaped-capacity-test@1@0@-470c7b5aaf29f94b@bfloat16,418,15,2561029614855972,2561029615291106,2561029615824918,2561029622617969,2561029622633429,2561029643232994,2561029644102714,2561029644572116,6.793051,20.615025,17.903594,1.434423,1.277008,21.954147,0.0,0.370244,17.53335
minji-sync-capacity-9cccf59d8f134c0fb8c266b014565fe3:qwen4b-shaped-capacity-test@1@0@3254517095c8167b@bfloat16,419,15,2561029614951127,2561029615698722,2561029615933067,2561029625244673,2561029625257672,2561029643232994,2561029644102714,2561029644597342,9.311606,17.988321,15.27689,1.434423,1.277008,19.352669,0.0,0.0,15.27689
minji-sync-capacity-9cccf59d8f134c0fb8c266b014565fe3:qwen4b-shaped-capacity-test@1@0@1945839703c9c9f0@bfloat16,420,15,2561029615017845,2561029615440978,2561029615909110,2561029625135114,2561029625148722,2561029643232994,2561029644102714,2561029644621763,9.226004,18.09788,15.386449,1.434423,1.277008,19.486649,0.0,0.0,15.386449
minji-sync-capacity-9cccf59d8f134c0fb8c266b014565fe3:qwen4b-shaped-capacity-test@1@0@-44d2a4bd9bc35021@bfloat16,421,15,2561029616092924,2561029616318010,2561029616410410,2561029623732888,2561029623747482,2561029643232994,2561029644102714,2561029644645674,7.322478,19.500106,16.788675,1.434423,1.277008,20.912786,0.0,0.0,16.788675
minji-sync-capacity-9cccf59d8f134c0fb8c266b014565fe3:qwen4b-shaped-capacity-test@1@0@38216d78e795e4c1@bfloat16,422,15,2561029617220635,2561029617730512,2561029618170083,2561029626674073,2561029626689507,2561029643232994,2561029644102714,2561029644671582,8.50399,16.558921,13.84749,1.434423,1.277008,17.997509,0.0,0.0,13.84749
minji-sync-capacity-9cccf59d8f134c0fb8c266b014565fe3:qwen4b-shaped-capacity-test@1@0@356fd9a74647cb0b@bfloat16,423,15,2561029617388189,2561029618146837,2561029618711393,2561029632043348,2561029632059468,2561029643232994,2561029644102714,2561029644696945,13.331955,11.189646,8.478215,1.434423,1.277008,12.653597,0.0,0.0,8.478215
minji-sync-capacity-9cccf59d8f134c0fb8c266b014565fe3:qwen4b-shaped-capacity-test@1@0@-69de7fb6ad9b9ee1@bfloat16,424,15,2561029617453021,2561029618375297,2561029618756112,2561029640521563,2561029640538082,2561029643232994,2561029644102714,2561029644718231,21.765451,2.711431,0.0,1.434423,1.277008,4.196668,0.0,0.0,0.0
minji-sync-capacity-9cccf59d8f134c0fb8c266b014565fe3:qwen4b-shaped-capacity-test@1@0@-343de570b383d758@bfloat16,425,15,2561029617685284,2561029618598469,2561029618859048,2561029624906609,2561029624920146,2561029643232994,2561029644102714,2561029644740688,6.047561,18.326385,15.614954,1.434423,1.277008,19.834079,0.0,0.0,15.614954
minji-sync-capacity-9cccf59d8f134c0fb8c266b014565fe3:qwen4b-shaped-capacity-test@1@0@34d7071cd88b63c7@bfloat16,426,15,2561029618825836,2561029619255787,2561029619286691,2561029636460891,2561029636475809,2561029643232994,2561029644102714,2561029644762685,17.1742,6.772103,4.060672,1.434423,1.277008,8.301794,0.0,0.0,4.060672
minji-sync-capacity-9cccf59d8f134c0fb8c266b014565fe3:qwen4b-shaped-capacity-test@1@0@33a9011a939f3096@bfloat16,427,15,2561029619875513,2561029620309769,2561029620408954,2561029629978362,2561029629987772,2561029643232994,2561029644102714,2561029644784308,9.569408,13.254632,10.543201,1.434423,1.277008,14.805946,0.0,0.0,10.543201
minji-sync-capacity-9cccf59d8f134c0fb8c266b014565fe3:qwen4b-shaped-capacity-test@1@0@6229c5f15c475817@bfloat16,428,15,2561029620625313,2561029620942495,2561029621024894,2561029640440492,2561029640454487,2561029643232994,2561029644102714,2561029644895446,19.415598,2.792502,0.081071,1.434423,1.277008,4.454954,0.0,0.0,0.081071
minji-sync-capacity-9cccf59d8f134c0fb8c266b014565fe3:qwen4b-shaped-capacity-test@1@0@798855e5d556f01e@bfloat16,429,15,2561029621546503,2561029621905473,2561029622186870,2561029628311010,2561029628322788,2561029643232994,2561029644102714,2561029644934892,6.12414,14.921984,12.210553,1.434423,1.277008,16.623882,0.0,0.0,12.210553
minji-sync-capacity-9cccf59d8f134c0fb8c266b014565fe3:qwen4b-shaped-capacity-test@1@0@5b7bc0a803126d63@bfloat16,430,15,2561029622162217,2561029622452098,2561029622923859,2561029632922205,2561029632935622,2561029643232994,2561029644102714,2561029644959224,9.998346,10.310789,7.599358,1.434423,1.277008,12.037019,0.0,0.0,7.599358
minji-sync-capacity-9cccf59d8f134c0fb8c266b014565fe3:qwen4b-shaped-capacity-test@1@0@37382785988eaa49@bfloat16,431,15,2561029622496359,2561029622949004,2561029622988213,2561029629289041,2561029629298794,2561029643232994,2561029644102714,2561029644999134,6.300828,13.943953,11.232522,1.434423,1.277008,15.710093,0.0,0.0,11.232522
minji-sync-capacity-9cccf59d8f134c0fb8c266b014565fe3:qwen4b-shaped-capacity-test@1@0@27522bbf206bafab@bfloat16,432,16,2561029622651913,2561029624523124,2561029624551813,2561029634451888,2561029634463645,2561029657394548,2561029658680148,2561029658875666,9.900075,22.94266,17.927465,3.031346,1.983849,24.423778,4.830276,0.301755,12.795434
minji-sync-capacity-9cccf59d8f134c0fb8c266b014565fe3:qwen4b-shaped-capacity-test@1@0@-12bfffa608879348@bfloat16,433,16,2561029623765053,2561029624074540,2561029624106382,2561029630935760,2561029630949063,2561029657394548,2561029658680148,2561029658919775,6.829378,26.458788,21.443593,3.031346,1.983849,27.984015,8.346404,0.301755,12.795434
minji-sync-capacity-9cccf59d8f134c0fb8c266b014565fe3:qwen4b-shaped-capacity-test@1@0@111ebc6d6a6a5f9b@bfloat16,434,16,2561029624629032,2561029624987166,2561029625041869,2561029633096276,2561029633111484,2561029657394548,2561029658680148,2561029658950144,8.054407,24.298272,19.283077,3.031346,1.983849,25.853868,6.185888,0.301755,12.795434
minji-sync-capacity-9cccf59d8f134c0fb8c266b014565fe3:qwen4b-shaped-capacity-test@1@0@-7bef48b00964ffc7@bfloat16,435,16,2561029624939837,2561029626751405,2561029626907950,2561029636155697,2561029636172870,2561029657394548,2561029658680148,2561029659057746,9.247747,21.238851,16.223656,3.031346,1.983849,22.902049,3.126467,0.301755,12.795434
minji-sync-capacity-9cccf59d8f134c0fb8c266b014565fe3:qwen4b-shaped-capacity-test@1@0@447dca968942bf7e@bfloat16,436,16,2561029625167012,2561029625436072,2561029626276677,2561029634559010,2561029634570563,2561029657394548,2561029658680148,2561029659095782,8.282333,22.835538,17.820343,3.031346,1.983849,24.536772,4.723154,0.301755,12.795434
minji-sync-capacity-9cccf59d8f134c0fb8c266b014565fe3:qwen4b-shaped-capacity-test@1@0@-1c0ffe36a374d6da@bfloat16,437,16,2561029625274039,2561029625529968,2561029625568490,2561029632328571,2561029632340775,2561029657394548,2561029658680148,2561029659122721,6.760081,25.065977,20.050782,3.031346,1.983849,26.79415,6.953593,0.301755,12.795434
minji-sync-capacity-9cccf59d8f134c0fb8c266b014565fe3:qwen4b-shaped-capacity-test@1@0@-6794d6c15afe7dfa@bfloat16,438,16,2561029626709633,2561029627072384,2561029627116626,2561029633831521,2561029633847241,2561029657394548,2561029658680148,2561029659149359,6.714895,23.563027,18.547832,3.031346,1.983849,25.317838,5.450643,0.301755,12.795434
minji-sync-capacity-9cccf59d8f134c0fb8c266b014565fe3:qwen4b-shaped-capacity-test@1@0@5e9581f3a78741cf@bfloat16,439,16,2561029628105238,2561029629955819,2561029630029852,2561029636266976,2561029636282140,2561029657394548,2561029658680148,2561029659442537,6.237124,21.127572,16.112377,3.031346,1.983849,23.175561,3.015188,0.301755,12.795434
minji-sync-capacity-9cccf59d8f134c0fb8c266b014565fe3:qwen4b-shaped-capacity-test@1@0@-467ca104e676038c@bfloat16,440,16,2561029628337903,2561029629232596,2561029629256350,2561029636524923,2561029636538250,2561029657394548,2561029658680148,2561029659675152,7.268573,20.869625,15.85443,3.031346,1.983849,23.150229,2.757241,0.301755,12.795434
minji-sync-capacity-9cccf59d8f134c0fb8c266b014565fe3:qwen4b-shaped-capacity-test@1@0@347d6a398d685ea9@bfloat16,441,16,2561029629314951,2561029632406446,2561029632555475,2561029637924478,2561029637935524,2561029657394548,2561029658680148,2561029659704587,5.369003,19.47007,14.454875,3.031346,1.983849,21.780109,1.357686,0.301755,12.795434
minji-sync-capacity-9cccf59d8f134c0fb8c266b014565fe3:qwen4b-shaped-capacity-test@1@0@-5f4536cb8aeb9119@bfloat16,442,16,2561029630006748,2561029630257085,2561029630280882,2561029636402088,2561029636415616,2561029657394548,2561029658680148,2561029659730666,6.121206,20.99246,15.977265,3.031346,1.983849,23.328578,2.880076,0.301755,12.795434
minji-sync-capacity-9cccf59d8f134c0fb8c266b014565fe3:qwen4b-shaped-capacity-test@1@0@6e0a184e9bbf15b3@bfloat16,443,16,2561029630975132,2561029632573758,2561029633073941,2561029640930578,2561029640944458,2561029657394548,2561029658680148,2561029659754672,7.856637,16.46397,11.448775,3.031346,1.983849,18.824094,0.0,0.0,11.448775
minji-sync-capacity-9cccf59d8f134c0fb8c266b014565fe3:qwen4b-shaped-capacity-test@1@0@-3f557ad56d73b6b0@bfloat16,444,16,2561029632082226,2561029633007098,2561029633175896,2561029639251360,2561029639265118,2561029657394548,2561029658680148,2561029659781470,6.075464,18.143188,13.127993,3.031346,1.983849,20.53011,0.030804,0.301755,12.795434
minji-sync-capacity-9cccf59d8f134c0fb8c266b014565fe3:qwen4b-shaped-capacity-test@1@0@37a861ae48d5ce47@bfloat16,445,16,2561029632355758,2561029632757588,2561029633056143,2561029639028332,2561029639044131,2561029657394548,2561029658680148,2561029659804908,5.972189,18.366216,13.351021,3.031346,1.983849,20.776576,0.253832,0.301755,12.795434
minji-sync-capacity-9cccf59d8f134c0fb8c266b014565fe3:qwen4b-shaped-capacity-test@1@0@-41470c40fca6231e@bfloat16,446,16,2561029632953334,2561029633330706,2561029633374534,2561029642410899,2561029642420254,2561029657394548,2561029658680148,2561029659829406,9.036365,14.983649,9.968454,3.031346,1.983849,17.418507,0.0,0.0,9.968454
minji-sync-capacity-9cccf59d8f134c0fb8c266b014565fe3:qwen4b-shaped-capacity-test@1@0@-bd60057c7bd5a2@bfloat16,447,16,2561029633129443,2561029633513556,2561029633546345,2561029639896930,2561029639907927,2561029657394548,2561029658680148,2561029659852475,6.350585,17.497618,12.482423,3.031346,1.983849,19.955545,0.0,0.0,12.482423
minji-sync-capacity-9cccf59d8f134c0fb8c266b014565fe3:qwen4b-shaped-capacity-test@1@0@-5cd76cdf6f0ac33@bfloat16,448,16,2561029633864845,2561029634124276,2561029634182381,2561029643401130,2561029643419670,2561029657394548,2561029658680148,2561029659876198,9.218749,13.993418,8.978223,3.031346,1.983849,16.475068,0.0,0.0,8.978223
minji-sync-capacity-9cccf59d8f134c0fb8c266b014565fe3:qwen4b-shaped-capacity-test@1@0@6f371690acf356f4@bfloat16,449,16,2561029634482763,2561029636248953,2561029637002013,2561029642646645,2561029642658331,2561029657394548,2561029658680148,2561029659900458,5.644632,14.747903,9.732708,3.031346,1.983849,17.253813,0.0,0.0,9.732708
minji-sync-capacity-9cccf59d8f134c0fb8c266b014565fe3:qwen4b-shaped-capacity-test@1@0@-3bb30dce94b1b6ce@bfloat16,450,16,2561029634584602,2561029634770789,2561029634795114,2561029644824333,2561029644838914,2561029657394548,2561029658680148,2561029659925703,10.029219,12.570215,7.55502,3.031346,1.983849,15.10137,0.0,0.0,7.55502
minji-sync-capacity-9cccf59d8f134c0fb8c266b014565fe3:qwen4b-shaped-capacity-test@1@0@12ad75b722ce2ab5@bfloat16,451,16,2561029636208187,2561029636874427,2561029637315758,2561029648603601,2561029648624640,2561029657394548,2561029658680148,2561029659948309,11.287843,8.790947,3.775752,3.031346,1.983849,11.344708,0.0,0.0,3.775752
minji-sync-capacity-9cccf59d8f134c0fb8c266b014565fe3:qwen4b-shaped-capacity-test@1@0@d01c38f11df3f71@bfloat16,452,16,2561029636300181,2561029637138504,2561029637582265,2561029645163340,2561029645175532,2561029657394548,2561029658680148,2561029659970462,7.581075,12.231208,7.216013,3.031346,1.983849,14.807122,0.0,0.0,7.216013
minji-sync-capacity-9cccf59d8f134c0fb8c266b014565fe3:qwen4b-shaped-capacity-test@1@0@7851aa831c6009b9@bfloat16,453,16,2561029636429779,2561029637705293,2561029637893559,2561029648533517,2561029648550404,2561029657394548,2561029658680148,2561029659993994,10.639958,8.861031,3.845836,3.031346,1.983849,11.460477,0.0,0.0,3.845836
minji-sync-capacity-9cccf59d8f134c0fb8c266b014565fe3:qwen4b-shaped-capacity-test@1@0@-735084b42c20229@bfloat16,454,16,2561029636493528,2561029637355084,2561029637994460,2561029648939320,2561029648952940,2561029657394548,2561029658680148,2561029660059019,10.94486,8.455228,3.440033,3.031346,1.983849,11.119699,0.0,0.0,3.440033
minji-sync-capacity-9cccf59d8f134c0fb8c266b014565fe3:qwen4b-shaped-capacity-test@1@0@23a8d8fb5c41fed7@bfloat16,455,16,2561029636557559,2561029637552710,2561029637907463,2561029648689923,2561029648708355,2561029657394548,2561029658680148,2561029660303127,10.78246,8.704625,3.68943,3.031346,1.983849,11.613204,0.0,0.0,3.68943
minji-sync-capacity-9cccf59d8f134c0fb8c266b014565fe3:qwen4b-shaped-capacity-test@1@0@2663b3c9fe4f232e@bfloat16,456,16,2561029637954964,2561029638171463,2561029638201394,2561029652379353,2561029652394308,2561029657394548,2561029658680148,2561029660660840,14.177959,5.015195,0.0,3.031346,1.983849,8.281487,0.0,0.0,0.0
minji-sync-capacity-9cccf59d8f134c0fb8c266b014565fe3:qwen4b-shaped-capacity-test@1@0@509cb44448f0e3cb@bfloat16,457,16,2561029639059786,2561029639315383,2561029639345471,2561029645676256,2561029645686778,2561029657394548,2561029658680148,2561029660687560,6.330785,11.718292,6.703097,3.031346,1.983849,15.011304,0.0,0.0,6.703097
minji-sync-capacity-9cccf59d8f134c0fb8c266b014565fe3:qwen4b-shaped-capacity-test@1@0@6e073b5f502917c7@bfloat16,458,16,2561029639282164,2561029639553533,2561029639583919,2561029646599536,2561029646614960,2561029657394548,2561029658680148,2561029660714864,7.015617,10.795012,5.779817,3.031346,1.983849,14.115328,0.0,0.0,5.779817
minji-sync-capacity-9cccf59d8f134c0fb8c266b014565fe3:qwen4b-shaped-capacity-test@1@0@-72ee4d602fc2e938@bfloat16,459,17,2561029639921561,2561029640410969,2561029640503237,2561029653040818,2561029653055776,2561029704791397,2561029705572382,2561029706043005,12.537581,51.750579,50.197291,0.904576,0.648712,53.002187,2.798248,1.400876,45.998167
minji-sync-capacity-9cccf59d8f134c0fb8c266b014565fe3:qwen4b-shaped-capacity-test@1@0@-4444b9f790513bf4@bfloat16,460,17,2561029640471326,2561029640739064,2561029641017331,2561029647724257,2561029647735813,2561029704791397,2561029705572382,2561029706077824,6.706926,57.06714,55.513852,0.904576,0.648712,58.353567,8.114809,1.400876,45.998167
minji-sync-capacity-9cccf59d8f134c0fb8c266b014565fe3:qwen4b-shaped-capacity-test@1@0@6b39fa9bcc1a0bb2@bfloat16,461,17,2561029640559135,2561029641093579,2561029641468334,2561029651171808,2561029651186487,2561029704791397,2561029705572382,2561029706113606,9.703474,53.619589,52.066301,0.904576,0.648712,54.941798,4.667258,1.400876,45.998167
minji-sync-capacity-9cccf59d8f134c0fb8c266b014565fe3:qwen4b-shaped-capacity-test@1@0@-721d3af17c89a7dd@bfloat16,462,17,2561029640961641,2561029641533239,2561029641567574,2561029653252214,2561029653266523,2561029704791397,2561029705572382,2561029706140641,11.68464,51.539183,49.985895,0.904576,0.648712,52.888427,2.586852,1.400876,45.998167
minji-sync-capacity-9cccf59d8f134c0fb8c266b014565fe3:qwen4b-shaped-capacity-test@1@0@121ff396ddb2a60@bfloat16,463,17,2561029642436502,2561029642698686,2561029642720921,2561029652590054,2561029652600447,2561029704791397,2561029705572382,2561029706167035,9.869133,52.201343,50.648055,0.904576,0.648712,53.576981,3.249012,1.400876,45.998167
minji-sync-capacity-9cccf59d8f134c0fb8c266b014565fe3:qwen4b-shaped-capacity-test@1@0@66ec2334490088d9@bfloat16,464,17,2561029642673755,2561029642888276,2561029642978581,2561029652767473,2561029652778072,2561029704791397,2561029705572382,2561029706199500,9.788892,52.023924,50.470636,0.904576,0.648712,53.432027,3.071593,1.400876,45.998167
minji-sync-capacity-9cccf59d8f134c0fb8c266b014565fe3:qwen4b-shaped-capacity-test@1@0@-7dce04f99cebb065@bfloat16,465,17,2561029643442389,2561029645663059,2561029645742405,2561029652308092,2561029652327602,2561029704791397,2561029705572382,2561029706227510,6.565687,52.483305,50.930017,0.904576,0.648712,53.919418,3.530974,1.400876,45.998167
minji-sync-capacity-9cccf59d8f134c0fb8c266b014565fe3:qwen4b-shaped-capacity-test@1@0@-21852ed03e44d046@bfloat16,466,17,2561029644860224,2561029645286506,2561029645321938,2561029652963781,2561029652974868,2561029704791397,2561029705572382,2561029706253302,7.641843,51.827616,50.274328,0.904576,0.648712,53.289521,2.875285,1.400876,45.998167
minji-sync-capacity-9cccf59d8f134c0fb8c266b014565fe3:qwen4b-shaped-capacity-test@1@0@746899dfab860879@bfloat16,467,17,2561029645191458,2561029645431351,2561029645455854,2561029652815670,2561029652832081,2561029704791397,2561029705572382,2561029706280156,7.359816,51.975727,50.422439,0.904576,0.648712,53.464486,3.023396,1.400876,45.998167
minji-sync-capacity-9cccf59d8f134c0fb8c266b014565fe3:qwen4b-shaped-capacity-test@1@0@-773c5c93697defc@bfloat16,468,17,2561029645701295,2561029645934878,2561029645962005,2561029653163536,2561029653178015,2561029704791397,2561029705572382,2561029706304234,7.201531,51.627861,50.074573,0.904576,0.648712,53.140698,2.67553,1.400876,45.998167
minji-sync-capacity-9cccf59d8f134c0fb8c266b014565fe3:qwen4b-shaped-capacity-test@1@0@-690546ebf38b0ac1@bfloat16,469,17,2561029646632202,2561029646854101,2561029646883601,2561029695343171,2561029695361095,2561029704791397,2561029705572382,2561029706328506,48.45957,9.448226,7.894938,0.904576,0.648712,10.985335,0.0,0.0,7.894938
minji-sync-capacity-9cccf59d8f134c0fb8c266b014565fe3:qwen4b-shaped-capacity-test@1@0@64226c8ea47fdb8@bfloat16,470,17,2561029647751492,2561029649199661,2561029649612786,2561029656161631,2561029656173237,2561029704791397,2561029705572382,2561029706352472,6.548845,48.629766,47.076478,0.904576,0.648712,50.190841,0.0,1.078311,45.998167
minji-sync-capacity-9cccf59d8f134c0fb8c266b014565fe3:qwen4b-shaped-capacity-test@1@0@29ad5433cd55ba83@bfloat16,471,17,2561029648569854,2561029649042250,2561029649825048,2561029656335722,2561029656350579,2561029704791397,2561029705572382,2561029706378401,6.510674,48.455675,46.902387,0.904576,0.648712,50.042679,0.0,0.90422,45.998167
minji-sync-capacity-9cccf59d8f134c0fb8c266b014565fe3:qwen4b-shaped-capacity-test@1@0@-160597d36be5628f@bfloat16,472,17,2561029648651958,2561029649463823,2561029649670357,2561029655795882,2561029655815750,2561029704791397,2561029705572382,2561029706402348,6.125525,48.995515,47.442227,0.904576,0.648712,50.606466,0.043184,1.400876,45.998167
minji-sync-capacity-9cccf59d8f134c0fb8c266b014565fe3:qwen4b-shaped-capacity-test@1@0@-53a81a4694ca269@bfloat16,473,17,2561029648730714,2561029649846747,2561029649908382,2561029656224331,2561029656239387,2561029704791397,2561029705572382,2561029706426574,6.315949,48.567066,47.013778,0.904576,0.648712,50.202243,0.0,1.015611,45.998167
minji-sync-capacity-9cccf59d8f134c0fb8c266b014565fe3:qwen4b-shaped-capacity-test@1@0@-6d4d110aa126527d@bfloat16,474,17,2561029648971141,2561029649629611,2561029649870583,2561029665872657,2561029665891775,2561029704791397,2561029705572382,2561029706450458,16.002074,38.91874,37.365452,0.904576,0.648712,40.577801,0.0,0.0,37.365452
minji-sync-capacity-9cccf59d8f134c0fb8c266b014565fe3:qwen4b-shaped-capacity-test@1@0@-4695165c8090d6f9@bfloat16,475,17,2561029651205246,2561029652236985,2561029652264502,2561029657630781,2561029657644385,2561029704791397,2561029705572382,2561029706474555,5.366279,47.160616,45.607328,0.904576,0.648712,48.843774,0.0,0.0,45.607328
minji-sync-capacity-9cccf59d8f134c0fb8c266b014565fe3:qwen4b-shaped-capacity-test@1@0@67f0280e780fcd1c@bfloat16,476,17,2561029652346551,2561029652731598,2561029653790532,2561029660166290,2561029660182391,2561029704791397,2561029705572382,2561029706497833,6.375758,44.625107,43.071819,0.904576,0.648712,46.331543,0.0,0.0,43.071819
minji-sync-capacity-9cccf59d8f134c0fb8c266b014565fe3:qwen4b-shaped-capacity-test@1@0@354bc6dcc7714b6a@bfloat16,477,17,2561029652409941,2561029653563792,2561029653969733,2561029658345861,2561029658358505,2561029704791397,2561029705572382,2561029706521816,4.376128,46.445536,44.892248,0.904576,0.648712,48.175955,0.0,0.0,44.892248
minji-sync-capacity-9cccf59d8f134c0fb8c266b014565fe3:qwen4b-shaped-capacity-test@1@0@-4f05d2d62be67897@bfloat16,478,17,2561029652615852,2561029654003567,2561029654321474,2561029663094291,2561029663108823,2561029704791397,2561029705572382,2561029706545305,8.772817,41.697106,40.143818,0.904576,0.648712,43.451014,0.0,0.0,40.143818
minji-sync-capacity-9cccf59d8f134c0fb8c266b014565fe3:qwen4b-shaped-capacity-test@1@0@1530611cae4a621d@bfloat16,479,17,2561029652792046,2561029653807580,2561029654201054,2561029703238109,2561029703257384,2561029704791397,2561029705572382,2561029706570395,49.037055,1.553288,0.0,0.904576,0.648712,3.332286,0.0,0.0,0.0
minji-sync-capacity-9cccf59d8f134c0fb8c266b014565fe3:qwen4b-shaped-capacity-test@1@0@9fbe3b8147be48c@bfloat16,480,17,2561029652847231,2561029655170767,2561029655260607,2561029679622885,2561029679635755,2561029704791397,2561029705572382,2561029706594296,24.362278,25.168512,23.615224,0.904576,0.648712,26.971411,0.0,0.0,23.615224
minji-sync-capacity-9cccf59d8f134c0fb8c266b014565fe3:qwen4b-shaped-capacity-test@1@0@-111320a47f154ab6@bfloat16,481,17,2561029652990180,2561029654288666,2561029654549807,2561029658980663,2561029658994542,2561029704791397,2561029705572382,2561029706617699,4.430856,45.810734,44.257446,0.904576,0.648712,47.637036,0.0,0.0,44.257446
minji-sync-capacity-9cccf59d8f134c0fb8c266b014565fe3:qwen4b-shaped-capacity-test@1@0@512183f151142620@bfloat16,482,17,2561029653076175,2561029654769033,2561029654963355,2561029659607467,2561029659623264,2561029704791397,2561029705572382,2561029706639765,4.644112,45.18393,43.630642,0.904576,0.648712,47.032298,0.0,0.0,43.630642
minji-sync-capacity-9cccf59d8f134c0fb8c266b014565fe3:qwen4b-shaped-capacity-test@1@0@-728e141c1446d8b9@bfloat16,483,17,2561029653193811,2561029654439905,2561029654736277,2561029670165156,2561029670181168,2561029704791397,2561029705572382,2561029706665657,15.428879,34.626241,33.072953,0.904576,0.648712,36.500501,0.0,0.0,33.072953
minji-sync-capacity-9cccf59d8f134c0fb8c266b014565fe3:qwen4b-shaped-capacity-test@1@0@-3ebb99f8302c3502@bfloat16,484,17,2561029653282205,2561029655006981,2561029655147871,2561029666337948,2561029666360263,2561029704791397,2561029705572382,2561029706690014,11.190077,38.453449,36.900161,0.904576,0.648712,40.352066,0.0,0.0,36.900161
minji-sync-capacity-9cccf59d8f134c0fb8c266b014565fe3:qwen4b-shaped-capacity-test@1@0@586fd653076e1a5c@bfloat16,485,17,2561029655839066,2561029656291650,2561029657239942,2561029671185655,2561029671200716,2561029704791397,2561029705572382,2561029706713058,13.945713,33.605742,32.052454,0.904576,0.648712,35.527403,0.0,0.0,32.052454
minji-sync-capacity-9cccf59d8f134c0fb8c266b014565fe3:qwen4b-shaped-capacity-test@1@0@2e81c3d5dffd19fd@bfloat16,486,18,2561029656189231,2561029656724565,2561029656903267,2561029662836437,2561029662849592,2561029706830491,2561029707548584,2561029707660820,5.93317,43.994054,40.452892,0.447872,3.09329,44.824383,14.206088,0.215849,26.030955
minji-sync-capacity-9cccf59d8f134c0fb8c266b014565fe3:qwen4b-shaped-capacity-test@1@0@-76d7984d106868c6@bfloat16,487,18,2561029656257190,2561029656544077,2561029657076661,2561029703289329,2561029703307141,2561029706830491,2561029707548584,2561029707691013,46.212668,3.541162,0.0,0.447872,3.09329,4.401684,0.0,0.0,0.0
minji-sync-capacity-9cccf59d8f134c0fb8c266b014565fe3:qwen4b-shaped-capacity-test@1@0@37cd8c902dd89f09@bfloat16,488,18,2561029656367258,2561029657129779,2561029657218568,2561029663153822,2561029663163609,2561029706830491,2561029707548584,2561029707716242,5.935254,43.676669,40.135507,0.447872,3.09329,44.56242,13.888703,0.215849,26.030955
minji-sync-capacity-9cccf59d8f134c0fb8c266b014565fe3:qwen4b-shaped-capacity-test@1@0@-618f25df4bf9a58@bfloat16,489,18,2561029657662388,2561029657944414,2561029657983993,2561029665599791,2561029665611668,2561029706830491,2561029707548584,2561029707739361,7.615798,41.2307,37.689538,0.447872,3.09329,42.13957,11.442734,0.215849,26.030955
minji-sync-capacity-9cccf59d8f134c0fb8c266b014565fe3:qwen4b-shaped-capacity-test@1@0@2a2f4fbc5a627a94@bfloat16,490,18,2561029658372469,2561029658644643,2561029658704261,2561029670226402,2561029670240193,2561029706830491,2561029707548584,2561029707764374,11.522141,36.604089,33.062927,0.447872,3.09329,37.537972,6.816123,0.215849,26.030955
minji-sync-capacity-9cccf59d8f134c0fb8c266b014565fe3:qwen4b-shaped-capacity-test@1@0@451caf05fc95bfa@bfloat16,491,18,2561029659026740,2561029659325692,2561029659418482,2561029663971285,2561029663983930,2561029706830491,2561029707548584,2561029707789123,4.552803,42.859206,39.318044,0.447872,3.09329,43.817838,13.07124,0.215849,26.030955
minji-sync-capacity-9cccf59d8f134c0fb8c266b014565fe3:qwen4b-shaped-capacity-test@1@0@658356116b8655b9@bfloat16,492,18,2561029659643146,2561029660241591,2561029660604481,2561029674308706,2561029674323108,2561029706830491,2561029707548584,2561029707812413,13.704225,32.521785,28.980623,0.447872,3.09329,33.503707,2.733819,0.215849,26.030955
minji-sync-capacity-9cccf59d8f134c0fb8c266b014565fe3:qwen4b-shaped-capacity-test@1@0@51bfe336b387934f@bfloat16,493,18,2561029660202670,2561029660499207,2561029660586194,2561029665170542,2561029665183306,2561029706830491,2561029707548584,2561029707834241,4.584348,41.659949,38.118787,0.447872,3.09329,42.663699,11.871983,0.215849,26.030955
minji-sync-capacity-9cccf59d8f134c0fb8c266b014565fe3:qwen4b-shaped-capacity-test@1@0@40b24318d46694dd@bfloat16,494,18,2561029662868309,2561029663206383,2561029663384342,2561029669113499,2561029669124227,2561029706830491,2561029707548584,2561029707855253,5.729157,37.716992,34.17583,0.447872,3.09329,38.741754,7.929026,0.215849,26.030955
minji-sync-capacity-9cccf59d8f134c0fb8c266b014565fe3:qwen4b-shaped-capacity-test@1@0@3aeca45ee8d32e36@bfloat16,495,18,2561029663125576,2561029663434684,2561029663604304,2561029686340298,2561029686356365,2561029706830491,2561029707548584,2561029707876643,22.735994,20.490193,16.949031,0.447872,3.09329,21.536345,0.0,0.0,16.949031
minji-sync-capacity-9cccf59d8f134c0fb8c266b014565fe3:qwen4b-shaped-capacity-test@1@0@-7f15f171c61afbc2@bfloat16,496,18,2561029663180013,2561029663554357,2561029663616405,2561029679547375,2561029679562916,2561029706830491,2561029707548584,2561029707898139,15.93097,27.283116,23.741954,0.447872,3.09329,28.350764,0.0,0.0,23.741954
minji-sync-capacity-9cccf59d8f134c0fb8c266b014565fe3:qwen4b-shaped-capacity-test@1@0@148d6781569bcbe4@bfloat16,497,18,2561029663997112,2561029664208918,2561029664232426,2561029669653947,2561029669667307,2561029706830491,2561029707548584,2561029707919988,5.421521,37.176544,33.635382,0.447872,3.09329,38.266041,7.388578,0.215849,26.030955
minji-sync-capacity-9cccf59d8f134c0fb8c266b014565fe3:qwen4b-shaped-capacity-test@1@0@-5b2714b9440b0cac@bfloat16,498,18,2561029665199139,2561029665406047,2561029665436679,2561029672147405,2561029672157725,2561029706830491,2561029707548584,2561029707941548,6.710726,34.683086,31.141924,0.447872,3.09329,35.794143,4.89512,0.215849,26.030955
minji-sync-capacity-9cccf59d8f134c0fb8c266b014565fe3:qwen4b-shaped-capacity-test@1@0@5fcd8d6283bd047d@bfloat16,499,18,2561029665625507,2561029666196122,2561029666232780,2561029681903162,2561029681918542,2561029706830491,2561029707548584,2561029707962997,15.670382,24.927329,21.386167,0.447872,3.09329,26.059835,0.0,0.0,21.386167
minji-sync-capacity-9cccf59d8f134c0fb8c266b014565fe3:qwen4b-shaped-capacity-test@1@0@5458fc2a14820634@bfloat16,500,18,2561029665914050,2561029668273773,2561029668313031,2561029674447912,2561029674460620,2561029706830491,2561029707548584,2561029707986163,6.134881,32.382579,28.841417,0.447872,3.09329,33.538251,2.594613,0.215849,26.030955
minji-sync-capacity-9cccf59d8f134c0fb8c266b014565fe3:qwen4b-shaped-capacity-test@1@0@4f5d90bfc173c6d9@bfloat16,501,18,2561029666375776,2561029666591651,2561029666616759,2561029671541639,2561029671555313,2561029706830491,2561029707548584,2561029708014849,4.92488,35.288852,31.74769,0.447872,3.09329,36.47321,5.500886,0.215849,26.030955
minji-sync-capacity-9cccf59d8f134c0fb8c266b014565fe3:qwen4b-shaped-capacity-test@1@0@-5fdca48730b0533b@bfloat16,502,18,2561029669139075,2561029669331766,2561029669356307,2561029700553859,2561029700570987,2561029706830491,2561029707548584,2561029708038242,31.197552,6.276632,2.73547,0.447872,3.09329,7.484383,0.0,0.0,2.73547
minji-sync-capacity-9cccf59d8f134c0fb8c266b014565fe3:qwen4b-shaped-capacity-test@1@0@7685dd3fe4aa665d@bfloat16,503,18,2561029669682837,2561029670146441,2561029670277864,2561029677016676,2561029677029627,2561029706830491,2561029707548584,2561029708060345,6.738812,29.813815,26.272653,0.447872,3.09329,31.043669,0.025849,0.215849,26.030955
minji-sync-capacity-9cccf59d8f134c0fb8c266b014565fe3:qwen4b-shaped-capacity-test@1@0@-38c652ac4e77602f@bfloat16,504,18,2561029670195961,2561029672008982,2561029672231419,2561029678749325,2561029678762686,2561029706830491,2561029707548584,2561029708081953,6.517906,28.081166,24.540004,0.447872,3.09329,29.332628,0.0,0.0,24.540004
minji-sync-capacity-9cccf59d8f134c0fb8c266b014565fe3:qwen4b-shaped-capacity-test@1@0@3dc7e6c77a4f8521@bfloat16,505,18,2561029670253751,2561029670459449,2561029670506838,2561029684539538,2561029684553825,2561029706830491,2561029707548584,2561029708104967,14.0327,22.290953,18.749791,0.447872,3.09329,23.565429,0.0,0.0,18.749791
minji-sync-capacity-9cccf59d8f134c0fb8c266b014565fe3:qwen4b-shaped-capacity-test@1@0@-71d199fd98da3192@bfloat16,506,18,2561029671220006,2561029671611381,2561029671644623,2561029677350399,2561029677365373,2561029706830491,2561029707548584,2561029708134967,5.705776,29.480092,25.93893,0.447872,3.09329,30.784568,0.0,0.0,25.93893
minji-sync-capacity-9cccf59d8f134c0fb8c266b014565fe3:qwen4b-shaped-capacity-test@1@0@2dc7b5cd3a90149b@bfloat16,507,18,2561029671570397,2561029672114600,2561029672211287,2561029680984939,2561029681002601,2561029706830491,2561029707548584,2561029708158975,8.773652,25.845552,22.30439,0.447872,3.09329,27.174036,0.0,0.0,22.30439
minji-sync-capacity-9cccf59d8f134c0fb8c266b014565fe3:qwen4b-shaped-capacity-test@1@0@-2bc58115ce64d216@bfloat16,508,18,2561029672174158,2561029672428501,2561029672456369,2561029677910118,2561029677926577,2561029706830491,2561029707548584,2561029708181579,5.453749,28.920373,25.379211,0.447872,3.09329,30.271461,0.0,0.0,25.379211
minji-sync-capacity-9cccf59d8f134c0fb8c266b014565fe3:qwen4b-shaped-capacity-test@1@0@4d54e1188606550d@bfloat16,509,18,2561029674340504,2561029674619339,2561029674643847,2561029679871018,2561029679884497,2561029706830491,2561029707548584,2561029708205176,5.227171,26.959473,23.418311,0.447872,3.09329,28.334158,0.0,0.0,23.418311
minji-sync-capacity-9cccf59d8f134c0fb8c266b014565fe3:qwen4b-shaped-capacity-test@1@0@490b0e6be723c483@bfloat16,510,18,2561029674477022,2561029674769021,2561029674810718,2561029680532972,2561029680546938,2561029706830491,2561029707548584,2561029708227978,5.722254,26.297519,22.756357,0.447872,3.09329,27.695006,0.0,0.0,22.756357
minji-sync-capacity-9cccf59d8f134c0fb8c266b014565fe3:qwen4b-shaped-capacity-test@1@0@3b6b39f5a198768f@bfloat16,511,18,2561029677042525,2561029677225655,2561029677258374,2561029682437570,2561029682452274,2561029706830491,2561029707548584,2561029708254853,5.179196,24.392921,20.851759,0.447872,3.09329,25.817283,0.0,0.0,20.851759
