ms,used_mib,ready_mib,copying_mib,post_copy_mib,workers,payload_fetches,pending_windows
0.0,0.0,0.0,0.0,0.0,0,0,0
0.362246,0.0,0.0,0.0,0.0,0,0,0
0.409106,0.0,0.0,0.0,0.0,0,0,1
0.707134,0.0,0.0,0.0,0.0,0,0,2
0.759648,0.0,0.0,0.0,0.0,0,0,2
0.989488,0.0,0.0,0.0,0.0,0,0,2
1.024058,0.0,0.0,0.0,0.0,0,0,3
1.406883,0.0,0.0,0.0,0.0,0,0,3
1.440343,0.0,0.0,0.0,0.0,0,0,4
1.914601,0.0,0.0,0.0,0.0,1,0,4
2.940866,0.0,0.0,0.0,0.0,2,0,4
3.045069,0.0,0.0,0.0,0.0,3,0,4
3.558315,0.0,0.0,0.0,0.0,4,0,4
3.639178,18.0,0.0,0.0,0.0,4,0,4
3.726316,18.0,0.0,0.0,0.0,5,0,4
3.872067,36.0,0.0,0.0,0.0,5,0,4
3.948366,36.0,0.0,0.0,0.0,6,0,4
4.414906,36.0,0.0,0.0,0.0,7,0,4
4.524459,54.0,0.0,0.0,0.0,7,0,4
4.773403,72.0,0.0,0.0,0.0,7,0,4
5.149952,72.0,0.0,0.0,0.0,7,1,4
5.236692,72.0,0.0,0.0,0.0,7,2,4
5.886425,90.0,0.0,0.0,0.0,7,2,4
6.001593,90.0,0.0,0.0,0.0,7,3,4
6.043166,90.0,0.0,0.0,0.0,7,4,4
6.146998,108.0,0.0,0.0,0.0,7,4,4
6.180073,108.0,0.0,0.0,0.0,7,5,4
6.225128,108.0,0.0,0.0,0.0,7,6,4
6.442204,108.0,0.0,0.0,0.0,8,6,4
6.64738,126.0,0.0,0.0,0.0,8,6,4
6.830476,144.0,0.0,0.0,0.0,8,6,4
6.866626,144.0,0.0,0.0,0.0,8,7,4
6.996914,144.0,0.0,0.0,0.0,9,7,4
7.049582,144.0,0.0,0.0,0.0,9,8,4
7.109197,144.0,0.0,0.0,0.0,10,8,4
7.336996,162.0,0.0,0.0,0.0,10,8,4
7.377164,162.0,0.0,0.0,0.0,10,9,4
7.593636,162.0,0.0,0.0,0.0,11,9,4
7.705883,162.0,0.0,0.0,0.0,12,9,4
7.770066,162.0,0.0,0.0,0.0,13,9,4
8.011996,180.0,0.0,0.0,0.0,13,9,4
8.404278,180.0,0.0,0.0,0.0,13,10,4
8.800958,180.0,0.0,0.0,0.0,14,10,4
8.963906,198.0,0.0,0.0,0.0,14,10,4
9.025004,198.0,0.0,0.0,0.0,15,10,4
9.173352,216.0,0.0,0.0,0.0,15,10,4
9.376613,234.0,0.0,0.0,0.0,15,10,4
9.422019,234.0,0.0,0.0,0.0,16,10,4
9.756214,234.0,0.0,0.0,0.0,16,11,4
9.778942,252.0,0.0,0.0,0.0,16,11,4
10.0958,252.0,0.0,0.0,0.0,16,12,4
10.156323,252.0,0.0,0.0,0.0,16,13,4
10.18136,252.0,0.0,0.0,0.0,16,14,4
10.261072,270.0,0.0,0.0,0.0,16,14,4
10.328457,270.0,0.0,0.0,0.0,16,15,4
10.602275,288.0,0.0,0.0,0.0,16,15,4
10.639512,288.0,0.0,0.0,0.0,16,16,4
10.817258,288.0,18.0,0.0,0.0,16,15,4
10.835148,288.0,18.0,0.0,0.0,15,15,4
10.854449,288.0,18.0,0.0,0.0,16,15,4
11.201351,288.0,36.0,0.0,0.0,16,14,4
11.224033,288.0,36.0,0.0,0.0,15,14,4
11.247819,288.0,36.0,0.0,0.0,16,14,4
11.293985,306.0,36.0,0.0,0.0,16,14,4
11.329466,306.0,36.0,0.0,0.0,16,15,4
11.56176,324.0,36.0,0.0,0.0,16,15,4
11.589555,324.0,36.0,0.0,0.0,16,16,4
12.132616,324.0,54.0,0.0,0.0,16,15,4
12.152074,324.0,54.0,0.0,0.0,15,15,4
12.173885,324.0,54.0,0.0,0.0,16,15,4
12.211933,324.0,72.0,0.0,0.0,16,14,4
12.232607,324.0,72.0,0.0,0.0,15,14,4
12.248759,324.0,72.0,0.0,0.0,16,14,4
12.575859,342.0,72.0,0.0,0.0,16,14,4
12.602833,342.0,90.0,0.0,0.0,16,13,4
12.623777,342.0,90.0,0.0,0.0,15,13,4
12.650903,342.0,90.0,0.0,0.0,16,13,4
12.794154,360.0,90.0,0.0,0.0,16,13,4
12.833539,360.0,90.0,0.0,0.0,16,14,4
13.014604,378.0,90.0,0.0,0.0,16,14,4
13.06589,378.0,90.0,0.0,0.0,16,15,4
13.095737,378.0,90.0,0.0,0.0,16,16,4
13.844427,378.0,108.0,0.0,0.0,16,15,4
13.864223,378.0,108.0,0.0,0.0,15,15,4
13.883382,378.0,108.0,0.0,0.0,16,15,4
13.915255,378.0,126.0,0.0,0.0,16,14,4
13.932429,378.0,126.0,0.0,0.0,15,14,4
13.950788,378.0,126.0,0.0,0.0,16,14,4
14.139448,396.0,126.0,0.0,0.0,16,14,4
14.314273,396.0,126.0,0.0,0.0,16,15,4
14.333094,414.0,126.0,0.0,0.0,16,15,4
14.370908,414.0,126.0,0.0,0.0,16,16,4
14.886774,414.0,144.0,0.0,0.0,16,15,4
14.902928,414.0,144.0,0.0,0.0,15,15,4
14.92212,414.0,144.0,0.0,0.0,16,15,4
15.475755,414.0,162.0,0.0,0.0,16,14,4
15.490972,414.0,162.0,0.0,0.0,15,14,4
15.51165,414.0,162.0,0.0,0.0,16,14,4
15.820004,432.0,162.0,0.0,0.0,16,14,4
15.858883,432.0,162.0,0.0,0.0,16,15,4
16.29068,432.0,180.0,0.0,0.0,16,14,4
16.308561,432.0,180.0,0.0,0.0,15,14,4
16.328684,432.0,180.0,0.0,0.0,16,14,4
16.661976,450.0,180.0,0.0,0.0,16,14,4
16.778876,450.0,180.0,0.0,0.0,16,15,4
16.79689,468.0,180.0,0.0,0.0,16,15,4
16.834336,468.0,180.0,0.0,0.0,16,16,4
16.85099,468.0,198.0,0.0,0.0,16,15,4
16.868137,468.0,198.0,0.0,0.0,15,15,4
16.888769,468.0,198.0,0.0,0.0,16,15,4
18.10693,468.0,216.0,0.0,0.0,16,14,4
18.124169,468.0,216.0,0.0,0.0,15,14,4
18.146494,468.0,216.0,0.0,0.0,16,14,4
18.413552,468.0,234.0,0.0,0.0,16,13,4
18.424708,468.0,234.0,0.0,0.0,15,13,4
18.438386,468.0,234.0,0.0,0.0,16,13,4
18.463273,486.0,234.0,0.0,0.0,16,13,4
18.491354,486.0,234.0,0.0,0.0,16,14,4
18.719563,504.0,234.0,0.0,0.0,16,14,4
18.883556,504.0,252.0,0.0,0.0,16,13,4
18.894966,504.0,252.0,0.0,0.0,15,13,4
18.909242,504.0,252.0,0.0,0.0,16,13,4
18.974504,504.0,252.0,0.0,0.0,16,14,4
18.999265,522.0,252.0,0.0,0.0,16,14,4
19.035282,522.0,252.0,0.0,0.0,16,15,4
19.261635,522.0,270.0,0.0,0.0,16,14,4
19.278155,522.0,270.0,0.0,0.0,15,14,4
19.296784,522.0,270.0,0.0,0.0,16,14,4
19.36098,540.0,270.0,0.0,0.0,16,14,4
19.388568,540.0,270.0,0.0,0.0,16,15,4
20.108487,540.0,288.0,0.0,0.0,16,14,4
20.12253,540.0,288.0,0.0,0.0,15,14,4
20.138609,540.0,288.0,0.0,0.0,16,14,4
20.463115,558.0,288.0,0.0,0.0,16,14,4
20.487239,558.0,306.0,0.0,0.0,16,13,4
20.507957,558.0,306.0,0.0,0.0,15,13,4
20.529709,558.0,306.0,0.0,0.0,16,13,4
20.600911,558.0,306.0,0.0,0.0,16,14,4
20.626266,558.0,324.0,0.0,0.0,16,13,4
20.642825,558.0,324.0,0.0,0.0,15,13,4
20.665377,558.0,324.0,0.0,0.0,16,13,4
21.172839,558.0,342.0,0.0,0.0,16,12,4
21.187233,558.0,342.0,0.0,0.0,15,12,4
21.202789,558.0,342.0,0.0,0.0,16,12,4
21.231439,576.0,342.0,0.0,0.0,16,12,4
21.267165,576.0,342.0,0.0,0.0,16,13,4
21.410733,594.0,342.0,0.0,0.0,16,13,4
21.440315,594.0,342.0,0.0,0.0,16,14,4
22.249735,594.0,360.0,0.0,0.0,16,13,4
22.267371,594.0,360.0,0.0,0.0,15,13,4
22.28598,594.0,360.0,0.0,0.0,16,13,4
22.854447,612.0,360.0,0.0,0.0,16,13,4
22.886573,612.0,360.0,0.0,0.0,16,14,4
23.082879,630.0,360.0,0.0,0.0,16,14,4
23.104974,630.0,378.0,0.0,0.0,16,13,4
23.117711,630.0,378.0,0.0,0.0,15,13,4
23.133621,630.0,378.0,0.0,0.0,16,13,4
23.30513,630.0,396.0,0.0,0.0,16,12,4
23.319219,630.0,396.0,0.0,0.0,15,12,4
23.335221,630.0,396.0,0.0,0.0,16,12,4
23.396866,630.0,414.0,0.0,0.0,16,11,4
23.418219,630.0,414.0,0.0,0.0,15,11,4
23.444132,630.0,414.0,0.0,0.0,16,11,4
23.477797,648.0,414.0,0.0,0.0,16,11,4
23.690989,666.0,414.0,0.0,0.0,16,11,4
23.89633,684.0,414.0,0.0,0.0,16,11,4
24.095174,684.0,414.0,0.0,0.0,16,12,4
24.148419,684.0,414.0,0.0,0.0,16,13,4
24.181561,702.0,414.0,0.0,0.0,16,13,4
24.23505,702.0,414.0,0.0,0.0,16,14,4
24.256985,702.0,414.0,0.0,0.0,16,15,4
24.288215,702.0,414.0,0.0,0.0,16,16,4
25.288953,702.0,432.0,0.0,0.0,16,15,4
25.306758,702.0,432.0,0.0,0.0,15,15,4
25.323948,702.0,432.0,0.0,0.0,16,15,4
25.498617,702.0,450.0,0.0,0.0,16,14,4
25.515408,702.0,450.0,0.0,0.0,15,14,4
25.534139,702.0,450.0,0.0,0.0,16,14,4
25.56287,702.0,468.0,0.0,0.0,16,13,4
25.576487,702.0,468.0,0.0,0.0,15,13,4
25.596845,702.0,468.0,0.0,0.0,16,13,4
25.751049,720.0,468.0,0.0,0.0,16,13,4
25.7873,720.0,468.0,0.0,0.0,16,14,4
26.631869,720.0,486.0,0.0,0.0,16,13,4
26.650596,720.0,486.0,0.0,0.0,15,13,4
26.67314,720.0,486.0,0.0,0.0,16,13,4
27.052066,738.0,486.0,0.0,0.0,16,13,4
27.19111,756.0,486.0,0.0,0.0,16,13,4
27.214297,756.0,504.0,0.0,0.0,16,12,4
27.232836,756.0,504.0,0.0,0.0,15,12,4
27.249425,756.0,504.0,0.0,0.0,16,12,4
27.307144,756.0,504.0,0.0,0.0,16,13,4
27.380841,756.0,504.0,0.0,0.0,16,14,4
27.51155,774.0,504.0,0.0,0.0,16,14,4
27.54767,774.0,504.0,0.0,0.0,16,15,4
28.098827,774.0,522.0,0.0,0.0,16,14,4
28.109136,774.0,522.0,0.0,0.0,15,14,4
28.125538,774.0,522.0,0.0,0.0,16,14,4
28.307898,774.0,540.0,0.0,0.0,16,13,4
28.322252,774.0,540.0,0.0,0.0,15,13,4
28.339049,774.0,540.0,0.0,0.0,16,13,4
28.369638,774.0,558.0,0.0,0.0,16,12,4
28.382408,774.0,558.0,0.0,0.0,15,12,4
28.397597,774.0,558.0,0.0,0.0,16,12,4
28.464106,792.0,558.0,0.0,0.0,16,12,4
28.870703,810.0,558.0,0.0,0.0,16,12,4
29.069843,810.0,558.0,0.0,0.0,16,13,4
29.089793,810.0,558.0,0.0,0.0,16,14,4
29.111802,828.0,558.0,0.0,0.0,16,14,4
29.143992,828.0,558.0,0.0,0.0,16,15,4
30.591026,846.0,558.0,0.0,0.0,16,15,4
30.605956,846.0,576.0,0.0,0.0,16,14,4
30.616359,846.0,576.0,0.0,0.0,15,14,4
30.632475,846.0,576.0,0.0,0.0,16,14,4
30.660798,846.0,594.0,0.0,0.0,16,13,4
30.672508,846.0,594.0,0.0,0.0,15,13,4
30.686235,846.0,594.0,0.0,0.0,16,13,4
30.730236,846.0,594.0,0.0,0.0,16,14,4
30.790814,846.0,612.0,0.0,0.0,16,13,4
30.803587,846.0,612.0,0.0,0.0,15,13,4
30.819652,846.0,612.0,0.0,0.0,16,13,4
30.952964,864.0,612.0,0.0,0.0,16,13,4
30.975762,864.0,612.0,0.0,0.0,16,14,4
31.104127,882.0,612.0,0.0,0.0,16,14,4
31.131539,882.0,612.0,0.0,0.0,16,15,4
32.039991,882.0,630.0,0.0,0.0,16,14,4
32.056059,882.0,630.0,0.0,0.0,15,14,4
32.074062,882.0,630.0,0.0,0.0,16,14,4
32.312443,900.0,630.0,0.0,0.0,16,14,4
32.343553,900.0,630.0,0.0,0.0,16,15,4
33.332583,900.0,648.0,0.0,0.0,16,14,4
33.344142,900.0,648.0,0.0,0.0,15,14,4
33.359914,900.0,648.0,0.0,0.0,16,14,4
33.385101,918.0,648.0,0.0,0.0,16,14,4
33.417655,918.0,648.0,0.0,0.0,16,15,4
33.599207,936.0,648.0,0.0,0.0,16,15,4
33.631034,936.0,648.0,0.0,0.0,16,16,4
33.782081,936.0,666.0,0.0,0.0,16,15,4
33.793236,936.0,666.0,0.0,0.0,15,15,4
33.812714,936.0,666.0,0.0,0.0,16,15,4
34.087214,936.0,684.0,0.0,0.0,16,14,4
34.103217,936.0,684.0,0.0,0.0,15,14,4
34.119913,936.0,684.0,0.0,0.0,16,14,4
34.153977,954.0,684.0,0.0,0.0,16,14,4
34.181427,954.0,684.0,0.0,0.0,16,15,4
34.41916,972.0,684.0,0.0,0.0,16,15,4
34.451559,972.0,684.0,0.0,0.0,16,16,4
35.578249,972.0,702.0,0.0,0.0,16,15,4
35.590488,972.0,702.0,0.0,0.0,15,15,4
35.606048,972.0,702.0,0.0,0.0,16,15,4
35.806808,972.0,720.0,0.0,0.0,16,14,4
35.822355,972.0,720.0,0.0,0.0,15,14,4
35.838113,972.0,720.0,0.0,0.0,16,14,4
35.866008,990.0,720.0,0.0,0.0,16,14,4
35.891253,990.0,720.0,0.0,0.0,16,15,4
36.097218,1008.0,720.0,0.0,0.0,16,15,4
36.130988,1008.0,720.0,0.0,0.0,16,16,4
36.55787,1008.0,738.0,0.0,0.0,16,15,4
36.573234,1008.0,738.0,0.0,0.0,15,15,4
36.591992,1008.0,738.0,0.0,0.0,16,15,4
36.619219,1008.0,756.0,0.0,0.0,16,14,4
36.633506,1008.0,756.0,0.0,0.0,15,14,4
36.652825,1008.0,756.0,0.0,0.0,16,14,4
36.840659,1026.0,756.0,0.0,0.0,16,14,4
36.874239,1026.0,756.0,0.0,0.0,16,15,4
37.050102,1026.0,774.0,0.0,0.0,16,14,4
37.06744,1026.0,774.0,0.0,0.0,15,14,4
37.091199,1026.0,774.0,0.0,0.0,16,14,4
37.6412,1044.0,774.0,0.0,0.0,16,14,4
37.787747,1044.0,792.0,0.0,0.0,16,13,4
37.801436,1044.0,792.0,0.0,0.0,15,13,4
37.819286,1044.0,792.0,0.0,0.0,16,13,4
37.892845,1062.0,792.0,0.0,0.0,16,13,4
37.982785,1062.0,810.0,0.0,0.0,16,12,4
37.998264,1062.0,810.0,0.0,0.0,15,12,4
38.016157,1062.0,810.0,0.0,0.0,16,12,4
38.107231,1062.0,810.0,0.0,0.0,16,13,4
38.261887,1080.0,810.0,0.0,0.0,16,13,4
38.447727,1080.0,810.0,0.0,0.0,16,14,4
38.499642,1080.0,810.0,0.0,0.0,16,15,4
38.655952,1098.0,810.0,0.0,0.0,16,15,4
38.738071,1098.0,810.0,0.0,0.0,16,16,4
38.84281,1098.0,810.0,0.0,0.0,16,16,4
39.606379,1098.0,810.0,0.0,0.0,16,16,4
39.692254,1098.0,324.0,486.0,0.0,16,16,4
39.760084,1098.0,342.0,486.0,0.0,16,15,4
39.773479,1098.0,342.0,486.0,0.0,15,15,4
39.795226,1098.0,342.0,486.0,0.0,16,15,4
40.07375,1098.0,360.0,486.0,0.0,16,14,4
40.089022,1098.0,360.0,486.0,0.0,15,14,4
40.108023,1098.0,360.0,486.0,0.0,16,14,4
40.137537,1098.0,378.0,486.0,0.0,16,13,4
40.150743,1098.0,378.0,486.0,0.0,15,13,4
40.166461,1098.0,378.0,486.0,0.0,16,13,4
40.444618,1116.0,378.0,486.0,0.0,16,13,4
40.459758,1116.0,396.0,486.0,0.0,16,12,4
40.473077,1116.0,396.0,486.0,0.0,15,12,4
40.488639,1116.0,396.0,486.0,0.0,16,12,4
40.649118,1134.0,396.0,486.0,0.0,16,12,4
40.779624,1134.0,414.0,486.0,0.0,16,11,4
40.797778,1134.0,414.0,486.0,0.0,15,11,4
40.818138,1134.0,414.0,486.0,0.0,16,11,4
40.946401,1134.0,432.0,486.0,0.0,16,10,4
40.961971,1134.0,432.0,486.0,0.0,15,10,4
40.980047,1134.0,432.0,486.0,0.0,16,10,4
41.22338,1134.0,432.0,486.0,0.0,16,11,4
41.237452,1152.0,432.0,486.0,0.0,16,11,4
41.389382,1170.0,432.0,486.0,0.0,16,11,4
41.602583,1170.0,432.0,486.0,0.0,16,12,4
41.673254,1170.0,432.0,486.0,0.0,16,13,4
41.726305,1170.0,432.0,486.0,0.0,16,14,4
42.227243,1170.0,432.0,0.0,486.0,16,14,4
42.286609,1170.0,432.0,0.0,486.0,16,14,4
42.399281,1152.0,432.0,0.0,468.0,16,14,4
42.437887,1134.0,432.0,0.0,450.0,16,14,4
42.470956,1116.0,432.0,0.0,432.0,16,14,4
42.50103,1098.0,432.0,0.0,414.0,16,14,4
42.529055,1080.0,432.0,0.0,396.0,16,14,4
42.555096,1062.0,432.0,0.0,378.0,16,14,4
42.578736,1044.0,432.0,0.0,360.0,16,14,4
42.602796,1026.0,432.0,0.0,342.0,16,14,4
42.630621,1008.0,432.0,0.0,324.0,16,14,4
42.652939,990.0,432.0,0.0,306.0,16,14,4
42.680157,972.0,432.0,0.0,288.0,16,14,4
42.705737,954.0,432.0,0.0,270.0,16,14,4
42.729727,936.0,432.0,0.0,252.0,16,14,4
42.754757,918.0,432.0,0.0,234.0,16,14,4
42.780778,900.0,432.0,0.0,216.0,16,14,4
42.806374,882.0,432.0,0.0,198.0,16,14,4
42.830318,864.0,432.0,0.0,180.0,16,14,4
42.854087,846.0,432.0,0.0,162.0,16,14,4
42.87744,828.0,432.0,0.0,144.0,16,14,4
42.899607,810.0,432.0,0.0,126.0,16,14,4
42.963249,792.0,432.0,0.0,108.0,16,14,4
43.101266,810.0,432.0,0.0,108.0,16,14,4
43.165755,792.0,432.0,0.0,90.0,16,14,4
43.316514,792.0,450.0,0.0,90.0,16,13,4
43.331747,792.0,450.0,0.0,90.0,15,13,4
43.351305,792.0,450.0,0.0,90.0,16,13,4
43.382284,810.0,450.0,0.0,90.0,16,13,4
43.414382,810.0,468.0,0.0,90.0,16,12,4
43.426261,810.0,468.0,0.0,90.0,15,12,4
43.44462,810.0,468.0,0.0,90.0,16,12,4
43.502656,810.0,486.0,0.0,90.0,16,11,4
43.514456,810.0,486.0,0.0,90.0,15,11,4
43.528095,810.0,486.0,0.0,90.0,16,11,4
43.551975,810.0,504.0,0.0,90.0,16,10,4
43.563936,810.0,504.0,0.0,90.0,15,10,4
43.574194,810.0,504.0,0.0,90.0,16,10,4
43.734922,792.0,504.0,0.0,72.0,16,10,4
43.874274,810.0,504.0,0.0,72.0,16,10,4
44.049316,810.0,504.0,0.0,72.0,16,11,4
44.066503,828.0,504.0,0.0,72.0,16,11,4
44.22593,828.0,504.0,0.0,72.0,16,12,4
44.277953,828.0,504.0,0.0,72.0,16,13,4
44.304866,846.0,504.0,0.0,72.0,16,13,4
44.439321,864.0,504.0,0.0,72.0,16,13,4
44.532043,864.0,504.0,0.0,72.0,16,14,4
44.558874,864.0,504.0,0.0,72.0,16,15,4
44.609975,864.0,504.0,0.0,72.0,16,16,4
44.654142,846.0,504.0,0.0,54.0,16,16,4
44.774452,828.0,504.0,0.0,36.0,16,16,4
44.801935,810.0,504.0,0.0,18.0,16,16,4
44.827992,792.0,504.0,0.0,0.0,16,16,4
44.842636,792.0,504.0,0.0,0.0,16,16,3
44.861499,792.0,522.0,0.0,0.0,16,15,3
44.871055,792.0,522.0,0.0,0.0,15,15,3
44.885618,792.0,522.0,0.0,0.0,16,15,3
44.93378,792.0,522.0,0.0,0.0,16,15,4
45.061812,792.0,522.0,0.0,0.0,16,15,4
45.251192,810.0,522.0,0.0,0.0,16,15,4
45.278301,810.0,522.0,0.0,0.0,16,16,4
46.006594,810.0,540.0,0.0,0.0,16,15,4
46.022386,810.0,540.0,0.0,0.0,15,15,4
46.04405,810.0,540.0,0.0,0.0,16,15,4
46.075223,810.0,558.0,0.0,0.0,16,14,4
46.089222,810.0,558.0,0.0,0.0,15,14,4
46.108983,810.0,558.0,0.0,0.0,16,14,4
46.148051,810.0,576.0,0.0,0.0,16,13,4
46.16566,810.0,576.0,0.0,0.0,15,13,4
46.185817,810.0,576.0,0.0,0.0,16,13,4
46.366886,828.0,576.0,0.0,0.0,16,13,4
46.585751,828.0,576.0,0.0,0.0,16,14,4
46.609662,846.0,576.0,0.0,0.0,16,14,4
46.767584,864.0,576.0,0.0,0.0,16,14,4
46.828165,864.0,576.0,0.0,0.0,16,15,4
46.867723,864.0,576.0,0.0,0.0,16,16,4
47.160398,864.0,576.0,0.0,0.0,16,16,4
47.190889,864.0,594.0,0.0,0.0,16,15,4
47.204556,864.0,594.0,0.0,0.0,15,15,4
47.228041,864.0,594.0,0.0,0.0,16,15,4
47.328152,864.0,612.0,0.0,0.0,16,14,4
47.341394,864.0,612.0,0.0,0.0,15,14,4
47.358839,864.0,612.0,0.0,0.0,16,14,4
47.564877,882.0,612.0,0.0,0.0,16,14,4
47.785637,900.0,612.0,0.0,0.0,16,14,4
47.83175,900.0,630.0,0.0,0.0,16,13,4
47.847638,900.0,630.0,0.0,0.0,15,13,4
47.866401,900.0,630.0,0.0,0.0,16,13,4
47.928643,900.0,630.0,0.0,0.0,16,14,4
47.984389,900.0,630.0,0.0,0.0,16,15,4
48.055914,900.0,630.0,0.0,0.0,16,15,4
48.246278,900.0,144.0,486.0,0.0,16,15,4
48.45348,918.0,144.0,486.0,0.0,16,15,4
48.718733,918.0,144.0,486.0,0.0,16,16,4
49.151044,918.0,162.0,486.0,0.0,16,15,4
49.166568,918.0,162.0,486.0,0.0,15,15,4
49.186049,918.0,162.0,486.0,0.0,16,15,4
49.456862,936.0,162.0,486.0,0.0,16,15,4
49.500031,936.0,162.0,0.0,486.0,16,15,4
49.51938,936.0,162.0,0.0,486.0,16,16,4
49.568164,936.0,162.0,0.0,486.0,16,16,4
49.659539,918.0,162.0,0.0,468.0,16,16,4
49.693948,900.0,162.0,0.0,450.0,16,16,4
49.722028,882.0,162.0,0.0,432.0,16,16,4
49.752658,864.0,162.0,0.0,414.0,16,16,4
49.780521,846.0,162.0,0.0,396.0,16,16,4
49.806398,828.0,162.0,0.0,378.0,16,16,4
49.85524,810.0,162.0,0.0,360.0,16,16,4
49.972663,792.0,162.0,0.0,342.0,16,16,4
49.997603,774.0,162.0,0.0,324.0,16,16,4
50.021261,756.0,162.0,0.0,306.0,16,16,4
50.044171,738.0,162.0,0.0,288.0,16,16,4
50.067524,720.0,162.0,0.0,270.0,16,16,4
50.088878,702.0,162.0,0.0,252.0,16,16,4
50.116756,684.0,162.0,0.0,234.0,16,16,4
50.142961,666.0,162.0,0.0,216.0,16,16,4
50.167089,648.0,162.0,0.0,198.0,16,16,4
50.189379,630.0,162.0,0.0,180.0,16,16,4
50.221847,612.0,162.0,0.0,162.0,16,16,4
50.249716,594.0,162.0,0.0,144.0,16,16,4
50.258974,594.0,180.0,0.0,144.0,16,15,4
50.275413,594.0,180.0,0.0,144.0,15,15,4
50.297263,594.0,180.0,0.0,144.0,16,15,4
50.341247,594.0,198.0,0.0,144.0,16,14,4
50.356088,594.0,198.0,0.0,144.0,15,14,4
50.377422,594.0,198.0,0.0,144.0,16,14,4
50.448282,576.0,198.0,0.0,126.0,16,14,4
50.552728,558.0,198.0,0.0,108.0,16,14,4
50.732395,558.0,216.0,0.0,108.0,16,13,4
50.747025,558.0,216.0,0.0,108.0,15,13,4
50.767426,558.0,216.0,0.0,108.0,16,13,4
50.805551,576.0,216.0,0.0,108.0,16,13,4
50.867436,576.0,216.0,0.0,108.0,16,14,4
50.979336,594.0,216.0,0.0,108.0,16,14,4
51.082171,594.0,234.0,0.0,108.0,16,13,4
51.09474,594.0,234.0,0.0,108.0,15,13,4
51.110623,594.0,234.0,0.0,108.0,16,13,4
51.16459,576.0,234.0,0.0,90.0,16,13,4
51.220608,558.0,234.0,0.0,72.0,16,13,4
51.243839,558.0,234.0,0.0,72.0,16,14,4
51.294718,540.0,234.0,0.0,54.0,16,14,4
51.31886,522.0,234.0,0.0,36.0,16,14,4
51.343446,504.0,234.0,0.0,18.0,16,14,4
51.366495,486.0,234.0,0.0,0.0,16,14,4
51.378451,486.0,234.0,0.0,0.0,16,14,3
51.415339,486.0,234.0,0.0,0.0,16,14,4
51.541962,486.0,234.0,0.0,0.0,16,14,4
52.81775,504.0,234.0,0.0,0.0,16,14,4
52.846694,504.0,234.0,0.0,0.0,16,15,4
52.925438,504.0,252.0,0.0,0.0,16,14,4
52.94058,504.0,252.0,0.0,0.0,15,14,4
52.958733,504.0,252.0,0.0,0.0,16,14,4
53.233957,522.0,252.0,0.0,0.0,16,14,4
53.263573,522.0,252.0,0.0,0.0,16,15,4
53.429785,522.0,270.0,0.0,0.0,16,14,4
53.439667,522.0,270.0,0.0,0.0,15,14,4
53.453372,522.0,270.0,0.0,0.0,16,14,4
53.478188,540.0,270.0,0.0,0.0,16,14,4
53.52112,540.0,270.0,0.0,0.0,16,15,4
53.663823,540.0,288.0,0.0,0.0,16,14,4
53.680018,540.0,288.0,0.0,0.0,15,14,4
53.702655,540.0,288.0,0.0,0.0,16,14,4
53.73512,558.0,288.0,0.0,0.0,16,14,4
53.788697,558.0,288.0,0.0,0.0,16,15,4
54.142549,558.0,306.0,0.0,0.0,16,14,4
54.15712,558.0,306.0,0.0,0.0,15,14,4
54.178144,558.0,306.0,0.0,0.0,16,14,4
54.383254,576.0,306.0,0.0,0.0,16,14,4
54.420122,576.0,306.0,0.0,0.0,16,15,4
54.482165,576.0,324.0,0.0,0.0,16,14,4
54.492404,576.0,324.0,0.0,0.0,15,14,4
54.508519,576.0,324.0,0.0,0.0,16,14,4
54.734988,594.0,324.0,0.0,0.0,16,14,4
54.759951,594.0,324.0,0.0,0.0,16,15,4
54.938135,594.0,342.0,0.0,0.0,16,14,4
54.952537,594.0,342.0,0.0,0.0,15,14,4
54.969293,594.0,342.0,0.0,0.0,16,14,4
56.382191,612.0,342.0,0.0,0.0,16,14,4
56.398031,612.0,360.0,0.0,0.0,16,13,4
56.414532,612.0,360.0,0.0,0.0,15,13,4
56.431773,612.0,360.0,0.0,0.0,16,13,4
56.48489,612.0,360.0,0.0,0.0,16,14,4
56.688431,630.0,360.0,0.0,0.0,16,14,4
56.719837,630.0,360.0,0.0,0.0,16,15,4
56.854701,630.0,378.0,0.0,0.0,16,14,4
56.86866,630.0,378.0,0.0,0.0,15,14,4
56.886307,630.0,378.0,0.0,0.0,16,14,4
57.117017,648.0,378.0,0.0,0.0,16,14,4
57.145003,648.0,378.0,0.0,0.0,16,15,4
57.721009,648.0,396.0,0.0,0.0,16,14,4
57.733055,648.0,396.0,0.0,0.0,15,14,4
57.749687,648.0,396.0,0.0,0.0,16,14,4
59.943153,648.0,414.0,0.0,0.0,16,13,4
59.956957,648.0,414.0,0.0,0.0,15,13,4
59.976195,648.0,414.0,0.0,0.0,16,13,4
60.115125,666.0,414.0,0.0,0.0,16,13,4
60.364016,666.0,432.0,0.0,0.0,16,12,4
60.380211,666.0,432.0,0.0,0.0,15,12,4
60.39781,666.0,432.0,0.0,0.0,16,12,4
60.451548,666.0,432.0,0.0,0.0,16,13,4
60.677611,666.0,450.0,0.0,0.0,16,12,4
60.686579,666.0,450.0,0.0,0.0,15,12,4
60.69566,666.0,450.0,0.0,0.0,16,12,4
60.872021,684.0,450.0,0.0,0.0,16,12,4
61.011879,702.0,450.0,0.0,0.0,16,12,4
61.03276,702.0,468.0,0.0,0.0,16,11,4
61.047785,702.0,468.0,0.0,0.0,15,11,4
61.062535,702.0,468.0,0.0,0.0,16,11,4
61.122806,702.0,468.0,0.0,0.0,16,12,4
61.166359,702.0,468.0,0.0,0.0,16,13,4
61.32415,720.0,468.0,0.0,0.0,16,13,4
61.352434,720.0,468.0,0.0,0.0,16,14,4
61.657818,720.0,486.0,0.0,0.0,16,13,4
61.672379,720.0,486.0,0.0,0.0,15,13,4
61.689894,720.0,486.0,0.0,0.0,16,13,4
62.769019,720.0,504.0,0.0,0.0,16,12,4
62.785307,720.0,504.0,0.0,0.0,15,12,4
62.801787,720.0,504.0,0.0,0.0,16,12,4
63.094456,738.0,504.0,0.0,0.0,16,12,4
63.125568,738.0,504.0,0.0,0.0,16,13,4
63.783858,756.0,504.0,0.0,0.0,16,13,4
63.843745,756.0,504.0,0.0,0.0,16,14,4
64.017413,756.0,522.0,0.0,0.0,16,13,4
64.031113,756.0,522.0,0.0,0.0,15,13,4
64.046949,756.0,522.0,0.0,0.0,16,13,4
64.078647,774.0,522.0,0.0,0.0,16,13,4
64.276254,774.0,540.0,0.0,0.0,16,12,4
64.290618,774.0,540.0,0.0,0.0,15,12,4
64.311256,774.0,540.0,0.0,0.0,16,12,4
64.342756,774.0,558.0,0.0,0.0,16,11,4
64.358574,774.0,558.0,0.0,0.0,15,11,4
64.376253,774.0,558.0,0.0,0.0,16,11,4
64.429224,792.0,558.0,0.0,0.0,16,11,4
64.59873,810.0,558.0,0.0,0.0,16,11,4
64.806647,828.0,558.0,0.0,0.0,16,11,4
65.021762,828.0,558.0,0.0,0.0,16,12,4
65.038269,828.0,576.0,0.0,0.0,16,11,4
65.054504,828.0,576.0,0.0,0.0,15,11,4
65.075707,828.0,576.0,0.0,0.0,16,11,4
65.111707,828.0,594.0,0.0,0.0,16,10,4
65.127292,828.0,594.0,0.0,0.0,15,10,4
65.148886,828.0,594.0,0.0,0.0,16,10,4
65.406167,828.0,594.0,0.0,0.0,16,11,4
65.459159,846.0,594.0,0.0,0.0,16,11,4
65.583348,846.0,594.0,0.0,0.0,16,12,4
65.632939,846.0,612.0,0.0,0.0,16,11,4
65.64642,846.0,612.0,0.0,0.0,15,11,4
65.668216,846.0,612.0,0.0,0.0,16,11,4
65.808921,846.0,612.0,0.0,0.0,16,12,4
65.959656,846.0,612.0,0.0,0.0,16,13,4
66.013275,864.0,612.0,0.0,0.0,16,13,4
66.180716,882.0,612.0,0.0,0.0,16,13,4
66.312944,900.0,612.0,0.0,0.0,16,13,4
66.549807,900.0,612.0,0.0,0.0,16,14,4
66.570546,900.0,612.0,0.0,0.0,16,15,4
66.588405,900.0,612.0,0.0,0.0,16,16,4
66.612016,900.0,630.0,0.0,0.0,16,15,4
66.626201,900.0,630.0,0.0,0.0,15,15,4
66.646845,900.0,630.0,0.0,0.0,16,15,4
66.790259,900.0,630.0,0.0,0.0,16,15,4
66.819015,900.0,648.0,0.0,0.0,16,14,4
66.83376,900.0,648.0,0.0,0.0,15,14,4
66.853105,900.0,648.0,0.0,0.0,16,14,4
67.114877,900.0,666.0,0.0,0.0,16,13,4
67.129216,900.0,666.0,0.0,0.0,15,13,4
67.15081,900.0,666.0,0.0,0.0,16,13,4
67.31748,918.0,666.0,0.0,0.0,16,13,4
67.482358,936.0,666.0,0.0,0.0,16,13,4
67.523844,936.0,684.0,0.0,0.0,16,12,4
67.541269,936.0,684.0,0.0,0.0,15,12,4
67.565794,936.0,684.0,0.0,0.0,16,12,4
67.786579,936.0,702.0,0.0,0.0,16,11,4
67.801128,936.0,702.0,0.0,0.0,15,11,4
67.818847,936.0,702.0,0.0,0.0,16,11,4
67.886784,954.0,702.0,0.0,0.0,16,11,4
68.224663,954.0,702.0,0.0,0.0,16,12,4
68.24127,972.0,702.0,0.0,0.0,16,12,4
68.418462,990.0,702.0,0.0,0.0,16,12,4
68.472177,990.0,702.0,0.0,0.0,16,13,4
68.503385,990.0,702.0,0.0,0.0,16,14,4
68.522803,990.0,702.0,0.0,0.0,16,15,4
68.577217,990.0,702.0,0.0,0.0,16,16,4
68.61975,990.0,702.0,0.0,0.0,16,16,4
68.695501,990.0,216.0,486.0,0.0,16,16,4
69.066653,990.0,234.0,486.0,0.0,16,15,4
69.078652,990.0,234.0,486.0,0.0,15,15,4
69.092931,990.0,234.0,486.0,0.0,16,15,4
69.411197,990.0,252.0,486.0,0.0,16,14,4
69.427039,990.0,252.0,486.0,0.0,15,14,4
69.450514,990.0,252.0,486.0,0.0,16,14,4
69.483461,990.0,270.0,486.0,0.0,16,13,4
69.497722,990.0,270.0,486.0,0.0,15,13,4
69.515771,990.0,270.0,486.0,0.0,16,13,4
69.544073,1008.0,270.0,486.0,0.0,16,13,4
69.774602,1026.0,270.0,486.0,0.0,16,13,4
69.960043,1026.0,270.0,486.0,0.0,16,14,4
70.05593,1044.0,270.0,486.0,0.0,16,14,4
70.14887,1044.0,270.0,486.0,0.0,16,15,4
70.183988,1044.0,270.0,486.0,0.0,16,16,4
70.425567,1044.0,270.0,0.0,486.0,16,16,4
70.483596,1044.0,270.0,0.0,486.0,16,16,4
70.573575,1026.0,270.0,0.0,468.0,16,16,4
70.606419,1008.0,270.0,0.0,450.0,16,16,4
70.63881,990.0,270.0,0.0,432.0,16,16,4
70.668243,972.0,270.0,0.0,414.0,16,16,4
70.696786,954.0,270.0,0.0,396.0,16,16,4
70.709635,954.0,288.0,0.0,396.0,16,15,4
70.721314,954.0,288.0,0.0,396.0,15,15,4
70.739602,954.0,288.0,0.0,396.0,16,15,4
70.813041,936.0,288.0,0.0,378.0,16,15,4
70.83902,918.0,288.0,0.0,360.0,16,15,4
70.866072,900.0,288.0,0.0,342.0,16,15,4
70.895373,882.0,288.0,0.0,324.0,16,15,4
70.91914,864.0,288.0,0.0,306.0,16,15,4
71.057174,882.0,288.0,0.0,306.0,16,15,4
71.093092,882.0,306.0,0.0,306.0,16,14,4
71.104972,882.0,306.0,0.0,306.0,15,14,4
71.120093,882.0,306.0,0.0,306.0,16,14,4
71.155609,882.0,324.0,0.0,306.0,16,13,4
71.169128,882.0,324.0,0.0,306.0,15,13,4
71.184614,882.0,324.0,0.0,306.0,16,13,4
71.271441,864.0,324.0,0.0,288.0,16,13,4
71.322027,846.0,324.0,0.0,270.0,16,13,4
71.358348,828.0,324.0,0.0,252.0,16,13,4
71.508448,828.0,324.0,0.0,252.0,16,14,4
71.538599,846.0,324.0,0.0,252.0,16,14,4
71.634951,828.0,324.0,0.0,234.0,16,14,4
71.653768,828.0,324.0,0.0,234.0,16,15,4
71.724696,810.0,324.0,0.0,216.0,16,15,4
71.850975,792.0,324.0,0.0,198.0,16,15,4
71.877543,774.0,324.0,0.0,180.0,16,15,4
71.903275,756.0,324.0,0.0,162.0,16,15,4
71.926402,738.0,324.0,0.0,144.0,16,15,4
71.9503,720.0,324.0,0.0,126.0,16,15,4
71.973252,702.0,324.0,0.0,108.0,16,15,4
71.996901,684.0,324.0,0.0,90.0,16,15,4
72.019843,666.0,324.0,0.0,72.0,16,15,4
72.042403,648.0,324.0,0.0,54.0,16,15,4
72.065128,630.0,324.0,0.0,36.0,16,15,4
72.08759,612.0,324.0,0.0,18.0,16,15,4
72.110196,594.0,324.0,0.0,0.0,16,15,4
72.121273,594.0,324.0,0.0,0.0,16,15,3
72.154698,594.0,324.0,0.0,0.0,16,15,4
72.303732,594.0,324.0,0.0,0.0,16,15,4
72.348228,594.0,342.0,0.0,0.0,16,14,4
72.362257,594.0,342.0,0.0,0.0,15,14,4
72.386335,594.0,342.0,0.0,0.0,16,14,4
72.423855,612.0,342.0,0.0,0.0,16,14,4
72.47204,612.0,342.0,0.0,0.0,16,15,4
72.728379,630.0,342.0,0.0,0.0,16,15,4
72.781008,630.0,342.0,0.0,0.0,16,16,4
74.310714,630.0,360.0,0.0,0.0,16,15,4
74.325308,630.0,360.0,0.0,0.0,15,15,4
74.341387,630.0,360.0,0.0,0.0,16,15,4
74.598569,648.0,360.0,0.0,0.0,16,15,4
74.628726,648.0,360.0,0.0,0.0,16,16,4
74.885011,648.0,378.0,0.0,0.0,16,15,4
74.899225,648.0,378.0,0.0,0.0,15,15,4
74.918784,648.0,378.0,0.0,0.0,16,15,4
75.167414,666.0,378.0,0.0,0.0,16,15,4
75.183022,666.0,396.0,0.0,0.0,16,14,4
75.198248,666.0,396.0,0.0,0.0,15,14,4
75.214246,666.0,396.0,0.0,0.0,16,14,4
75.255404,666.0,414.0,0.0,0.0,16,13,4
75.273483,666.0,414.0,0.0,0.0,15,13,4
75.294242,666.0,414.0,0.0,0.0,16,13,4
75.340959,666.0,432.0,0.0,0.0,16,12,4
75.353088,666.0,432.0,0.0,0.0,15,12,4
75.368465,666.0,432.0,0.0,0.0,16,12,4
75.512672,666.0,432.0,0.0,0.0,16,13,4
75.532239,684.0,432.0,0.0,0.0,16,13,4
75.711663,702.0,432.0,0.0,0.0,16,13,4
75.902296,720.0,432.0,0.0,0.0,16,13,4
75.961918,720.0,432.0,0.0,0.0,16,14,4
76.0188,720.0,432.0,0.0,0.0,16,15,4
76.033061,720.0,432.0,0.0,0.0,16,16,4
76.864357,720.0,450.0,0.0,0.0,16,15,4
76.879355,720.0,450.0,0.0,0.0,15,15,4
76.895186,720.0,450.0,0.0,0.0,16,15,4
78.200709,738.0,450.0,0.0,0.0,16,15,4
78.228519,738.0,450.0,0.0,0.0,16,16,4
78.239666,738.0,468.0,0.0,0.0,16,15,4
78.249372,738.0,468.0,0.0,0.0,15,15,4
78.262443,738.0,468.0,0.0,0.0,16,15,4
78.491263,756.0,468.0,0.0,0.0,16,15,4
78.515249,756.0,468.0,0.0,0.0,16,16,4
78.602125,756.0,486.0,0.0,0.0,16,15,4
78.617092,756.0,486.0,0.0,0.0,15,15,4
78.633729,756.0,486.0,0.0,0.0,16,15,4
78.900551,774.0,486.0,0.0,0.0,16,15,4
78.939311,774.0,486.0,0.0,0.0,16,16,4
80.611132,774.0,504.0,0.0,0.0,16,15,4
80.626484,774.0,504.0,0.0,0.0,15,15,4
80.643695,774.0,504.0,0.0,0.0,16,15,4
80.671156,774.0,522.0,0.0,0.0,16,14,4
80.684161,774.0,522.0,0.0,0.0,15,14,4
80.700648,774.0,522.0,0.0,0.0,16,14,4
80.990105,792.0,522.0,0.0,0.0,16,14,4
81.02319,792.0,522.0,0.0,0.0,16,15,4
81.208737,792.0,540.0,0.0,0.0,16,14,4
81.226288,792.0,540.0,0.0,0.0,15,14,4
81.243377,792.0,540.0,0.0,0.0,16,14,4
81.387105,792.0,558.0,0.0,0.0,16,13,4
81.401683,792.0,558.0,0.0,0.0,15,13,4
81.422123,792.0,558.0,0.0,0.0,16,13,4
81.567189,792.0,576.0,0.0,0.0,16,12,4
81.579115,792.0,576.0,0.0,0.0,15,12,4
81.593994,792.0,576.0,0.0,0.0,16,12,4
81.628277,810.0,576.0,0.0,0.0,16,12,4
81.786186,828.0,576.0,0.0,0.0,16,12,4
81.941926,828.0,594.0,0.0,0.0,16,11,4
81.954165,828.0,594.0,0.0,0.0,15,11,4
81.97069,828.0,594.0,0.0,0.0,16,11,4
81.995523,846.0,594.0,0.0,0.0,16,11,4
82.02817,846.0,612.0,0.0,0.0,16,10,4
82.041439,846.0,612.0,0.0,0.0,15,10,4
82.057472,846.0,612.0,0.0,0.0,16,10,4
82.131846,846.0,612.0,0.0,0.0,16,11,4
82.345957,864.0,612.0,0.0,0.0,16,11,4
82.528866,864.0,612.0,0.0,0.0,16,12,4
82.57933,882.0,612.0,0.0,0.0,16,12,4
82.608486,882.0,612.0,0.0,0.0,16,13,4
82.629496,882.0,612.0,0.0,0.0,16,14,4
82.752542,882.0,612.0,0.0,0.0,16,15,4
82.973704,900.0,612.0,0.0,0.0,16,15,4
83.012369,900.0,612.0,0.0,0.0,16,16,4
83.121895,900.0,630.0,0.0,0.0,16,15,4
83.137095,900.0,630.0,0.0,0.0,15,15,4
83.160773,900.0,630.0,0.0,0.0,16,15,4
83.605369,918.0,630.0,0.0,0.0,16,15,4
83.67896,918.0,630.0,0.0,0.0,16,16,4
83.81695,918.0,630.0,0.0,0.0,16,16,4
83.91963,918.0,648.0,0.0,0.0,16,15,4
83.93537,918.0,648.0,0.0,0.0,15,15,4
83.953892,918.0,648.0,0.0,0.0,16,15,4
84.273171,936.0,648.0,0.0,0.0,16,15,4
84.305177,936.0,648.0,0.0,0.0,16,16,4
84.78666,936.0,648.0,0.0,0.0,16,16,4
84.817612,936.0,666.0,0.0,0.0,16,15,4
84.832353,936.0,666.0,0.0,0.0,15,15,4
84.845364,936.0,666.0,0.0,0.0,16,15,4
84.895834,936.0,180.0,486.0,0.0,16,15,4
85.585433,936.0,180.0,0.0,486.0,16,15,4
85.637354,936.0,180.0,0.0,486.0,16,15,4
85.709461,936.0,198.0,0.0,486.0,16,14,4
85.7225,936.0,198.0,0.0,486.0,15,14,4
85.740819,936.0,198.0,0.0,486.0,16,14,4
85.764841,918.0,198.0,0.0,468.0,16,14,4
85.833414,918.0,216.0,0.0,468.0,16,13,4
85.842474,918.0,216.0,0.0,468.0,15,13,4
85.911129,918.0,216.0,0.0,468.0,16,13,4
85.936408,900.0,216.0,0.0,450.0,16,13,4
86.114432,900.0,234.0,0.0,450.0,16,12,4
86.129431,900.0,234.0,0.0,450.0,15,12,4
86.148672,900.0,234.0,0.0,450.0,16,12,4
86.206918,900.0,252.0,0.0,450.0,16,11,4
86.224395,900.0,252.0,0.0,450.0,15,11,4
86.248631,900.0,252.0,0.0,450.0,16,11,4
86.286971,918.0,252.0,0.0,450.0,16,11,4
86.330595,918.0,270.0,0.0,450.0,16,10,4
86.347667,918.0,270.0,0.0,450.0,15,10,4
86.365367,918.0,270.0,0.0,450.0,16,10,4
86.39678,918.0,288.0,0.0,450.0,16,9,4
86.40826,918.0,288.0,0.0,450.0,15,9,4
86.424302,918.0,288.0,0.0,450.0,16,9,4
86.642239,936.0,288.0,0.0,450.0,16,9,4
86.837801,936.0,288.0,0.0,450.0,16,10,4
86.873151,936.0,288.0,0.0,450.0,16,11,4
86.892951,954.0,288.0,0.0,450.0,16,11,4
86.981812,954.0,288.0,0.0,450.0,16,12,4
86.993588,936.0,288.0,0.0,432.0,16,12,4
87.104573,954.0,288.0,0.0,432.0,16,12,4
87.247924,972.0,288.0,0.0,432.0,16,12,4
87.365083,990.0,288.0,0.0,432.0,16,12,4
87.521096,972.0,288.0,0.0,414.0,16,12,4
87.603258,972.0,288.0,0.0,414.0,16,13,4
87.642323,972.0,288.0,0.0,414.0,16,14,4
87.693838,972.0,288.0,0.0,414.0,16,15,4
87.713299,954.0,288.0,0.0,396.0,16,15,4
87.74476,936.0,288.0,0.0,378.0,16,15,4
87.772919,918.0,288.0,0.0,360.0,16,15,4
87.798071,900.0,288.0,0.0,342.0,16,15,4
87.844816,882.0,288.0,0.0,324.0,16,15,4
87.96908,864.0,288.0,0.0,306.0,16,15,4
87.994016,846.0,288.0,0.0,288.0,16,15,4
88.020312,828.0,288.0,0.0,270.0,16,15,4
88.044355,810.0,288.0,0.0,252.0,16,15,4
88.071141,792.0,288.0,0.0,234.0,16,15,4
88.09508,774.0,288.0,0.0,216.0,16,15,4
88.120432,756.0,288.0,0.0,198.0,16,15,4
88.145219,738.0,288.0,0.0,180.0,16,15,4
88.168676,720.0,288.0,0.0,162.0,16,15,4
88.190838,702.0,288.0,0.0,144.0,16,15,4
88.213383,684.0,288.0,0.0,126.0,16,15,4
88.242624,666.0,288.0,0.0,108.0,16,15,4
88.265982,648.0,288.0,0.0,90.0,16,15,4
88.288926,630.0,288.0,0.0,72.0,16,15,4
88.311503,612.0,288.0,0.0,54.0,16,15,4
88.334749,594.0,288.0,0.0,36.0,16,15,4
88.358584,576.0,288.0,0.0,18.0,16,15,4
88.381467,558.0,288.0,0.0,0.0,16,15,4
88.392479,558.0,288.0,0.0,0.0,16,15,3
88.423674,558.0,288.0,0.0,0.0,16,15,4
88.554585,558.0,288.0,0.0,0.0,16,15,4
88.862993,558.0,306.0,0.0,0.0,16,14,4
88.873916,558.0,306.0,0.0,0.0,15,14,4
88.885312,558.0,306.0,0.0,0.0,16,14,4
89.482995,576.0,306.0,0.0,0.0,16,14,4
89.51907,576.0,306.0,0.0,0.0,16,15,4
89.528796,576.0,324.0,0.0,0.0,16,14,4
89.540556,576.0,324.0,0.0,0.0,15,14,4
89.555192,576.0,324.0,0.0,0.0,16,14,4
89.609748,576.0,342.0,0.0,0.0,16,13,4
89.623672,576.0,342.0,0.0,0.0,15,13,4
89.640683,576.0,342.0,0.0,0.0,16,13,4
89.809262,594.0,342.0,0.0,0.0,16,13,4
89.833055,594.0,360.0,0.0,0.0,16,12,4
89.846535,594.0,360.0,0.0,0.0,15,12,4
89.865375,594.0,360.0,0.0,0.0,16,12,4
89.932272,594.0,378.0,0.0,0.0,16,11,4
89.946993,594.0,378.0,0.0,0.0,15,11,4
89.963772,594.0,378.0,0.0,0.0,16,11,4
90.132534,612.0,378.0,0.0,0.0,16,11,4
90.390537,630.0,378.0,0.0,0.0,16,11,4
90.564579,630.0,378.0,0.0,0.0,16,12,4
90.582603,630.0,378.0,0.0,0.0,16,13,4
90.631596,630.0,378.0,0.0,0.0,16,14,4
90.661082,648.0,378.0,0.0,0.0,16,14,4
90.778367,666.0,378.0,0.0,0.0,16,14,4
90.822064,666.0,378.0,0.0,0.0,16,15,4
90.843905,666.0,378.0,0.0,0.0,16,16,4
91.052561,666.0,396.0,0.0,0.0,16,15,4
91.066264,666.0,396.0,0.0,0.0,15,15,4
91.085585,666.0,396.0,0.0,0.0,16,15,4
91.310967,684.0,396.0,0.0,0.0,16,15,4
91.338585,684.0,396.0,0.0,0.0,16,16,4
92.158602,684.0,414.0,0.0,0.0,16,15,4
92.173036,684.0,414.0,0.0,0.0,15,15,4
92.195362,684.0,414.0,0.0,0.0,16,15,4
92.505525,684.0,432.0,0.0,0.0,16,14,4
92.518695,684.0,432.0,0.0,0.0,15,14,4
92.540094,684.0,432.0,0.0,0.0,16,14,4
92.562933,684.0,450.0,0.0,0.0,16,13,4
92.575856,684.0,450.0,0.0,0.0,15,13,4
92.592251,684.0,450.0,0.0,0.0,16,13,4
92.617374,702.0,450.0,0.0,0.0,16,13,4
92.671065,702.0,450.0,0.0,0.0,16,14,4
92.782321,720.0,450.0,0.0,0.0,16,14,4
92.900643,738.0,450.0,0.0,0.0,16,14,4
93.127071,738.0,450.0,0.0,0.0,16,15,4
93.173149,738.0,450.0,0.0,0.0,16,16,4
93.603705,738.0,468.0,0.0,0.0,16,15,4
93.616439,738.0,468.0,0.0,0.0,15,15,4
93.633749,738.0,468.0,0.0,0.0,16,15,4
93.870699,756.0,468.0,0.0,0.0,16,15,4
93.899403,756.0,468.0,0.0,0.0,16,16,4
95.910144,756.0,486.0,0.0,0.0,16,15,4
95.919936,756.0,486.0,0.0,0.0,15,15,4
95.932687,756.0,486.0,0.0,0.0,16,15,4
96.261596,756.0,504.0,0.0,0.0,16,14,4
96.281391,756.0,504.0,0.0,0.0,15,14,4
96.30223,756.0,504.0,0.0,0.0,16,14,4
96.584745,756.0,522.0,0.0,0.0,16,13,4
96.596218,756.0,522.0,0.0,0.0,15,13,4
96.614657,756.0,522.0,0.0,0.0,16,13,4
96.63756,774.0,522.0,0.0,0.0,16,13,4
96.695907,774.0,522.0,0.0,0.0,16,14,4
96.857957,792.0,522.0,0.0,0.0,16,14,4
96.883403,792.0,522.0,0.0,0.0,16,15,4
96.89799,792.0,540.0,0.0,0.0,16,14,4
96.913274,792.0,540.0,0.0,0.0,15,14,4
96.932992,792.0,540.0,0.0,0.0,16,14,4
97.075573,792.0,558.0,0.0,0.0,16,13,4
97.089185,792.0,558.0,0.0,0.0,15,13,4
97.104669,792.0,558.0,0.0,0.0,16,13,4
97.128289,792.0,576.0,0.0,0.0,16,12,4
97.1421,792.0,576.0,0.0,0.0,15,12,4
97.161124,792.0,576.0,0.0,0.0,16,12,4
97.376775,810.0,576.0,0.0,0.0,16,12,4
97.425224,810.0,576.0,0.0,0.0,16,13,4
97.671509,828.0,576.0,0.0,0.0,16,13,4
97.895024,828.0,576.0,0.0,0.0,16,14,4
97.921738,846.0,576.0,0.0,0.0,16,14,4
98.088563,864.0,576.0,0.0,0.0,16,14,4
98.153783,864.0,594.0,0.0,0.0,16,13,4
98.166252,864.0,594.0,0.0,0.0,15,13,4
98.182478,864.0,594.0,0.0,0.0,16,13,4
98.347268,864.0,594.0,0.0,0.0,16,14,4
98.425263,864.0,612.0,0.0,0.0,16,13,4
98.438028,864.0,612.0,0.0,0.0,15,13,4
98.455552,864.0,612.0,0.0,0.0,16,13,4
98.493708,864.0,612.0,0.0,0.0,16,14,4
98.701209,882.0,612.0,0.0,0.0,16,14,4
98.783884,882.0,612.0,0.0,0.0,16,15,4
98.920177,900.0,612.0,0.0,0.0,16,15,4
98.966298,900.0,612.0,0.0,0.0,16,16,4
99.046426,900.0,612.0,0.0,0.0,16,16,4
99.419714,900.0,630.0,0.0,0.0,16,15,4
99.433046,900.0,630.0,0.0,0.0,15,15,4
99.449442,900.0,630.0,0.0,0.0,16,15,4
99.720633,918.0,630.0,0.0,0.0,16,15,4
99.811535,918.0,630.0,0.0,0.0,16,16,4
99.855727,918.0,630.0,0.0,0.0,16,16,4
99.909785,918.0,144.0,486.0,0.0,16,16,4
99.95653,918.0,162.0,486.0,0.0,16,15,4
99.970251,918.0,162.0,486.0,0.0,15,15,4
99.99217,918.0,162.0,486.0,0.0,16,15,4
100.325637,936.0,162.0,486.0,0.0,16,15,4
100.417349,936.0,162.0,486.0,0.0,16,16,4
101.00061,936.0,162.0,0.0,486.0,16,16,4
101.053229,936.0,162.0,0.0,486.0,16,16,4
101.142703,918.0,162.0,0.0,468.0,16,16,4
101.173409,900.0,162.0,0.0,450.0,16,16,4
101.200303,882.0,162.0,0.0,432.0,16,16,4
101.231745,864.0,162.0,0.0,414.0,16,16,4
101.265109,846.0,162.0,0.0,396.0,16,16,4
101.292555,828.0,162.0,0.0,378.0,16,16,4
101.322621,810.0,162.0,0.0,360.0,16,16,4
101.351341,792.0,162.0,0.0,342.0,16,16,4
101.378732,774.0,162.0,0.0,324.0,16,16,4
101.405409,756.0,162.0,0.0,306.0,16,16,4
101.427724,738.0,162.0,0.0,288.0,16,16,4
101.450893,720.0,162.0,0.0,270.0,16,16,4
101.483747,720.0,180.0,0.0,270.0,16,15,4
101.499453,720.0,180.0,0.0,270.0,15,15,4
101.520959,720.0,180.0,0.0,270.0,16,15,4
101.55543,702.0,180.0,0.0,252.0,16,15,4
101.595012,702.0,198.0,0.0,252.0,16,14,4
101.611835,702.0,198.0,0.0,252.0,15,14,4
101.633792,702.0,198.0,0.0,252.0,16,14,4
101.664948,684.0,198.0,0.0,234.0,16,14,4
101.74467,666.0,198.0,0.0,216.0,16,14,4
101.927699,684.0,198.0,0.0,216.0,16,14,4
102.040768,684.0,198.0,0.0,216.0,16,15,4
102.063875,666.0,198.0,0.0,198.0,16,15,4
102.195452,684.0,198.0,0.0,198.0,16,15,4
102.256314,666.0,198.0,0.0,180.0,16,15,4
102.304546,666.0,198.0,0.0,180.0,16,16,4
102.322928,648.0,198.0,0.0,162.0,16,16,4
102.350312,630.0,198.0,0.0,144.0,16,16,4
102.37365,612.0,198.0,0.0,126.0,16,16,4
102.39657,594.0,198.0,0.0,108.0,16,16,4
102.420549,576.0,198.0,0.0,90.0,16,16,4
102.446176,558.0,198.0,0.0,72.0,16,16,4
102.469733,540.0,198.0,0.0,54.0,16,16,4
102.493341,522.0,198.0,0.0,36.0,16,16,4
102.517004,504.0,198.0,0.0,18.0,16,16,4
102.539775,486.0,198.0,0.0,0.0,16,16,4
102.550514,486.0,198.0,0.0,0.0,16,16,3
102.583099,486.0,198.0,0.0,0.0,16,16,4
102.609164,486.0,198.0,0.0,0.0,16,16,4
103.150451,486.0,216.0,0.0,0.0,16,15,4
103.165149,486.0,216.0,0.0,0.0,15,15,4
103.18578,486.0,216.0,0.0,0.0,16,15,4
103.673311,486.0,234.0,0.0,0.0,16,14,4
103.68731,486.0,234.0,0.0,0.0,15,14,4
103.708521,486.0,234.0,0.0,0.0,16,14,4
103.873146,486.0,252.0,0.0,0.0,16,13,4
103.887587,486.0,252.0,0.0,0.0,15,13,4
103.903337,486.0,252.0,0.0,0.0,16,13,4
104.251842,504.0,252.0,0.0,0.0,16,13,4
104.284285,504.0,252.0,0.0,0.0,16,14,4
104.428946,504.0,270.0,0.0,0.0,16,13,4
104.44312,504.0,270.0,0.0,0.0,15,13,4
104.46101,504.0,270.0,0.0,0.0,16,13,4
104.813801,522.0,270.0,0.0,0.0,16,13,4
104.841488,522.0,270.0,0.0,0.0,16,14,4
105.089089,522.0,288.0,0.0,0.0,16,13,4
105.10259,522.0,288.0,0.0,0.0,15,13,4
105.124224,522.0,288.0,0.0,0.0,16,13,4
105.500322,540.0,288.0,0.0,0.0,16,13,4
105.612435,558.0,288.0,0.0,0.0,16,13,4
105.649063,558.0,288.0,0.0,0.0,16,14,4
105.681003,558.0,288.0,0.0,0.0,16,15,4
106.187842,576.0,288.0,0.0,0.0,16,15,4
106.225217,576.0,288.0,0.0,0.0,16,16,4
106.27508,576.0,306.0,0.0,0.0,16,15,4
106.286689,576.0,306.0,0.0,0.0,15,15,4
106.303426,576.0,306.0,0.0,0.0,16,15,4
106.510744,576.0,324.0,0.0,0.0,16,14,4
106.524863,576.0,324.0,0.0,0.0,15,14,4
106.54167,576.0,324.0,0.0,0.0,16,14,4
106.580567,594.0,324.0,0.0,0.0,16,14,4
106.608718,594.0,324.0,0.0,0.0,16,15,4
106.770998,612.0,324.0,0.0,0.0,16,15,4
106.795831,612.0,324.0,0.0,0.0,16,16,4
106.882481,612.0,342.0,0.0,0.0,16,15,4
106.898518,612.0,342.0,0.0,0.0,15,15,4
106.920317,612.0,342.0,0.0,0.0,16,15,4
107.180062,630.0,342.0,0.0,0.0,16,15,4
107.210167,630.0,342.0,0.0,0.0,16,16,4
108.087379,630.0,360.0,0.0,0.0,16,15,4
108.102254,630.0,360.0,0.0,0.0,15,15,4
108.121726,630.0,360.0,0.0,0.0,16,15,4
108.538966,630.0,378.0,0.0,0.0,16,14,4
108.554541,630.0,378.0,0.0,0.0,15,14,4
108.575021,630.0,378.0,0.0,0.0,16,14,4
108.844297,648.0,378.0,0.0,0.0,16,14,4
108.871869,648.0,378.0,0.0,0.0,16,15,4
109.288335,648.0,396.0,0.0,0.0,16,14,4
109.315974,648.0,396.0,0.0,0.0,15,14,4
109.342022,648.0,396.0,0.0,0.0,16,14,4
109.382698,648.0,414.0,0.0,0.0,16,13,4
109.39429,648.0,414.0,0.0,0.0,15,13,4
109.409129,648.0,414.0,0.0,0.0,16,13,4
109.715162,666.0,414.0,0.0,0.0,16,13,4
109.743064,666.0,414.0,0.0,0.0,16,14,4
110.337682,684.0,414.0,0.0,0.0,16,14,4
110.378563,684.0,432.0,0.0,0.0,16,13,4
110.392712,684.0,432.0,0.0,0.0,15,13,4
110.41644,684.0,432.0,0.0,0.0,16,13,4
110.471044,684.0,432.0,0.0,0.0,16,14,4
110.729928,702.0,432.0,0.0,0.0,16,14,4
110.765085,702.0,432.0,0.0,0.0,16,15,4
111.024679,702.0,450.0,0.0,0.0,16,14,4
111.036272,702.0,450.0,0.0,0.0,15,14,4
111.056071,702.0,450.0,0.0,0.0,16,14,4
111.290355,720.0,450.0,0.0,0.0,16,14,4
111.316451,720.0,450.0,0.0,0.0,16,15,4
111.690225,720.0,468.0,0.0,0.0,16,14,4
111.704799,720.0,468.0,0.0,0.0,15,14,4
111.724954,720.0,468.0,0.0,0.0,16,14,4
111.995735,738.0,468.0,0.0,0.0,16,14,4
112.027582,738.0,468.0,0.0,0.0,16,15,4
112.280987,756.0,468.0,0.0,0.0,16,15,4
112.305353,756.0,486.0,0.0,0.0,16,14,4
112.320077,756.0,486.0,0.0,0.0,15,14,4
112.336794,756.0,486.0,0.0,0.0,16,14,4
112.378932,756.0,486.0,0.0,0.0,16,15,4
112.785217,774.0,486.0,0.0,0.0,16,15,4
112.815426,774.0,486.0,0.0,0.0,16,16,4
112.82805,774.0,504.0,0.0,0.0,16,15,4
112.840821,774.0,504.0,0.0,0.0,15,15,4
112.857175,774.0,504.0,0.0,0.0,16,15,4
112.946305,774.0,522.0,0.0,0.0,16,14,4
112.960078,774.0,522.0,0.0,0.0,15,14,4
112.979124,774.0,522.0,0.0,0.0,16,14,4
113.000679,774.0,540.0,0.0,0.0,16,13,4
113.010522,774.0,540.0,0.0,0.0,15,13,4
113.025436,774.0,540.0,0.0,0.0,16,13,4
113.154027,792.0,540.0,0.0,0.0,16,13,4
113.236341,792.0,540.0,0.0,0.0,16,14,4
113.279365,792.0,558.0,0.0,0.0,16,13,4
113.292657,792.0,558.0,0.0,0.0,15,13,4
113.307547,792.0,558.0,0.0,0.0,16,13,4
114.177286,810.0,558.0,0.0,0.0,16,13,4
114.264956,810.0,576.0,0.0,0.0,16,12,4
114.281519,810.0,576.0,0.0,0.0,15,12,4
114.308002,810.0,576.0,0.0,0.0,16,12,4
114.361613,828.0,576.0,0.0,0.0,16,12,4
114.415671,828.0,576.0,0.0,0.0,16,13,4
114.515863,828.0,576.0,0.0,0.0,16,14,4
114.69467,828.0,576.0,0.0,0.0,16,14,4
114.814732,828.0,576.0,0.0,0.0,16,14,4
114.876027,828.0,90.0,486.0,0.0,16,14,4
115.146267,846.0,90.0,486.0,0.0,16,14,4
115.178986,846.0,108.0,486.0,0.0,16,13,4
115.195989,846.0,108.0,486.0,0.0,15,13,4
115.220343,846.0,108.0,486.0,0.0,16,13,4
115.340104,846.0,108.0,486.0,0.0,16,14,4
115.573308,864.0,108.0,486.0,0.0,16,14,4
115.68293,864.0,108.0,486.0,0.0,16,15,4
115.98766,864.0,126.0,486.0,0.0,16,14,4
115.999544,864.0,126.0,486.0,0.0,15,14,4
116.014784,864.0,126.0,486.0,0.0,16,14,4
116.303265,882.0,126.0,486.0,0.0,16,14,4
116.334798,882.0,126.0,486.0,0.0,16,15,4
116.494708,882.0,144.0,486.0,0.0,16,14,4
116.507586,882.0,144.0,486.0,0.0,15,14,4
116.524758,882.0,144.0,486.0,0.0,16,14,4
116.632515,882.0,144.0,0.0,486.0,16,14,4
116.761998,900.0,144.0,0.0,486.0,16,14,4
116.958628,918.0,144.0,0.0,486.0,16,14,4
116.977964,918.0,162.0,0.0,486.0,16,13,4
116.990117,918.0,162.0,0.0,486.0,15,13,4
117.008777,918.0,162.0,0.0,486.0,16,13,4
117.071906,918.0,162.0,0.0,486.0,16,14,4
117.350498,936.0,162.0,0.0,486.0,16,14,4
117.422611,936.0,162.0,0.0,486.0,16,15,4
117.43721,936.0,162.0,0.0,486.0,16,16,4
117.461144,936.0,162.0,0.0,486.0,16,16,4
117.565288,918.0,162.0,0.0,468.0,16,16,4
117.602961,900.0,162.0,0.0,450.0,16,16,4
117.641632,882.0,162.0,0.0,432.0,16,16,4
117.671593,864.0,162.0,0.0,414.0,16,16,4
117.700302,846.0,162.0,0.0,396.0,16,16,4
117.72438,828.0,162.0,0.0,378.0,16,16,4
117.75355,810.0,162.0,0.0,360.0,16,16,4
117.761379,810.0,180.0,0.0,360.0,16,15,4
117.782832,810.0,180.0,0.0,360.0,15,15,4
117.801394,810.0,180.0,0.0,360.0,16,15,4
117.866213,792.0,180.0,0.0,342.0,16,15,4
117.892258,774.0,180.0,0.0,324.0,16,15,4
117.917408,756.0,180.0,0.0,306.0,16,15,4
117.940813,738.0,180.0,0.0,288.0,16,15,4
118.001362,720.0,180.0,0.0,270.0,16,15,4
118.118186,738.0,180.0,0.0,270.0,16,15,4
118.162362,738.0,180.0,0.0,270.0,16,16,4
118.227684,738.0,198.0,0.0,270.0,16,15,4
118.241448,738.0,198.0,0.0,270.0,15,15,4
118.258532,738.0,198.0,0.0,270.0,16,15,4
118.290034,720.0,198.0,0.0,252.0,16,15,4
118.329167,702.0,198.0,0.0,234.0,16,15,4
118.35358,684.0,198.0,0.0,216.0,16,15,4
118.378845,666.0,198.0,0.0,198.0,16,15,4
118.44919,648.0,198.0,0.0,180.0,16,15,4
118.565162,666.0,198.0,0.0,180.0,16,15,4
118.609977,666.0,216.0,0.0,180.0,16,14,4
118.62542,666.0,216.0,0.0,180.0,15,14,4
118.642019,666.0,216.0,0.0,180.0,16,14,4
118.67807,666.0,216.0,0.0,180.0,16,15,4
118.751505,648.0,216.0,0.0,162.0,16,15,4
118.807294,630.0,216.0,0.0,144.0,16,15,4
118.91337,648.0,216.0,0.0,144.0,16,15,4
118.976761,630.0,216.0,0.0,126.0,16,15,4
118.997644,630.0,216.0,0.0,126.0,16,16,4
119.034764,612.0,216.0,0.0,108.0,16,16,4
119.058754,594.0,216.0,0.0,90.0,16,16,4
119.082196,576.0,216.0,0.0,72.0,16,16,4
119.104738,558.0,216.0,0.0,54.0,16,16,4
119.132363,540.0,216.0,0.0,36.0,16,16,4
119.161787,522.0,216.0,0.0,18.0,16,16,4
119.18523,504.0,216.0,0.0,0.0,16,16,4
119.195666,504.0,216.0,0.0,0.0,16,16,3
119.231027,504.0,216.0,0.0,0.0,16,16,4
119.311255,504.0,234.0,0.0,0.0,16,15,4
119.323473,504.0,234.0,0.0,0.0,15,15,4
119.338649,504.0,234.0,0.0,0.0,16,15,4
119.390502,504.0,234.0,0.0,0.0,16,15,4
119.590682,522.0,234.0,0.0,0.0,16,15,4
119.622371,522.0,234.0,0.0,0.0,16,16,4
121.478107,522.0,252.0,0.0,0.0,16,15,4
121.490156,522.0,252.0,0.0,0.0,15,15,4
121.506965,522.0,252.0,0.0,0.0,16,15,4
121.539599,522.0,270.0,0.0,0.0,16,14,4
121.55629,522.0,270.0,0.0,0.0,15,14,4
121.575044,522.0,270.0,0.0,0.0,16,14,4
121.812528,540.0,270.0,0.0,0.0,16,14,4
121.85132,540.0,270.0,0.0,0.0,16,15,4
122.346702,558.0,270.0,0.0,0.0,16,15,4
122.37834,558.0,270.0,0.0,0.0,16,16,4
122.593161,558.0,288.0,0.0,0.0,16,15,4
122.610022,558.0,288.0,0.0,0.0,15,15,4
122.628301,558.0,288.0,0.0,0.0,16,15,4
123.916106,558.0,306.0,0.0,0.0,16,14,4
123.930104,558.0,306.0,0.0,0.0,15,14,4
123.94599,558.0,306.0,0.0,0.0,16,14,4
124.132954,576.0,306.0,0.0,0.0,16,14,4
124.338684,576.0,306.0,0.0,0.0,16,15,4
124.36072,594.0,306.0,0.0,0.0,16,15,4
124.39884,594.0,306.0,0.0,0.0,16,16,4
124.418494,594.0,324.0,0.0,0.0,16,15,4
124.433807,594.0,324.0,0.0,0.0,15,15,4
124.453193,594.0,324.0,0.0,0.0,16,15,4
124.565584,594.0,342.0,0.0,0.0,16,14,4
124.585473,594.0,342.0,0.0,0.0,15,14,4
124.605391,594.0,342.0,0.0,0.0,16,14,4
124.76741,612.0,342.0,0.0,0.0,16,14,4
124.911365,612.0,360.0,0.0,0.0,16,13,4
124.921496,612.0,360.0,0.0,0.0,15,13,4
124.934855,612.0,360.0,0.0,0.0,16,13,4
124.968164,630.0,360.0,0.0,0.0,16,13,4
125.029198,630.0,360.0,0.0,0.0,16,14,4
125.05653,630.0,360.0,0.0,0.0,16,15,4
125.205837,648.0,360.0,0.0,0.0,16,15,4
125.238045,648.0,360.0,0.0,0.0,16,16,4
125.306125,648.0,378.0,0.0,0.0,16,15,4
125.326191,648.0,378.0,0.0,0.0,15,15,4
125.35038,648.0,378.0,0.0,0.0,16,15,4
126.588701,666.0,378.0,0.0,0.0,16,15,4
126.632906,666.0,378.0,0.0,0.0,16,16,4
126.64555,666.0,396.0,0.0,0.0,16,15,4
126.656186,666.0,396.0,0.0,0.0,15,15,4
126.672487,666.0,396.0,0.0,0.0,16,15,4
126.948633,666.0,414.0,0.0,0.0,16,14,4
126.964172,666.0,414.0,0.0,0.0,15,14,4
126.986004,666.0,414.0,0.0,0.0,16,14,4
127.02305,684.0,414.0,0.0,0.0,16,14,4
127.07147,684.0,414.0,0.0,0.0,16,15,4
127.175604,684.0,432.0,0.0,0.0,16,14,4
127.190758,684.0,432.0,0.0,0.0,15,14,4
127.209354,684.0,432.0,0.0,0.0,16,14,4
127.359541,702.0,432.0,0.0,0.0,16,14,4
127.527415,720.0,432.0,0.0,0.0,16,14,4
127.577858,720.0,432.0,0.0,0.0,16,15,4
127.598047,720.0,432.0,0.0,0.0,16,16,4
128.131576,720.0,450.0,0.0,0.0,16,15,4
128.145132,720.0,450.0,0.0,0.0,15,15,4
128.160775,720.0,450.0,0.0,0.0,16,15,4
128.405157,738.0,450.0,0.0,0.0,16,15,4
128.442573,738.0,450.0,0.0,0.0,16,16,4
128.457472,738.0,468.0,0.0,0.0,16,15,4
128.471002,738.0,468.0,0.0,0.0,15,15,4
128.487992,738.0,468.0,0.0,0.0,16,15,4
128.762416,756.0,468.0,0.0,0.0,16,15,4
128.789588,756.0,468.0,0.0,0.0,16,16,4
129.39819,756.0,486.0,0.0,0.0,16,15,4
129.419406,756.0,486.0,0.0,0.0,15,15,4
129.482127,756.0,486.0,0.0,0.0,16,15,4
129.545535,756.0,504.0,0.0,0.0,16,14,4
129.565328,756.0,504.0,0.0,0.0,15,14,4
129.590617,756.0,504.0,0.0,0.0,16,14,4
129.974014,774.0,504.0,0.0,0.0,16,14,4
130.020321,774.0,504.0,0.0,0.0,16,15,4
130.744179,774.0,522.0,0.0,0.0,16,14,4
130.760297,774.0,522.0,0.0,0.0,15,14,4
130.779056,774.0,522.0,0.0,0.0,16,14,4
130.971178,774.0,540.0,0.0,0.0,16,13,4
130.985011,774.0,540.0,0.0,0.0,15,13,4
131.00165,774.0,540.0,0.0,0.0,16,13,4
131.220809,792.0,540.0,0.0,0.0,16,13,4
131.24941,792.0,540.0,0.0,0.0,16,14,4
131.893371,792.0,558.0,0.0,0.0,16,13,4
131.917163,792.0,558.0,0.0,0.0,15,13,4
131.937671,792.0,558.0,0.0,0.0,16,13,4
132.360905,792.0,576.0,0.0,0.0,16,12,4
132.37568,792.0,576.0,0.0,0.0,15,12,4
132.392119,792.0,576.0,0.0,0.0,16,12,4
132.426651,810.0,576.0,0.0,0.0,16,12,4
132.490233,810.0,576.0,0.0,0.0,16,13,4
132.512245,810.0,594.0,0.0,0.0,16,12,4
132.525871,810.0,594.0,0.0,0.0,15,12,4
132.541277,810.0,594.0,0.0,0.0,16,12,4
132.679102,828.0,594.0,0.0,0.0,16,12,4
132.820068,846.0,594.0,0.0,0.0,16,12,4
132.876265,846.0,594.0,0.0,0.0,16,13,4
132.88657,846.0,594.0,0.0,0.0,16,14,4
132.932738,846.0,612.0,0.0,0.0,16,13,4
132.945294,846.0,612.0,0.0,0.0,15,13,4
132.967446,846.0,612.0,0.0,0.0,16,13,4
133.199751,864.0,612.0,0.0,0.0,16,13,4
133.351832,864.0,612.0,0.0,0.0,16,14,4
134.095015,882.0,612.0,0.0,0.0,16,14,4
134.158374,882.0,630.0,0.0,0.0,16,13,4
134.177542,882.0,630.0,0.0,0.0,15,13,4
134.199292,882.0,630.0,0.0,0.0,16,13,4
134.242419,882.0,630.0,0.0,0.0,16,14,4
135.558867,900.0,630.0,0.0,0.0,16,14,4
135.5795,900.0,648.0,0.0,0.0,16,13,4
135.594066,900.0,648.0,0.0,0.0,15,13,4
135.612775,900.0,648.0,0.0,0.0,16,13,4
135.644819,900.0,666.0,0.0,0.0,16,12,4
135.6605,900.0,666.0,0.0,0.0,15,12,4
135.674904,900.0,666.0,0.0,0.0,16,12,4
135.962621,900.0,666.0,0.0,0.0,16,13,4
136.019143,918.0,666.0,0.0,0.0,16,13,4
136.171116,936.0,666.0,0.0,0.0,16,13,4
136.334482,954.0,666.0,0.0,0.0,16,13,4
136.432676,954.0,666.0,0.0,0.0,16,14,4
136.469378,954.0,666.0,0.0,0.0,16,15,4
136.510042,954.0,666.0,0.0,0.0,16,16,4
137.290595,954.0,684.0,0.0,0.0,16,15,4
137.307038,954.0,684.0,0.0,0.0,15,15,4
137.327345,954.0,684.0,0.0,0.0,16,15,4
137.658568,972.0,684.0,0.0,0.0,16,15,4
137.696639,972.0,684.0,0.0,0.0,16,16,4
138.143644,972.0,702.0,0.0,0.0,16,15,4
138.156056,972.0,702.0,0.0,0.0,15,15,4
138.171576,972.0,702.0,0.0,0.0,16,15,4
138.287088,972.0,720.0,0.0,0.0,16,14,4
138.302411,972.0,720.0,0.0,0.0,15,14,4
138.317415,972.0,720.0,0.0,0.0,16,14,4
138.470403,972.0,738.0,0.0,0.0,16,13,4
138.490278,972.0,738.0,0.0,0.0,15,13,4
138.525519,972.0,738.0,0.0,0.0,16,13,4
138.570603,972.0,756.0,0.0,0.0,16,12,4
138.584672,972.0,756.0,0.0,0.0,15,12,4
138.601349,972.0,756.0,0.0,0.0,16,12,4
138.630466,990.0,756.0,0.0,0.0,16,12,4
138.890471,1008.0,756.0,0.0,0.0,16,12,4
138.924811,1008.0,756.0,0.0,0.0,16,13,4
139.020357,1008.0,756.0,0.0,0.0,16,14,4
139.250523,1026.0,756.0,0.0,0.0,16,14,4
139.489315,1026.0,774.0,0.0,0.0,16,13,4
139.500896,1026.0,774.0,0.0,0.0,15,13,4
139.516575,1026.0,774.0,0.0,0.0,16,13,4
139.577088,1026.0,774.0,0.0,0.0,16,14,4
139.603045,1044.0,774.0,0.0,0.0,16,14,4
139.633186,1044.0,774.0,0.0,0.0,16,15,4
139.751784,1062.0,774.0,0.0,0.0,16,15,4
139.790142,1062.0,774.0,0.0,0.0,16,16,4
140.522878,1062.0,792.0,0.0,0.0,16,15,4
140.541842,1062.0,792.0,0.0,0.0,15,15,4
140.563958,1062.0,792.0,0.0,0.0,16,15,4
140.900217,1080.0,792.0,0.0,0.0,16,15,4
140.943524,1080.0,792.0,0.0,0.0,16,16,4
140.966763,1080.0,810.0,0.0,0.0,16,15,4
140.982531,1080.0,810.0,0.0,0.0,15,15,4
141.009137,1080.0,810.0,0.0,0.0,16,15,4
141.1814,1080.0,828.0,0.0,0.0,16,14,4
141.204081,1080.0,828.0,0.0,0.0,15,14,4
141.234192,1080.0,828.0,0.0,0.0,16,14,4
141.518471,1098.0,828.0,0.0,0.0,16,14,4
141.756311,1116.0,828.0,0.0,0.0,16,14,4
141.886136,1116.0,828.0,0.0,0.0,16,15,4
141.903535,1116.0,828.0,0.0,0.0,16,16,4
142.042115,1116.0,828.0,0.0,0.0,16,16,4
142.320519,1116.0,846.0,0.0,0.0,16,15,4
142.337023,1116.0,846.0,0.0,0.0,15,15,4
142.372346,1116.0,846.0,0.0,0.0,16,15,4
142.43431,1116.0,864.0,0.0,0.0,16,14,4
142.451086,1116.0,864.0,0.0,0.0,15,14,4
142.469759,1116.0,864.0,0.0,0.0,16,14,4
142.739311,1116.0,882.0,0.0,0.0,16,13,4
142.750582,1116.0,882.0,0.0,0.0,15,13,4
142.765912,1116.0,882.0,0.0,0.0,16,13,4
142.798016,1134.0,882.0,0.0,0.0,16,13,4
142.920977,1152.0,882.0,0.0,0.0,16,13,4
142.986008,1152.0,882.0,0.0,0.0,16,14,4
143.024796,1152.0,882.0,0.0,0.0,16,15,4
143.126964,1152.0,900.0,0.0,0.0,16,14,4
143.144838,1152.0,900.0,0.0,0.0,15,14,4
143.166957,1152.0,900.0,0.0,0.0,16,14,4
143.334046,1152.0,900.0,0.0,0.0,16,14,4
143.417687,1152.0,414.0,486.0,0.0,16,14,4
144.509044,1152.0,414.0,0.0,486.0,16,14,4
144.590552,1152.0,414.0,0.0,486.0,16,14,4
144.699193,1134.0,414.0,0.0,468.0,16,14,4
144.736094,1116.0,414.0,0.0,450.0,16,14,4
144.773884,1098.0,414.0,0.0,432.0,16,14,4
144.806882,1080.0,414.0,0.0,414.0,16,14,4
144.841319,1062.0,414.0,0.0,396.0,16,14,4
144.871392,1044.0,414.0,0.0,378.0,16,14,4
144.899974,1026.0,414.0,0.0,360.0,16,14,4
144.935614,1026.0,432.0,0.0,360.0,16,13,4
144.950262,1026.0,432.0,0.0,360.0,15,13,4
144.969372,1026.0,432.0,0.0,360.0,16,13,4
144.995905,1008.0,432.0,0.0,342.0,16,13,4
145.031333,990.0,432.0,0.0,324.0,16,13,4
145.063568,972.0,432.0,0.0,306.0,16,13,4
145.292244,972.0,450.0,0.0,306.0,16,12,4
145.304277,972.0,450.0,0.0,306.0,15,12,4
145.324509,972.0,450.0,0.0,306.0,16,12,4
145.357344,990.0,450.0,0.0,306.0,16,12,4
145.525615,972.0,450.0,0.0,288.0,16,12,4
145.69932,972.0,468.0,0.0,288.0,16,11,4
145.715168,972.0,468.0,0.0,288.0,15,11,4
145.737784,972.0,468.0,0.0,288.0,16,11,4
145.773827,990.0,468.0,0.0,288.0,16,11,4
145.796596,990.0,486.0,0.0,288.0,16,10,4
145.80998,990.0,486.0,0.0,288.0,15,10,4
145.834712,990.0,486.0,0.0,288.0,16,10,4
145.869831,990.0,486.0,0.0,288.0,16,11,4
146.030522,1008.0,486.0,0.0,288.0,16,11,4
146.168543,1026.0,486.0,0.0,288.0,16,11,4
146.238898,1026.0,486.0,0.0,288.0,16,12,4
146.284024,1026.0,486.0,0.0,288.0,16,13,4
146.294189,1008.0,486.0,0.0,270.0,16,13,4
146.319373,1008.0,504.0,0.0,270.0,16,12,4
146.331991,1008.0,504.0,0.0,270.0,15,12,4
146.346178,1008.0,504.0,0.0,270.0,16,12,4
146.598306,1026.0,504.0,0.0,270.0,16,12,4
146.690766,1026.0,504.0,0.0,270.0,16,13,4
146.703116,1008.0,504.0,0.0,252.0,16,13,4
146.801654,1026.0,504.0,0.0,252.0,16,13,4
146.882977,1008.0,504.0,0.0,234.0,16,13,4
147.004505,990.0,504.0,0.0,216.0,16,13,4
147.121807,972.0,504.0,0.0,198.0,16,13,4
147.184889,972.0,504.0,0.0,198.0,16,14,4
147.222995,972.0,504.0,0.0,198.0,16,15,4
147.27018,954.0,504.0,0.0,180.0,16,15,4
147.306545,936.0,504.0,0.0,162.0,16,15,4
147.355555,918.0,504.0,0.0,144.0,16,15,4
147.384794,900.0,504.0,0.0,126.0,16,15,4
147.425793,882.0,504.0,0.0,108.0,16,15,4
147.464191,864.0,504.0,0.0,90.0,16,15,4
147.497412,846.0,504.0,0.0,72.0,16,15,4
147.547707,828.0,504.0,0.0,54.0,16,15,4
147.99331,828.0,522.0,0.0,54.0,16,14,4
148.009822,828.0,522.0,0.0,54.0,15,14,4
148.038139,828.0,522.0,0.0,54.0,16,14,4
148.286452,828.0,540.0,0.0,54.0,16,13,4
148.300817,828.0,540.0,0.0,54.0,15,13,4
148.31753,828.0,540.0,0.0,54.0,16,13,4
148.450247,828.0,558.0,0.0,54.0,16,12,4
148.466241,828.0,558.0,0.0,54.0,15,12,4
148.49052,828.0,558.0,0.0,54.0,16,12,4
148.518755,810.0,558.0,0.0,36.0,16,12,4
148.664996,828.0,558.0,0.0,36.0,16,12,4
148.855196,846.0,558.0,0.0,36.0,16,12,4
149.092906,846.0,576.0,0.0,36.0,16,11,4
149.108919,846.0,576.0,0.0,36.0,15,11,4
149.131021,846.0,576.0,0.0,36.0,16,11,4
149.363649,846.0,576.0,0.0,36.0,16,12,4
149.454603,864.0,576.0,0.0,36.0,16,12,4
149.682801,882.0,576.0,0.0,36.0,16,12,4
149.869086,900.0,576.0,0.0,36.0,16,12,4
150.079278,900.0,576.0,0.0,36.0,16,13,4
150.130916,882.0,576.0,0.0,18.0,16,13,4
150.167304,882.0,576.0,0.0,18.0,16,14,4
150.235885,864.0,576.0,0.0,0.0,16,14,4
150.256591,864.0,576.0,0.0,0.0,16,14,3
150.30412,864.0,576.0,0.0,0.0,16,14,4
150.342684,864.0,576.0,0.0,0.0,16,15,4
150.390675,864.0,576.0,0.0,0.0,16,16,4
150.427563,864.0,576.0,0.0,0.0,16,16,4
150.604366,864.0,576.0,0.0,0.0,16,16,4
150.630886,864.0,594.0,0.0,0.0,16,15,4
150.644033,864.0,594.0,0.0,0.0,15,15,4
150.660038,864.0,594.0,0.0,0.0,16,15,4
150.977892,864.0,612.0,0.0,0.0,16,14,4
150.988418,864.0,612.0,0.0,0.0,15,14,4
151.007052,864.0,612.0,0.0,0.0,16,14,4
151.03724,882.0,612.0,0.0,0.0,16,14,4
151.065083,882.0,612.0,0.0,0.0,16,15,4
151.279799,900.0,612.0,0.0,0.0,16,15,4
151.304145,900.0,612.0,0.0,0.0,16,16,4
151.450948,900.0,612.0,0.0,0.0,16,16,4
151.491471,900.0,126.0,486.0,0.0,16,16,4
152.227297,900.0,126.0,0.0,486.0,16,16,4
152.282714,900.0,126.0,0.0,486.0,16,16,4
152.341261,882.0,126.0,0.0,468.0,16,16,4
152.369941,864.0,126.0,0.0,450.0,16,16,4
152.395954,846.0,126.0,0.0,432.0,16,16,4
152.419365,828.0,126.0,0.0,414.0,16,16,4
152.443242,810.0,126.0,0.0,396.0,16,16,4
152.46853,792.0,126.0,0.0,378.0,16,16,4
152.49122,774.0,126.0,0.0,360.0,16,16,4
152.512536,756.0,126.0,0.0,342.0,16,16,4
152.536836,738.0,126.0,0.0,324.0,16,16,4
152.557452,720.0,126.0,0.0,306.0,16,16,4
152.578029,702.0,126.0,0.0,288.0,16,16,4
152.602299,684.0,126.0,0.0,270.0,16,16,4
152.624035,666.0,126.0,0.0,252.0,16,16,4
152.644881,648.0,126.0,0.0,234.0,16,16,4
152.666093,630.0,126.0,0.0,216.0,16,16,4
152.688891,612.0,126.0,0.0,198.0,16,16,4
152.710734,594.0,126.0,0.0,180.0,16,16,4
152.732964,576.0,126.0,0.0,162.0,16,16,4
152.756568,558.0,126.0,0.0,144.0,16,16,4
152.778994,540.0,126.0,0.0,126.0,16,16,4
152.801674,522.0,126.0,0.0,108.0,16,16,4
152.826284,504.0,126.0,0.0,90.0,16,16,4
152.848218,486.0,126.0,0.0,72.0,16,16,4
152.871551,468.0,126.0,0.0,54.0,16,16,4
152.893677,450.0,126.0,0.0,36.0,16,16,4
152.917945,432.0,126.0,0.0,18.0,16,16,4
152.938696,432.0,144.0,0.0,18.0,16,15,4
152.956729,432.0,144.0,0.0,18.0,15,15,4
152.983667,432.0,144.0,0.0,18.0,16,15,4
153.050621,414.0,144.0,0.0,0.0,16,15,4
153.061972,414.0,144.0,0.0,0.0,16,15,3
153.09481,414.0,144.0,0.0,0.0,16,15,4
153.137612,414.0,144.0,0.0,0.0,16,15,4
153.411275,432.0,144.0,0.0,0.0,16,15,4
153.444047,432.0,144.0,0.0,0.0,16,16,4
153.886156,432.0,162.0,0.0,0.0,16,15,4
153.896371,432.0,162.0,0.0,0.0,15,15,4
153.914747,432.0,162.0,0.0,0.0,16,15,4
154.230142,450.0,162.0,0.0,0.0,16,15,4
154.2811,450.0,162.0,0.0,0.0,16,16,4
155.490403,450.0,180.0,0.0,0.0,16,15,4
155.504189,450.0,180.0,0.0,0.0,15,15,4
155.520781,450.0,180.0,0.0,0.0,16,15,4
155.775366,468.0,180.0,0.0,0.0,16,15,4
155.80758,468.0,180.0,0.0,0.0,16,16,4
156.159898,468.0,198.0,0.0,0.0,16,15,4
156.174663,468.0,198.0,0.0,0.0,15,15,4
156.193926,468.0,198.0,0.0,0.0,16,15,4
156.960983,468.0,216.0,0.0,0.0,16,14,4
156.975748,468.0,216.0,0.0,0.0,15,14,4
156.993894,468.0,216.0,0.0,0.0,16,14,4
157.026611,468.0,234.0,0.0,0.0,16,13,4
157.04125,468.0,234.0,0.0,0.0,15,13,4
157.061289,468.0,234.0,0.0,0.0,16,13,4
157.096127,486.0,234.0,0.0,0.0,16,13,4
157.132142,486.0,234.0,0.0,0.0,16,14,4
158.281475,504.0,234.0,0.0,0.0,16,14,4
158.305013,504.0,234.0,0.0,0.0,16,15,4
158.376648,504.0,252.0,0.0,0.0,16,14,4
158.388509,504.0,252.0,0.0,0.0,15,14,4
158.401058,504.0,252.0,0.0,0.0,16,14,4
158.6572,522.0,252.0,0.0,0.0,16,14,4
158.692276,522.0,252.0,0.0,0.0,16,15,4
159.944511,522.0,270.0,0.0,0.0,16,14,4
159.964516,522.0,270.0,0.0,0.0,15,14,4
159.994956,522.0,270.0,0.0,0.0,16,14,4
160.035112,522.0,288.0,0.0,0.0,16,13,4
160.052831,522.0,288.0,0.0,0.0,15,13,4
160.072688,522.0,288.0,0.0,0.0,16,13,4
160.104723,540.0,288.0,0.0,0.0,16,13,4
160.13921,540.0,288.0,0.0,0.0,16,14,4
160.423062,558.0,288.0,0.0,0.0,16,14,4
160.560048,558.0,288.0,0.0,0.0,16,15,4
160.815707,558.0,306.0,0.0,0.0,16,14,4
160.836864,558.0,306.0,0.0,0.0,15,14,4
160.863343,558.0,306.0,0.0,0.0,16,14,4
160.894503,558.0,324.0,0.0,0.0,16,13,4
160.90974,558.0,324.0,0.0,0.0,15,13,4
160.928259,558.0,324.0,0.0,0.0,16,13,4
161.435122,576.0,324.0,0.0,0.0,16,13,4
161.47304,576.0,324.0,0.0,0.0,16,14,4
161.524444,576.0,342.0,0.0,0.0,16,13,4
161.540662,576.0,342.0,0.0,0.0,15,13,4
161.557945,576.0,342.0,0.0,0.0,16,13,4
161.751236,576.0,360.0,0.0,0.0,16,12,4
161.766653,576.0,360.0,0.0,0.0,15,12,4
161.787396,576.0,360.0,0.0,0.0,16,12,4
162.026059,594.0,360.0,0.0,0.0,16,12,4
162.060643,594.0,360.0,0.0,0.0,16,13,4
163.202213,612.0,360.0,0.0,0.0,16,13,4
163.236752,612.0,360.0,0.0,0.0,16,14,4
163.318797,612.0,378.0,0.0,0.0,16,13,4
163.331155,612.0,378.0,0.0,0.0,15,13,4
163.348963,612.0,378.0,0.0,0.0,16,13,4
163.729939,630.0,378.0,0.0,0.0,16,13,4
163.931426,630.0,396.0,0.0,0.0,16,12,4
163.94467,630.0,396.0,0.0,0.0,15,12,4
163.96177,630.0,396.0,0.0,0.0,16,12,4
164.005909,630.0,414.0,0.0,0.0,16,11,4
164.022394,630.0,414.0,0.0,0.0,15,11,4
164.039541,630.0,414.0,0.0,0.0,16,11,4
164.08629,648.0,414.0,0.0,0.0,16,11,4
164.227031,666.0,414.0,0.0,0.0,16,11,4
164.458342,684.0,414.0,0.0,0.0,16,11,4
164.561374,684.0,414.0,0.0,0.0,16,12,4
164.595403,684.0,414.0,0.0,0.0,16,13,4
164.629592,684.0,414.0,0.0,0.0,16,14,4
164.64223,684.0,414.0,0.0,0.0,16,15,4
164.851305,684.0,432.0,0.0,0.0,16,14,4
164.861111,684.0,432.0,0.0,0.0,15,14,4
164.87599,684.0,432.0,0.0,0.0,16,14,4
165.260209,684.0,450.0,0.0,0.0,16,13,4
165.2726,684.0,450.0,0.0,0.0,15,13,4
165.288212,684.0,450.0,0.0,0.0,16,13,4
165.527345,702.0,450.0,0.0,0.0,16,13,4
165.57027,702.0,450.0,0.0,0.0,16,14,4
166.198706,720.0,450.0,0.0,0.0,16,14,4
166.241416,720.0,450.0,0.0,0.0,16,15,4
166.298779,720.0,468.0,0.0,0.0,16,14,4
166.308299,720.0,468.0,0.0,0.0,15,14,4
166.323145,720.0,468.0,0.0,0.0,16,14,4
166.576282,720.0,486.0,0.0,0.0,16,13,4
166.591761,720.0,486.0,0.0,0.0,15,13,4
166.611212,720.0,486.0,0.0,0.0,16,13,4
166.85771,738.0,486.0,0.0,0.0,16,13,4
166.893178,738.0,486.0,0.0,0.0,16,14,4
167.130089,756.0,486.0,0.0,0.0,16,14,4
167.155839,756.0,486.0,0.0,0.0,16,15,4
167.384174,756.0,504.0,0.0,0.0,16,14,4
167.398757,756.0,504.0,0.0,0.0,15,14,4
167.416672,756.0,504.0,0.0,0.0,16,14,4
167.642918,774.0,504.0,0.0,0.0,16,14,4
167.67455,774.0,504.0,0.0,0.0,16,15,4
168.144509,774.0,522.0,0.0,0.0,16,14,4
168.158708,774.0,522.0,0.0,0.0,15,14,4
168.176231,774.0,522.0,0.0,0.0,16,14,4
168.484646,792.0,522.0,0.0,0.0,16,14,4
168.650519,792.0,522.0,0.0,0.0,16,15,4
168.675012,810.0,522.0,0.0,0.0,16,15,4
168.691476,810.0,540.0,0.0,0.0,16,14,4
168.706636,810.0,540.0,0.0,0.0,15,14,4
168.730314,810.0,540.0,0.0,0.0,16,14,4
168.784814,810.0,540.0,0.0,0.0,16,15,4
168.957742,828.0,540.0,0.0,0.0,16,15,4
169.044016,828.0,540.0,0.0,0.0,16,16,4
169.060013,828.0,558.0,0.0,0.0,16,15,4
169.075818,828.0,558.0,0.0,0.0,15,15,4
169.094863,828.0,558.0,0.0,0.0,16,15,4
169.350957,846.0,558.0,0.0,0.0,16,15,4
169.383818,846.0,558.0,0.0,0.0,16,16,4
169.831509,846.0,576.0,0.0,0.0,16,15,4
169.845057,846.0,576.0,0.0,0.0,15,15,4
169.866974,846.0,576.0,0.0,0.0,16,15,4
170.149318,864.0,576.0,0.0,0.0,16,15,4
170.178826,864.0,576.0,0.0,0.0,16,16,4
170.896705,864.0,594.0,0.0,0.0,16,15,4
170.909104,864.0,594.0,0.0,0.0,15,15,4
170.924039,864.0,594.0,0.0,0.0,16,15,4
171.461016,864.0,612.0,0.0,0.0,16,14,4
171.47495,864.0,612.0,0.0,0.0,15,14,4
171.490552,864.0,612.0,0.0,0.0,16,14,4
171.776148,864.0,630.0,0.0,0.0,16,13,4
171.789571,864.0,630.0,0.0,0.0,15,13,4
171.81013,864.0,630.0,0.0,0.0,16,13,4
171.842918,882.0,630.0,0.0,0.0,16,13,4
171.871582,882.0,630.0,0.0,0.0,16,14,4
172.057208,900.0,630.0,0.0,0.0,16,14,4
172.083487,900.0,630.0,0.0,0.0,16,15,4
173.29469,918.0,630.0,0.0,0.0,16,15,4
173.321019,918.0,630.0,0.0,0.0,16,16,4
173.48435,918.0,648.0,0.0,0.0,16,15,4
173.498044,918.0,648.0,0.0,0.0,15,15,4
173.513229,918.0,648.0,0.0,0.0,16,15,4
173.535468,918.0,666.0,0.0,0.0,16,14,4
173.546836,918.0,666.0,0.0,0.0,15,14,4
173.560321,918.0,666.0,0.0,0.0,16,14,4
173.774415,936.0,666.0,0.0,0.0,16,14,4
173.898659,954.0,666.0,0.0,0.0,16,14,4
173.949414,954.0,666.0,0.0,0.0,16,15,4
173.97198,954.0,666.0,0.0,0.0,16,16,4
174.156598,954.0,684.0,0.0,0.0,16,15,4
174.16799,954.0,684.0,0.0,0.0,15,15,4
174.180338,954.0,684.0,0.0,0.0,16,15,4
174.462607,972.0,684.0,0.0,0.0,16,15,4
174.485907,972.0,684.0,0.0,0.0,16,16,4
175.539553,972.0,702.0,0.0,0.0,16,15,4
175.550232,972.0,702.0,0.0,0.0,15,15,4
175.565106,972.0,702.0,0.0,0.0,16,15,4
175.796088,972.0,720.0,0.0,0.0,16,14,4
175.810292,972.0,720.0,0.0,0.0,15,14,4
175.827851,972.0,720.0,0.0,0.0,16,14,4
175.858783,990.0,720.0,0.0,0.0,16,14,4
175.992521,990.0,720.0,0.0,0.0,16,15,4
176.138351,1008.0,720.0,0.0,0.0,16,15,4
176.174939,1008.0,720.0,0.0,0.0,16,16,4
176.536329,1008.0,738.0,0.0,0.0,16,15,4
176.546661,1008.0,738.0,0.0,0.0,15,15,4
176.561271,1008.0,738.0,0.0,0.0,16,15,4
176.765755,1026.0,738.0,0.0,0.0,16,15,4
176.814384,1026.0,738.0,0.0,0.0,16,16,4
177.339994,1026.0,756.0,0.0,0.0,16,15,4
177.354692,1026.0,756.0,0.0,0.0,15,15,4
177.371289,1026.0,756.0,0.0,0.0,16,15,4
177.404768,1026.0,774.0,0.0,0.0,16,14,4
177.420756,1026.0,774.0,0.0,0.0,15,14,4
177.444202,1026.0,774.0,0.0,0.0,16,14,4
177.644869,1044.0,774.0,0.0,0.0,16,14,4
177.80938,1044.0,792.0,0.0,0.0,16,13,4
177.82202,1044.0,792.0,0.0,0.0,15,13,4
177.842971,1044.0,792.0,0.0,0.0,16,13,4
177.873772,1062.0,792.0,0.0,0.0,16,13,4
177.937412,1062.0,792.0,0.0,0.0,16,14,4
178.165015,1062.0,792.0,0.0,0.0,16,15,4
178.29947,1080.0,792.0,0.0,0.0,16,15,4
178.327402,1080.0,792.0,0.0,0.0,16,16,4
178.602885,1080.0,792.0,0.0,0.0,16,16,4
178.652022,1080.0,810.0,0.0,0.0,16,15,4
178.664962,1080.0,810.0,0.0,0.0,15,15,4
178.681162,1080.0,810.0,0.0,0.0,16,15,4
179.088702,1080.0,810.0,0.0,0.0,16,15,4
179.162887,1080.0,324.0,486.0,0.0,16,15,4
179.937753,1080.0,324.0,0.0,486.0,16,15,4
179.997184,1080.0,324.0,0.0,486.0,16,15,4
180.082638,1062.0,324.0,0.0,468.0,16,15,4
180.112389,1044.0,324.0,0.0,450.0,16,15,4
180.141425,1026.0,324.0,0.0,432.0,16,15,4
180.165142,1008.0,324.0,0.0,414.0,16,15,4
180.188186,990.0,324.0,0.0,396.0,16,15,4
180.210339,972.0,324.0,0.0,378.0,16,15,4
180.237431,954.0,324.0,0.0,360.0,16,15,4
180.259325,936.0,324.0,0.0,342.0,16,15,4
180.283845,918.0,324.0,0.0,324.0,16,15,4
180.311891,900.0,324.0,0.0,306.0,16,15,4
180.339119,882.0,324.0,0.0,288.0,16,15,4
180.363174,864.0,324.0,0.0,270.0,16,15,4
180.389374,846.0,324.0,0.0,252.0,16,15,4
180.41191,828.0,324.0,0.0,234.0,16,15,4
180.435785,810.0,324.0,0.0,216.0,16,15,4
180.458106,792.0,324.0,0.0,198.0,16,15,4
180.481596,774.0,324.0,0.0,180.0,16,15,4
180.503682,756.0,324.0,0.0,162.0,16,15,4
180.523964,738.0,324.0,0.0,144.0,16,15,4
180.547317,720.0,324.0,0.0,126.0,16,15,4
180.568953,702.0,324.0,0.0,108.0,16,15,4
180.589726,684.0,324.0,0.0,90.0,16,15,4
180.619461,666.0,324.0,0.0,72.0,16,15,4
180.64779,648.0,324.0,0.0,54.0,16,15,4
180.672446,630.0,324.0,0.0,36.0,16,15,4
180.696883,630.0,342.0,0.0,36.0,16,14,4
180.710887,630.0,342.0,0.0,36.0,15,14,4
180.723178,630.0,342.0,0.0,36.0,16,14,4
180.750923,612.0,342.0,0.0,18.0,16,14,4
180.78173,594.0,342.0,0.0,0.0,16,14,4
180.792766,594.0,342.0,0.0,0.0,16,14,3
180.814886,594.0,360.0,0.0,0.0,16,13,3
180.829633,594.0,360.0,0.0,0.0,15,13,3
180.849911,594.0,360.0,0.0,0.0,16,13,3
180.899517,594.0,360.0,0.0,0.0,16,13,4
181.042583,594.0,378.0,0.0,0.0,16,12,4
181.063459,594.0,378.0,0.0,0.0,15,12,4
181.088537,594.0,378.0,0.0,0.0,16,12,4
181.219689,594.0,396.0,0.0,0.0,16,11,4
181.234222,594.0,396.0,0.0,0.0,15,11,4
181.249728,594.0,396.0,0.0,0.0,16,11,4
181.376364,612.0,396.0,0.0,0.0,16,11,4
181.501542,612.0,396.0,0.0,0.0,16,11,4
181.656692,612.0,396.0,0.0,0.0,16,12,4
181.963065,630.0,396.0,0.0,0.0,16,12,4
182.161698,648.0,396.0,0.0,0.0,16,12,4
182.370969,648.0,396.0,0.0,0.0,16,13,4
182.38502,648.0,414.0,0.0,0.0,16,12,4
182.397659,648.0,414.0,0.0,0.0,15,12,4
182.415306,648.0,414.0,0.0,0.0,16,12,4
182.443685,648.0,414.0,0.0,0.0,16,13,4
182.472995,666.0,414.0,0.0,0.0,16,13,4
182.506473,666.0,414.0,0.0,0.0,16,14,4
182.663563,684.0,414.0,0.0,0.0,16,14,4
182.691606,684.0,414.0,0.0,0.0,16,15,4
183.312584,684.0,432.0,0.0,0.0,16,14,4
183.327167,684.0,432.0,0.0,0.0,15,14,4
183.345563,684.0,432.0,0.0,0.0,16,14,4
183.571646,684.0,450.0,0.0,0.0,16,13,4
183.584517,684.0,450.0,0.0,0.0,15,13,4
183.60346,684.0,450.0,0.0,0.0,16,13,4
183.639303,702.0,450.0,0.0,0.0,16,13,4
183.677445,702.0,450.0,0.0,0.0,16,14,4
183.962128,720.0,450.0,0.0,0.0,16,14,4
183.99292,720.0,450.0,0.0,0.0,16,15,4
184.510067,720.0,468.0,0.0,0.0,16,14,4
184.523853,720.0,468.0,0.0,0.0,15,14,4
184.541026,720.0,468.0,0.0,0.0,16,14,4
184.568302,720.0,486.0,0.0,0.0,16,13,4
184.582613,720.0,486.0,0.0,0.0,15,13,4
184.599737,720.0,486.0,0.0,0.0,16,13,4
184.81424,738.0,486.0,0.0,0.0,16,13,4
184.836135,738.0,504.0,0.0,0.0,16,12,4
184.849324,738.0,504.0,0.0,0.0,15,12,4
184.865231,738.0,504.0,0.0,0.0,16,12,4
185.076534,756.0,504.0,0.0,0.0,16,12,4
185.169032,756.0,504.0,0.0,0.0,16,13,4
185.195739,756.0,504.0,0.0,0.0,16,14,4
185.44379,774.0,504.0,0.0,0.0,16,14,4
185.536432,792.0,504.0,0.0,0.0,16,14,4
185.56157,792.0,504.0,0.0,0.0,16,15,4
185.71978,792.0,504.0,0.0,0.0,16,16,4
186.023936,792.0,522.0,0.0,0.0,16,15,4
186.034052,792.0,522.0,0.0,0.0,15,15,4
186.052402,792.0,522.0,0.0,0.0,16,15,4
186.297827,810.0,522.0,0.0,0.0,16,15,4
186.324141,810.0,522.0,0.0,0.0,16,16,4
187.139806,810.0,540.0,0.0,0.0,16,15,4
187.156036,810.0,540.0,0.0,0.0,15,15,4
187.179614,810.0,540.0,0.0,0.0,16,15,4
187.327135,810.0,558.0,0.0,0.0,16,14,4
187.343045,810.0,558.0,0.0,0.0,15,14,4
187.360811,810.0,558.0,0.0,0.0,16,14,4
187.583838,828.0,558.0,0.0,0.0,16,14,4
187.601844,828.0,576.0,0.0,0.0,16,13,4
187.614871,828.0,576.0,0.0,0.0,15,13,4
187.632316,828.0,576.0,0.0,0.0,16,13,4
187.862232,846.0,576.0,0.0,0.0,16,13,4
188.668406,846.0,594.0,0.0,0.0,16,12,4
188.683687,846.0,594.0,0.0,0.0,15,12,4
188.700524,846.0,594.0,0.0,0.0,16,12,4
188.737155,846.0,594.0,0.0,0.0,16,13,4
188.756167,846.0,612.0,0.0,0.0,16,12,4
188.768201,846.0,612.0,0.0,0.0,15,12,4
188.782244,846.0,612.0,0.0,0.0,16,12,4
188.821977,864.0,612.0,0.0,0.0,16,12,4
188.868339,864.0,612.0,0.0,0.0,16,13,4
189.020473,864.0,612.0,0.0,0.0,16,14,4
189.037468,882.0,612.0,0.0,0.0,16,14,4
189.067812,882.0,612.0,0.0,0.0,16,15,4
189.085823,882.0,630.0,0.0,0.0,16,14,4
189.098027,882.0,630.0,0.0,0.0,15,14,4
189.115806,882.0,630.0,0.0,0.0,16,14,4
189.414204,900.0,630.0,0.0,0.0,16,14,4
189.462552,900.0,630.0,0.0,0.0,16,15,4
189.552316,900.0,630.0,0.0,0.0,16,15,4
189.955642,900.0,630.0,0.0,0.0,16,15,4
190.024803,900.0,144.0,486.0,0.0,16,15,4
190.814554,900.0,144.0,0.0,486.0,16,15,4
190.873017,900.0,144.0,0.0,486.0,16,15,4
190.95465,882.0,144.0,0.0,468.0,16,15,4
190.98614,864.0,144.0,0.0,450.0,16,15,4
191.020859,846.0,144.0,0.0,432.0,16,15,4
191.050723,828.0,144.0,0.0,414.0,16,15,4
191.118658,810.0,144.0,0.0,396.0,16,15,4
191.236376,810.0,162.0,0.0,396.0,16,14,4
191.251777,810.0,162.0,0.0,396.0,15,14,4
191.27161,810.0,162.0,0.0,396.0,16,14,4
191.306216,828.0,162.0,0.0,396.0,16,14,4
191.33205,828.0,180.0,0.0,396.0,16,13,4
191.351366,828.0,180.0,0.0,396.0,15,13,4
191.373403,828.0,180.0,0.0,396.0,16,13,4
191.550964,810.0,180.0,0.0,378.0,16,13,4
191.740954,810.0,180.0,0.0,378.0,16,14,4
191.760151,810.0,198.0,0.0,378.0,16,13,4
191.78086,810.0,198.0,0.0,378.0,15,13,4
191.801626,810.0,198.0,0.0,378.0,16,13,4
191.837705,828.0,198.0,0.0,378.0,16,13,4
192.022726,828.0,198.0,0.0,378.0,16,14,4
192.056155,828.0,216.0,0.0,378.0,16,13,4
192.070563,828.0,216.0,0.0,378.0,15,13,4
192.087523,828.0,216.0,0.0,378.0,16,13,4
192.122964,846.0,216.0,0.0,378.0,16,13,4
192.234328,828.0,216.0,0.0,360.0,16,13,4
192.261244,828.0,216.0,0.0,360.0,16,14,4
192.448853,846.0,216.0,0.0,360.0,16,14,4
192.591652,828.0,216.0,0.0,342.0,16,14,4
192.627151,828.0,216.0,0.0,342.0,16,15,4
192.743124,846.0,216.0,0.0,342.0,16,15,4
192.799657,828.0,216.0,0.0,324.0,16,15,4
192.84039,810.0,216.0,0.0,306.0,16,15,4
192.867257,792.0,216.0,0.0,288.0,16,15,4
192.922032,792.0,216.0,0.0,288.0,16,16,4
192.932969,774.0,216.0,0.0,270.0,16,16,4
192.95968,756.0,216.0,0.0,252.0,16,16,4
192.983096,738.0,216.0,0.0,234.0,16,16,4
193.006284,720.0,216.0,0.0,216.0,16,16,4
193.028652,702.0,216.0,0.0,198.0,16,16,4
193.054525,684.0,216.0,0.0,180.0,16,16,4
193.076565,666.0,216.0,0.0,162.0,16,16,4
193.099173,648.0,216.0,0.0,144.0,16,16,4
193.121577,630.0,216.0,0.0,126.0,16,16,4
193.143419,612.0,216.0,0.0,108.0,16,16,4
193.165779,594.0,216.0,0.0,90.0,16,16,4
193.189784,576.0,216.0,0.0,72.0,16,16,4
193.213375,558.0,216.0,0.0,54.0,16,16,4
193.239943,540.0,216.0,0.0,36.0,16,16,4
193.26108,522.0,216.0,0.0,18.0,16,16,4
193.282691,504.0,216.0,0.0,0.0,16,16,4
193.293765,504.0,216.0,0.0,0.0,16,16,3
193.331308,504.0,216.0,0.0,0.0,16,16,4
193.372793,504.0,216.0,0.0,0.0,16,16,4
194.747725,504.0,234.0,0.0,0.0,16,15,4
194.760243,504.0,234.0,0.0,0.0,15,15,4
194.774802,504.0,234.0,0.0,0.0,16,15,4
194.855698,504.0,252.0,0.0,0.0,16,14,4
194.871355,504.0,252.0,0.0,0.0,15,14,4
194.893233,504.0,252.0,0.0,0.0,16,14,4
195.036736,522.0,252.0,0.0,0.0,16,14,4
195.247031,522.0,270.0,0.0,0.0,16,13,4
195.262693,522.0,270.0,0.0,0.0,15,13,4
195.280612,522.0,270.0,0.0,0.0,16,13,4
195.317197,540.0,270.0,0.0,0.0,16,13,4
195.456351,540.0,270.0,0.0,0.0,16,14,4
195.49049,540.0,270.0,0.0,0.0,16,15,4
196.375215,540.0,288.0,0.0,0.0,16,14,4
196.387348,540.0,288.0,0.0,0.0,15,14,4
196.402108,540.0,288.0,0.0,0.0,16,14,4
196.72685,540.0,306.0,0.0,0.0,16,13,4
196.745976,540.0,306.0,0.0,0.0,15,13,4
196.770083,540.0,306.0,0.0,0.0,16,13,4
196.812595,558.0,306.0,0.0,0.0,16,13,4
196.853376,558.0,306.0,0.0,0.0,16,14,4
196.935069,576.0,306.0,0.0,0.0,16,14,4
196.965273,576.0,306.0,0.0,0.0,16,15,4
197.120867,576.0,324.0,0.0,0.0,16,14,4
197.138068,576.0,324.0,0.0,0.0,15,14,4
197.163268,576.0,324.0,0.0,0.0,16,14,4
197.485264,594.0,324.0,0.0,0.0,16,14,4
197.52125,594.0,324.0,0.0,0.0,16,15,4
199.381135,594.0,342.0,0.0,0.0,16,14,4
199.396407,594.0,342.0,0.0,0.0,15,14,4
199.413165,594.0,342.0,0.0,0.0,16,14,4
199.739026,594.0,360.0,0.0,0.0,16,13,4
199.75327,594.0,360.0,0.0,0.0,15,13,4
199.770313,594.0,360.0,0.0,0.0,16,13,4
199.799496,612.0,360.0,0.0,0.0,16,13,4
199.83013,612.0,360.0,0.0,0.0,16,14,4
199.84386,612.0,378.0,0.0,0.0,16,13,4
199.859501,612.0,378.0,0.0,0.0,15,13,4
199.877378,612.0,378.0,0.0,0.0,16,13,4
200.012414,630.0,378.0,0.0,0.0,16,13,4
200.170048,648.0,378.0,0.0,0.0,16,13,4
200.229865,648.0,396.0,0.0,0.0,16,12,4
200.244036,648.0,396.0,0.0,0.0,15,12,4
200.261235,648.0,396.0,0.0,0.0,16,12,4
200.328198,648.0,396.0,0.0,0.0,16,13,4
200.34303,648.0,396.0,0.0,0.0,16,14,4
200.384963,648.0,414.0,0.0,0.0,16,13,4
200.398557,648.0,414.0,0.0,0.0,15,13,4
200.415446,648.0,414.0,0.0,0.0,16,13,4
200.556343,666.0,414.0,0.0,0.0,16,13,4
200.674619,684.0,414.0,0.0,0.0,16,13,4
200.735216,684.0,432.0,0.0,0.0,16,12,4
200.745514,684.0,432.0,0.0,0.0,15,12,4
200.760925,684.0,432.0,0.0,0.0,16,12,4
200.798175,684.0,432.0,0.0,0.0,16,13,4
200.840514,684.0,432.0,0.0,0.0,16,14,4
200.875855,684.0,450.0,0.0,0.0,16,13,4
200.890094,684.0,450.0,0.0,0.0,15,13,4
200.910436,684.0,450.0,0.0,0.0,16,13,4
201.18602,702.0,450.0,0.0,0.0,16,13,4
201.225261,702.0,450.0,0.0,0.0,16,14,4
202.635268,702.0,468.0,0.0,0.0,16,13,4
202.650652,702.0,468.0,0.0,0.0,15,13,4
202.668491,702.0,468.0,0.0,0.0,16,13,4
202.697875,720.0,468.0,0.0,0.0,16,13,4
202.715213,720.0,486.0,0.0,0.0,16,12,4
202.726618,720.0,486.0,0.0,0.0,15,12,4
202.744727,720.0,486.0,0.0,0.0,16,12,4
202.899656,738.0,486.0,0.0,0.0,16,12,4
203.089786,738.0,486.0,0.0,0.0,16,13,4
203.116509,756.0,486.0,0.0,0.0,16,13,4
203.139311,756.0,486.0,0.0,0.0,16,14,4
203.25619,756.0,486.0,0.0,0.0,16,15,4
203.35531,756.0,504.0,0.0,0.0,16,14,4
203.368772,756.0,504.0,0.0,0.0,15,14,4
203.392099,756.0,504.0,0.0,0.0,16,14,4
203.423151,774.0,504.0,0.0,0.0,16,14,4
203.477391,774.0,504.0,0.0,0.0,16,15,4
203.504262,774.0,522.0,0.0,0.0,16,14,4
203.518643,774.0,522.0,0.0,0.0,15,14,4
203.539374,774.0,522.0,0.0,0.0,16,14,4
203.746067,792.0,522.0,0.0,0.0,16,14,4
203.978227,810.0,522.0,0.0,0.0,16,14,4
204.015292,810.0,522.0,0.0,0.0,16,15,4
204.068408,810.0,522.0,0.0,0.0,16,16,4
204.209965,810.0,522.0,0.0,0.0,16,16,4
204.361333,810.0,522.0,0.0,0.0,16,16,4
204.426576,810.0,36.0,486.0,0.0,16,16,4
204.480991,810.0,54.0,486.0,0.0,16,15,4
204.494305,810.0,54.0,486.0,0.0,15,15,4
204.511542,810.0,54.0,486.0,0.0,16,15,4
204.785205,828.0,54.0,486.0,0.0,16,15,4
204.915593,828.0,72.0,486.0,0.0,16,14,4
204.932878,828.0,72.0,486.0,0.0,15,14,4
204.952687,828.0,72.0,486.0,0.0,16,14,4
204.983522,828.0,72.0,486.0,0.0,16,15,4
205.005583,828.0,90.0,486.0,0.0,16,14,4
205.024951,828.0,90.0,486.0,0.0,15,14,4
205.05196,828.0,90.0,486.0,0.0,16,14,4
205.426667,828.0,108.0,486.0,0.0,16,13,4
205.440972,828.0,108.0,486.0,0.0,15,13,4
205.459085,828.0,108.0,486.0,0.0,16,13,4
205.491314,846.0,108.0,486.0,0.0,16,13,4
205.70683,864.0,108.0,486.0,0.0,16,13,4
205.759975,864.0,108.0,486.0,0.0,16,14,4
205.833486,864.0,108.0,486.0,0.0,16,15,4
206.125245,864.0,126.0,486.0,0.0,16,14,4
206.136729,864.0,126.0,486.0,0.0,15,14,4
206.153332,864.0,126.0,486.0,0.0,16,14,4
206.274558,864.0,144.0,486.0,0.0,16,13,4
206.285889,864.0,144.0,486.0,0.0,15,13,4
206.300796,864.0,144.0,486.0,0.0,16,13,4
206.490984,882.0,144.0,486.0,0.0,16,13,4
206.603737,900.0,144.0,486.0,0.0,16,13,4
206.651161,900.0,144.0,486.0,0.0,16,14,4
206.871921,900.0,144.0,486.0,0.0,16,15,4
206.88844,918.0,144.0,486.0,0.0,16,15,4
206.903235,918.0,162.0,486.0,0.0,16,14,4
206.916598,918.0,162.0,486.0,0.0,15,14,4
206.936205,918.0,162.0,486.0,0.0,16,14,4
207.044451,918.0,162.0,486.0,0.0,16,15,4
207.324626,936.0,162.0,486.0,0.0,16,15,4
207.462806,936.0,162.0,486.0,0.0,16,16,4
207.665685,936.0,162.0,0.0,486.0,16,16,4
207.737352,936.0,162.0,0.0,486.0,16,16,4
207.86122,918.0,162.0,0.0,468.0,16,16,4
207.896099,900.0,162.0,0.0,450.0,16,16,4
207.926905,882.0,162.0,0.0,432.0,16,16,4
207.955885,864.0,162.0,0.0,414.0,16,16,4
207.982154,846.0,162.0,0.0,396.0,16,16,4
208.007644,828.0,162.0,0.0,378.0,16,16,4
208.035855,810.0,162.0,0.0,360.0,16,16,4
208.063606,792.0,162.0,0.0,342.0,16,16,4
208.091209,774.0,162.0,0.0,324.0,16,16,4
208.117637,756.0,162.0,0.0,306.0,16,16,4
208.143592,738.0,162.0,0.0,288.0,16,16,4
208.172236,720.0,162.0,0.0,270.0,16,16,4
208.198291,702.0,162.0,0.0,252.0,16,16,4
208.228212,684.0,162.0,0.0,234.0,16,16,4
208.253355,666.0,162.0,0.0,216.0,16,16,4
208.28155,648.0,162.0,0.0,198.0,16,16,4
208.315388,630.0,162.0,0.0,180.0,16,16,4
208.373124,612.0,162.0,0.0,162.0,16,16,4
208.525258,594.0,162.0,0.0,144.0,16,16,4
208.551928,576.0,162.0,0.0,126.0,16,16,4
208.575855,558.0,162.0,0.0,108.0,16,16,4
208.599576,540.0,162.0,0.0,90.0,16,16,4
208.623805,522.0,162.0,0.0,72.0,16,16,4
208.648105,504.0,162.0,0.0,54.0,16,16,4
208.67412,486.0,162.0,0.0,36.0,16,16,4
208.698073,468.0,162.0,0.0,18.0,16,16,4
208.720904,450.0,162.0,0.0,0.0,16,16,4
208.732847,450.0,162.0,0.0,0.0,16,16,3
208.777183,450.0,162.0,0.0,0.0,16,16,4
208.914071,450.0,162.0,0.0,0.0,16,16,4
208.965996,450.0,180.0,0.0,0.0,16,15,4
208.984355,450.0,180.0,0.0,0.0,15,15,4
209.004234,450.0,180.0,0.0,0.0,16,15,4
209.0528,450.0,198.0,0.0,0.0,16,14,4
209.065527,450.0,198.0,0.0,0.0,15,14,4
209.079751,450.0,198.0,0.0,0.0,16,14,4
209.101868,450.0,216.0,0.0,0.0,16,13,4
209.111122,450.0,216.0,0.0,0.0,15,13,4
209.126388,450.0,216.0,0.0,0.0,16,13,4
209.251019,468.0,216.0,0.0,0.0,16,13,4
209.272021,468.0,216.0,0.0,0.0,16,14,4
209.44353,486.0,216.0,0.0,0.0,16,14,4
209.608975,504.0,216.0,0.0,0.0,16,14,4
209.679955,504.0,216.0,0.0,0.0,16,15,4
209.705504,504.0,216.0,0.0,0.0,16,16,4
209.877984,504.0,234.0,0.0,0.0,16,15,4
209.891421,504.0,234.0,0.0,0.0,15,15,4
209.90587,504.0,234.0,0.0,0.0,16,15,4
210.249225,522.0,234.0,0.0,0.0,16,15,4
210.275954,522.0,234.0,0.0,0.0,16,16,4
212.148373,522.0,252.0,0.0,0.0,16,15,4
212.158087,522.0,252.0,0.0,0.0,15,15,4
212.1715,522.0,252.0,0.0,0.0,16,15,4
213.042301,540.0,252.0,0.0,0.0,16,15,4
213.06096,540.0,270.0,0.0,0.0,16,14,4
213.073007,540.0,270.0,0.0,0.0,15,14,4
213.089727,540.0,270.0,0.0,0.0,16,14,4
213.119219,540.0,288.0,0.0,0.0,16,13,4
213.137667,540.0,288.0,0.0,0.0,15,13,4
213.161066,540.0,288.0,0.0,0.0,16,13,4
213.222808,540.0,288.0,0.0,0.0,16,14,4
213.374373,540.0,306.0,0.0,0.0,16,13,4
213.389262,540.0,306.0,0.0,0.0,15,13,4
213.407931,540.0,306.0,0.0,0.0,16,13,4
213.439109,558.0,306.0,0.0,0.0,16,13,4
213.471536,558.0,306.0,0.0,0.0,16,14,4
213.498133,558.0,324.0,0.0,0.0,16,13,4
213.516435,558.0,324.0,0.0,0.0,15,13,4
213.537298,558.0,324.0,0.0,0.0,16,13,4
213.835512,576.0,324.0,0.0,0.0,16,13,4
213.869804,576.0,324.0,0.0,0.0,16,14,4
214.911602,576.0,342.0,0.0,0.0,16,13,4
214.924921,576.0,342.0,0.0,0.0,15,13,4
214.9408,576.0,342.0,0.0,0.0,16,13,4
214.974151,594.0,342.0,0.0,0.0,16,13,4
215.012301,594.0,342.0,0.0,0.0,16,14,4
215.410976,612.0,342.0,0.0,0.0,16,14,4
215.43641,612.0,360.0,0.0,0.0,16,13,4
215.450653,612.0,360.0,0.0,0.0,15,13,4
215.467968,612.0,360.0,0.0,0.0,16,13,4
215.643337,612.0,378.0,0.0,0.0,16,12,4
215.658317,612.0,378.0,0.0,0.0,15,12,4
215.675524,612.0,378.0,0.0,0.0,16,12,4
215.750635,630.0,378.0,0.0,0.0,16,12,4
215.792528,630.0,378.0,0.0,0.0,16,13,4
215.871754,630.0,378.0,0.0,0.0,16,14,4
215.995144,630.0,396.0,0.0,0.0,16,13,4
216.007296,630.0,396.0,0.0,0.0,15,13,4
216.022575,630.0,396.0,0.0,0.0,16,13,4
216.050315,648.0,396.0,0.0,0.0,16,13,4
216.162727,666.0,396.0,0.0,0.0,16,13,4
216.221764,666.0,396.0,0.0,0.0,16,14,4
216.243811,666.0,396.0,0.0,0.0,16,15,4
216.341281,684.0,396.0,0.0,0.0,16,15,4
216.364178,684.0,396.0,0.0,0.0,16,16,4
218.068674,684.0,414.0,0.0,0.0,16,15,4
218.086812,684.0,414.0,0.0,0.0,15,15,4
218.108898,684.0,414.0,0.0,0.0,16,15,4
218.821492,684.0,432.0,0.0,0.0,16,14,4
218.835328,684.0,432.0,0.0,0.0,15,14,4
218.851007,684.0,432.0,0.0,0.0,16,14,4
218.970321,684.0,450.0,0.0,0.0,16,13,4
218.983524,684.0,450.0,0.0,0.0,15,13,4
218.998678,684.0,450.0,0.0,0.0,16,13,4
219.110575,702.0,450.0,0.0,0.0,16,13,4
219.136134,702.0,450.0,0.0,0.0,16,14,4
219.552165,702.0,468.0,0.0,0.0,16,13,4
219.563919,702.0,468.0,0.0,0.0,15,13,4
219.581102,702.0,468.0,0.0,0.0,16,13,4
219.608367,720.0,468.0,0.0,0.0,16,13,4
219.647461,720.0,468.0,0.0,0.0,16,14,4
220.951766,720.0,486.0,0.0,0.0,16,13,4
220.966441,720.0,486.0,0.0,0.0,15,13,4
220.982608,720.0,486.0,0.0,0.0,16,13,4
221.011236,738.0,486.0,0.0,0.0,16,13,4
221.045785,738.0,486.0,0.0,0.0,16,14,4
221.287385,756.0,486.0,0.0,0.0,16,14,4
221.460003,774.0,486.0,0.0,0.0,16,14,4
221.507408,774.0,504.0,0.0,0.0,16,13,4
221.522299,774.0,504.0,0.0,0.0,15,13,4
221.541447,774.0,504.0,0.0,0.0,16,13,4
221.705983,774.0,504.0,0.0,0.0,16,14,4
221.723841,774.0,522.0,0.0,0.0,16,13,4
221.738958,774.0,522.0,0.0,0.0,15,13,4
221.759841,774.0,522.0,0.0,0.0,16,13,4
221.916904,774.0,522.0,0.0,0.0,16,14,4
221.963396,774.0,540.0,0.0,0.0,16,13,4
221.975184,774.0,540.0,0.0,0.0,15,13,4
221.990506,774.0,540.0,0.0,0.0,16,13,4
222.016788,792.0,540.0,0.0,0.0,16,13,4
222.184856,810.0,540.0,0.0,0.0,16,13,4
222.251543,810.0,540.0,0.0,0.0,16,14,4
222.383836,828.0,540.0,0.0,0.0,16,14,4
222.41546,828.0,540.0,0.0,0.0,16,15,4
222.444229,828.0,540.0,0.0,0.0,16,16,4
223.737838,828.0,558.0,0.0,0.0,16,15,4
223.753361,828.0,558.0,0.0,0.0,15,15,4
223.770274,828.0,558.0,0.0,0.0,16,15,4
224.070587,828.0,576.0,0.0,0.0,16,14,4
224.082175,828.0,576.0,0.0,0.0,15,14,4
224.096978,828.0,576.0,0.0,0.0,16,14,4
224.153579,846.0,576.0,0.0,0.0,16,14,4
224.187345,846.0,576.0,0.0,0.0,16,15,4
224.353799,864.0,576.0,0.0,0.0,16,15,4
224.40575,864.0,576.0,0.0,0.0,16,16,4
224.481179,864.0,576.0,0.0,0.0,16,16,4
224.794373,864.0,594.0,0.0,0.0,16,15,4
224.80538,864.0,594.0,0.0,0.0,15,15,4
224.816748,864.0,594.0,0.0,0.0,16,15,4
225.066325,882.0,594.0,0.0,0.0,16,15,4
225.089199,882.0,594.0,0.0,0.0,16,16,4
225.4218,882.0,594.0,0.0,0.0,16,16,4
225.481916,882.0,108.0,486.0,0.0,16,16,4
226.210632,882.0,108.0,0.0,486.0,16,16,4
226.267443,882.0,108.0,0.0,486.0,16,16,4
226.346129,864.0,108.0,0.0,468.0,16,16,4
226.378842,846.0,108.0,0.0,450.0,16,16,4
226.41963,846.0,126.0,0.0,450.0,16,15,4
226.433598,846.0,126.0,0.0,450.0,15,15,4
226.448365,846.0,126.0,0.0,450.0,16,15,4
226.478703,846.0,144.0,0.0,450.0,16,14,4
226.495758,846.0,144.0,0.0,450.0,15,14,4
226.51455,846.0,144.0,0.0,450.0,16,14,4
226.66897,828.0,144.0,0.0,432.0,16,14,4
226.79625,810.0,144.0,0.0,414.0,16,14,4
226.836134,792.0,144.0,0.0,396.0,16,14,4
226.87738,774.0,144.0,0.0,378.0,16,14,4
226.911552,756.0,144.0,0.0,360.0,16,14,4
226.943087,738.0,144.0,0.0,342.0,16,14,4
226.969636,720.0,144.0,0.0,324.0,16,14,4
226.994963,702.0,144.0,0.0,306.0,16,14,4
227.019636,684.0,144.0,0.0,288.0,16,14,4
227.04358,666.0,144.0,0.0,270.0,16,14,4
227.067733,648.0,144.0,0.0,252.0,16,14,4
227.09354,630.0,144.0,0.0,234.0,16,14,4
227.118135,612.0,144.0,0.0,216.0,16,14,4
227.142444,594.0,144.0,0.0,198.0,16,14,4
227.165666,576.0,144.0,0.0,180.0,16,14,4
227.188306,558.0,144.0,0.0,162.0,16,14,4
227.211128,540.0,144.0,0.0,144.0,16,14,4
227.241872,522.0,144.0,0.0,126.0,16,14,4
227.265825,504.0,144.0,0.0,108.0,16,14,4
227.288906,486.0,144.0,0.0,90.0,16,14,4
227.312165,468.0,144.0,0.0,72.0,16,14,4
227.335595,450.0,144.0,0.0,54.0,16,14,4
227.363866,432.0,144.0,0.0,36.0,16,14,4
227.39117,414.0,144.0,0.0,18.0,16,14,4
227.416539,396.0,144.0,0.0,0.0,16,14,4
227.428665,396.0,144.0,0.0,0.0,16,14,3
227.475542,396.0,144.0,0.0,0.0,16,14,4
227.529507,396.0,144.0,0.0,0.0,16,14,4
227.592366,396.0,162.0,0.0,0.0,16,13,4
227.607645,396.0,162.0,0.0,0.0,15,13,4
227.625964,396.0,162.0,0.0,0.0,16,13,4
227.903557,414.0,162.0,0.0,0.0,16,13,4
227.938815,414.0,162.0,0.0,0.0,16,14,4
228.214191,432.0,162.0,0.0,0.0,16,14,4
228.326105,450.0,162.0,0.0,0.0,16,14,4
228.345612,450.0,180.0,0.0,0.0,16,13,4
228.35896,450.0,180.0,0.0,0.0,15,13,4
228.376201,450.0,180.0,0.0,0.0,16,13,4
228.443475,450.0,198.0,0.0,0.0,16,12,4
228.458594,450.0,198.0,0.0,0.0,15,12,4
228.475633,450.0,198.0,0.0,0.0,16,12,4
228.697201,468.0,198.0,0.0,0.0,16,12,4
228.931148,468.0,198.0,0.0,0.0,16,13,4
228.951241,486.0,198.0,0.0,0.0,16,13,4
228.99667,486.0,216.0,0.0,0.0,16,12,4
229.006007,486.0,216.0,0.0,0.0,15,12,4
229.021351,486.0,216.0,0.0,0.0,16,12,4
229.129289,486.0,234.0,0.0,0.0,16,11,4
229.143878,486.0,234.0,0.0,0.0,15,11,4
229.164036,486.0,234.0,0.0,0.0,16,11,4
229.245477,486.0,234.0,0.0,0.0,16,12,4
229.276858,486.0,234.0,0.0,0.0,16,13,4
229.297835,486.0,234.0,0.0,0.0,16,14,4
229.47442,504.0,234.0,0.0,0.0,16,14,4
229.525906,504.0,234.0,0.0,0.0,16,15,4
230.896353,504.0,252.0,0.0,0.0,16,14,4
230.909334,504.0,252.0,0.0,0.0,15,14,4
230.927157,504.0,252.0,0.0,0.0,16,14,4
231.078716,504.0,270.0,0.0,0.0,16,13,4
231.096757,504.0,270.0,0.0,0.0,15,13,4
231.117958,504.0,270.0,0.0,0.0,16,13,4
231.153176,522.0,270.0,0.0,0.0,16,13,4
231.182085,522.0,270.0,0.0,0.0,16,14,4
231.451869,522.0,288.0,0.0,0.0,16,13,4
231.465056,522.0,288.0,0.0,0.0,15,13,4
231.483974,522.0,288.0,0.0,0.0,16,13,4
231.517276,540.0,288.0,0.0,0.0,16,13,4
231.560166,540.0,288.0,0.0,0.0,16,14,4
231.740742,540.0,306.0,0.0,0.0,16,13,4
231.75058,540.0,306.0,0.0,0.0,15,13,4
231.764971,540.0,306.0,0.0,0.0,16,13,4
231.792778,558.0,306.0,0.0,0.0,16,13,4
231.820251,558.0,306.0,0.0,0.0,16,14,4
232.034009,576.0,306.0,0.0,0.0,16,14,4
232.081474,576.0,306.0,0.0,0.0,16,15,4
233.384644,594.0,306.0,0.0,0.0,16,15,4
233.399676,594.0,324.0,0.0,0.0,16,14,4
233.417145,594.0,324.0,0.0,0.0,15,14,4
233.435947,594.0,324.0,0.0,0.0,16,14,4
233.486571,594.0,324.0,0.0,0.0,16,15,4
233.680516,612.0,324.0,0.0,0.0,16,15,4
233.718683,612.0,324.0,0.0,0.0,16,16,4
234.030818,612.0,342.0,0.0,0.0,16,15,4
234.046981,612.0,342.0,0.0,0.0,15,15,4
234.06462,612.0,342.0,0.0,0.0,16,15,4
234.119174,612.0,360.0,0.0,0.0,16,14,4
234.134259,612.0,360.0,0.0,0.0,15,14,4
234.151341,612.0,360.0,0.0,0.0,16,14,4
234.358536,630.0,360.0,0.0,0.0,16,14,4
234.397981,630.0,360.0,0.0,0.0,16,15,4
234.509759,648.0,360.0,0.0,0.0,16,15,4
234.611512,648.0,360.0,0.0,0.0,16,16,4
235.442673,648.0,378.0,0.0,0.0,16,15,4
235.463217,648.0,378.0,0.0,0.0,15,15,4
235.482056,648.0,378.0,0.0,0.0,16,15,4
235.591347,648.0,396.0,0.0,0.0,16,14,4
235.601054,648.0,396.0,0.0,0.0,15,14,4
235.617288,648.0,396.0,0.0,0.0,16,14,4
235.817396,666.0,396.0,0.0,0.0,16,14,4
235.83909,666.0,396.0,0.0,0.0,16,15,4
236.663099,666.0,414.0,0.0,0.0,16,14,4
236.684184,666.0,414.0,0.0,0.0,15,14,4
236.706663,666.0,414.0,0.0,0.0,16,14,4
237.018211,684.0,414.0,0.0,0.0,16,14,4
237.063143,684.0,414.0,0.0,0.0,16,15,4
237.435678,702.0,414.0,0.0,0.0,16,15,4
237.451658,702.0,432.0,0.0,0.0,16,14,4
237.463698,702.0,432.0,0.0,0.0,15,14,4
237.479537,702.0,432.0,0.0,0.0,16,14,4
237.523249,702.0,432.0,0.0,0.0,16,15,4
238.065348,702.0,450.0,0.0,0.0,16,14,4
238.078038,702.0,450.0,0.0,0.0,15,14,4
238.095337,702.0,450.0,0.0,0.0,16,14,4
238.345645,720.0,450.0,0.0,0.0,16,14,4
238.369128,720.0,450.0,0.0,0.0,16,15,4
238.380734,720.0,468.0,0.0,0.0,16,14,4
238.395563,720.0,468.0,0.0,0.0,15,14,4
238.412321,720.0,468.0,0.0,0.0,16,14,4
239.408942,738.0,468.0,0.0,0.0,16,14,4
239.430549,738.0,468.0,0.0,0.0,16,15,4
240.371574,738.0,486.0,0.0,0.0,16,14,4
240.389483,738.0,486.0,0.0,0.0,15,14,4
240.409724,738.0,486.0,0.0,0.0,16,14,4
240.668396,756.0,486.0,0.0,0.0,16,14,4
240.705337,756.0,486.0,0.0,0.0,16,15,4
241.589843,774.0,486.0,0.0,0.0,16,15,4
241.624019,774.0,486.0,0.0,0.0,16,16,4
241.859756,774.0,504.0,0.0,0.0,16,15,4
241.871205,774.0,504.0,0.0,0.0,15,15,4
241.888224,774.0,504.0,0.0,0.0,16,15,4
242.066084,774.0,522.0,0.0,0.0,16,14,4
242.080423,774.0,522.0,0.0,0.0,15,14,4
242.097742,774.0,522.0,0.0,0.0,16,14,4
242.694594,774.0,540.0,0.0,0.0,16,13,4
242.705905,774.0,540.0,0.0,0.0,15,13,4
242.720518,774.0,540.0,0.0,0.0,16,13,4
242.742055,792.0,540.0,0.0,0.0,16,13,4
242.769755,792.0,540.0,0.0,0.0,16,14,4
242.7931,792.0,558.0,0.0,0.0,16,13,4
242.807902,792.0,558.0,0.0,0.0,15,13,4
242.830908,792.0,558.0,0.0,0.0,16,13,4
242.96049,810.0,558.0,0.0,0.0,16,13,4
243.191345,810.0,558.0,0.0,0.0,16,14,4
243.221195,828.0,558.0,0.0,0.0,16,14,4
243.258547,828.0,558.0,0.0,0.0,16,15,4
243.38951,846.0,558.0,0.0,0.0,16,15,4
243.40514,846.0,576.0,0.0,0.0,16,14,4
243.419263,846.0,576.0,0.0,0.0,15,14,4
243.436108,846.0,576.0,0.0,0.0,16,14,4
243.479104,846.0,576.0,0.0,0.0,16,15,4
243.767042,864.0,576.0,0.0,0.0,16,15,4
243.796739,864.0,576.0,0.0,0.0,16,16,4
244.538829,864.0,594.0,0.0,0.0,16,15,4
244.554202,864.0,594.0,0.0,0.0,15,15,4
244.575436,864.0,594.0,0.0,0.0,16,15,4
244.605071,864.0,612.0,0.0,0.0,16,14,4
244.620791,864.0,612.0,0.0,0.0,15,14,4
244.64319,864.0,612.0,0.0,0.0,16,14,4
244.901894,864.0,630.0,0.0,0.0,16,13,4
244.913814,864.0,630.0,0.0,0.0,15,13,4
244.929533,864.0,630.0,0.0,0.0,16,13,4
245.246456,882.0,630.0,0.0,0.0,16,13,4
245.269076,882.0,648.0,0.0,0.0,16,12,4
245.283276,882.0,648.0,0.0,0.0,15,12,4
245.300647,882.0,648.0,0.0,0.0,16,12,4
245.555328,882.0,648.0,0.0,0.0,16,13,4
245.599719,900.0,648.0,0.0,0.0,16,13,4
245.73661,900.0,648.0,0.0,0.0,16,14,4
245.842966,918.0,648.0,0.0,0.0,16,14,4
245.941152,936.0,648.0,0.0,0.0,16,14,4
245.991015,936.0,648.0,0.0,0.0,16,15,4
246.010824,936.0,648.0,0.0,0.0,16,16,4
246.324253,936.0,648.0,0.0,0.0,16,16,4
246.519763,936.0,666.0,0.0,0.0,16,15,4
246.532245,936.0,666.0,0.0,0.0,15,15,4
246.543297,936.0,666.0,0.0,0.0,16,15,4
246.625922,936.0,684.0,0.0,0.0,16,14,4
246.635681,936.0,684.0,0.0,0.0,15,14,4
246.647889,936.0,684.0,0.0,0.0,16,14,4
246.67096,936.0,702.0,0.0,0.0,16,13,4
246.682963,936.0,702.0,0.0,0.0,15,13,4
246.699507,936.0,702.0,0.0,0.0,16,13,4
246.801982,954.0,702.0,0.0,0.0,16,13,4
246.896037,954.0,720.0,0.0,0.0,16,12,4
246.909182,954.0,720.0,0.0,0.0,15,12,4
246.92858,954.0,720.0,0.0,0.0,16,12,4
247.14992,954.0,720.0,0.0,0.0,16,13,4
247.190626,972.0,720.0,0.0,0.0,16,13,4
247.366429,990.0,720.0,0.0,0.0,16,13,4
247.438983,990.0,720.0,0.0,0.0,16,14,4
247.48334,990.0,738.0,0.0,0.0,16,13,4
247.501579,990.0,738.0,0.0,0.0,15,13,4
247.527662,990.0,738.0,0.0,0.0,16,13,4
247.569572,990.0,738.0,0.0,0.0,16,14,4
247.624739,990.0,738.0,0.0,0.0,16,14,4
247.807507,990.0,252.0,486.0,0.0,16,14,4
247.970006,1008.0,252.0,486.0,0.0,16,14,4
248.150787,1026.0,252.0,486.0,0.0,16,14,4
248.186339,1026.0,270.0,486.0,0.0,16,13,4
248.2019,1026.0,270.0,486.0,0.0,15,13,4
248.225696,1026.0,270.0,486.0,0.0,16,13,4
248.261304,1026.0,288.0,486.0,0.0,16,12,4
248.277135,1026.0,288.0,486.0,0.0,15,12,4
248.297532,1026.0,288.0,486.0,0.0,16,12,4
248.643288,1026.0,288.0,486.0,0.0,16,13,4
248.736948,1026.0,288.0,486.0,0.0,16,14,4
248.79563,1044.0,288.0,486.0,0.0,16,14,4
248.964387,1062.0,288.0,486.0,0.0,16,14,4
248.983706,1062.0,306.0,486.0,0.0,16,13,4
248.99837,1062.0,306.0,486.0,0.0,15,13,4
249.014248,1062.0,306.0,486.0,0.0,16,13,4
249.193157,1062.0,306.0,486.0,0.0,16,14,4
249.274879,1062.0,324.0,486.0,0.0,16,13,4
249.289612,1062.0,324.0,486.0,0.0,15,13,4
249.313439,1062.0,324.0,486.0,0.0,16,13,4
249.537663,1062.0,342.0,486.0,0.0,16,12,4
249.553817,1062.0,342.0,486.0,0.0,15,12,4
249.572067,1062.0,342.0,486.0,0.0,16,12,4
249.664138,1080.0,342.0,486.0,0.0,16,12,4
249.898598,1080.0,342.0,486.0,0.0,16,13,4
249.92336,1098.0,342.0,486.0,0.0,16,13,4
249.975108,1098.0,342.0,486.0,0.0,16,14,4
250.11034,1098.0,342.0,486.0,0.0,16,15,4
250.573253,1098.0,342.0,0.0,486.0,16,15,4
250.636076,1098.0,342.0,0.0,486.0,16,15,4
250.80062,1098.0,360.0,0.0,486.0,16,14,4
250.814382,1098.0,360.0,0.0,486.0,15,14,4
250.830706,1098.0,360.0,0.0,486.0,16,14,4
250.897256,1116.0,360.0,0.0,486.0,16,14,4
250.915616,1116.0,378.0,0.0,486.0,16,13,4
250.925892,1116.0,378.0,0.0,486.0,15,13,4
250.946337,1116.0,378.0,0.0,486.0,16,13,4
251.213724,1116.0,378.0,0.0,486.0,16,14,4
251.242909,1134.0,378.0,0.0,486.0,16,14,4
251.420113,1152.0,378.0,0.0,486.0,16,14,4
251.439031,1152.0,378.0,0.0,486.0,16,15,4
251.557788,1152.0,396.0,0.0,486.0,16,14,4
251.572379,1152.0,396.0,0.0,486.0,15,14,4
251.590416,1152.0,396.0,0.0,486.0,16,14,4
251.658413,1152.0,396.0,0.0,486.0,16,15,4
251.679825,1134.0,396.0,0.0,468.0,16,15,4
251.726067,1116.0,396.0,0.0,450.0,16,15,4
251.756284,1098.0,396.0,0.0,432.0,16,15,4
251.782984,1080.0,396.0,0.0,414.0,16,15,4
251.809346,1062.0,396.0,0.0,396.0,16,15,4
251.946796,1080.0,396.0,0.0,396.0,16,15,4
252.018467,1062.0,396.0,0.0,378.0,16,15,4
252.044118,1062.0,396.0,0.0,378.0,16,16,4
252.086147,1044.0,396.0,0.0,360.0,16,16,4
252.114145,1026.0,396.0,0.0,342.0,16,16,4
252.139596,1008.0,396.0,0.0,324.0,16,16,4
252.164291,990.0,396.0,0.0,306.0,16,16,4
252.191344,972.0,396.0,0.0,288.0,16,16,4
252.224882,954.0,396.0,0.0,270.0,16,16,4
252.249207,936.0,396.0,0.0,252.0,16,16,4
252.27236,918.0,396.0,0.0,234.0,16,16,4
252.297029,900.0,396.0,0.0,216.0,16,16,4
252.325,882.0,396.0,0.0,198.0,16,16,4
252.351879,864.0,396.0,0.0,180.0,16,16,4
252.374275,846.0,396.0,0.0,162.0,16,16,4
252.395645,828.0,396.0,0.0,144.0,16,16,4
252.41906,810.0,396.0,0.0,126.0,16,16,4
252.434881,810.0,414.0,0.0,126.0,16,15,4
252.450729,810.0,414.0,0.0,126.0,15,15,4
252.470965,810.0,414.0,0.0,126.0,16,15,4
252.53178,792.0,414.0,0.0,108.0,16,15,4
252.565096,774.0,414.0,0.0,90.0,16,15,4
252.673726,756.0,414.0,0.0,72.0,16,15,4
252.804244,774.0,414.0,0.0,72.0,16,15,4
252.890333,756.0,414.0,0.0,54.0,16,15,4
252.931056,756.0,414.0,0.0,54.0,16,16,4
252.982165,738.0,414.0,0.0,36.0,16,16,4
253.009224,720.0,414.0,0.0,18.0,16,16,4
253.035977,702.0,414.0,0.0,0.0,16,16,4
253.048045,702.0,414.0,0.0,0.0,16,16,3
253.088807,702.0,414.0,0.0,0.0,16,16,4
253.225035,702.0,414.0,0.0,0.0,16,16,4
254.59577,702.0,432.0,0.0,0.0,16,15,4
254.609522,702.0,432.0,0.0,0.0,15,15,4
254.631606,702.0,432.0,0.0,0.0,16,15,4
254.799747,702.0,450.0,0.0,0.0,16,14,4
254.811683,702.0,450.0,0.0,0.0,15,14,4
254.826503,702.0,450.0,0.0,0.0,16,14,4
254.9553,720.0,450.0,0.0,0.0,16,14,4
254.983956,720.0,450.0,0.0,0.0,16,15,4
255.105766,738.0,450.0,0.0,0.0,16,15,4
255.152165,738.0,450.0,0.0,0.0,16,16,4
255.377072,738.0,468.0,0.0,0.0,16,15,4
255.392189,738.0,468.0,0.0,0.0,15,15,4
255.409076,738.0,468.0,0.0,0.0,16,15,4
255.598424,738.0,486.0,0.0,0.0,16,14,4
255.617472,738.0,486.0,0.0,0.0,15,14,4
255.643527,738.0,486.0,0.0,0.0,16,14,4
255.899164,738.0,504.0,0.0,0.0,16,13,4
255.913758,738.0,504.0,0.0,0.0,15,13,4
255.93025,738.0,504.0,0.0,0.0,16,13,4
256.586111,756.0,504.0,0.0,0.0,16,13,4
256.639012,756.0,522.0,0.0,0.0,16,12,4
256.652979,756.0,522.0,0.0,0.0,15,12,4
256.671179,756.0,522.0,0.0,0.0,16,12,4
256.912524,756.0,522.0,0.0,0.0,16,13,4
257.163036,774.0,522.0,0.0,0.0,16,13,4
257.413491,792.0,522.0,0.0,0.0,16,13,4
257.443477,792.0,522.0,0.0,0.0,16,14,4
257.473821,792.0,522.0,0.0,0.0,16,15,4
257.982521,810.0,522.0,0.0,0.0,16,15,4
258.011278,810.0,522.0,0.0,0.0,16,16,4
258.198228,810.0,540.0,0.0,0.0,16,15,4
258.209181,810.0,540.0,0.0,0.0,15,15,4
258.227054,810.0,540.0,0.0,0.0,16,15,4
258.469926,810.0,558.0,0.0,0.0,16,14,4
258.480486,810.0,558.0,0.0,0.0,15,14,4
258.494569,810.0,558.0,0.0,0.0,16,14,4
258.522728,828.0,558.0,0.0,0.0,16,14,4
258.5494,828.0,558.0,0.0,0.0,16,15,4
258.580239,828.0,576.0,0.0,0.0,16,14,4
258.593965,828.0,576.0,0.0,0.0,15,14,4
258.610626,828.0,576.0,0.0,0.0,16,14,4
258.781239,846.0,576.0,0.0,0.0,16,14,4
258.949825,846.0,576.0,0.0,0.0,16,15,4
258.984975,846.0,594.0,0.0,0.0,16,14,4
258.996377,846.0,594.0,0.0,0.0,15,14,4
259.010936,846.0,594.0,0.0,0.0,16,14,4
259.164277,846.0,594.0,0.0,0.0,16,14,4
259.959993,846.0,594.0,0.0,0.0,16,14,4
260.02865,846.0,108.0,486.0,0.0,16,14,4
260.755503,846.0,108.0,0.0,486.0,16,14,4
260.771796,846.0,126.0,0.0,486.0,16,13,4
260.785913,846.0,126.0,0.0,486.0,15,13,4
260.802364,846.0,126.0,0.0,486.0,16,13,4
260.834512,846.0,144.0,0.0,486.0,16,12,4
260.849944,846.0,144.0,0.0,486.0,15,12,4
260.869391,846.0,144.0,0.0,486.0,16,12,4
261.091921,846.0,162.0,0.0,486.0,16,11,4
261.104166,846.0,162.0,0.0,486.0,15,11,4
261.121726,846.0,162.0,0.0,486.0,16,11,4
261.154863,846.0,162.0,0.0,486.0,16,11,4
261.170927,864.0,162.0,0.0,486.0,16,11,4
261.24776,864.0,162.0,0.0,486.0,16,12,4
261.431192,864.0,180.0,0.0,486.0,16,11,4
261.449807,864.0,180.0,0.0,486.0,15,11,4
261.47612,864.0,180.0,0.0,486.0,16,11,4
261.566329,864.0,198.0,0.0,486.0,16,10,4
261.57986,864.0,198.0,0.0,486.0,15,10,4
261.59538,864.0,198.0,0.0,486.0,16,10,4
261.766653,864.0,216.0,0.0,486.0,16,9,4
261.779091,864.0,216.0,0.0,486.0,15,9,4
261.793905,864.0,216.0,0.0,486.0,16,9,4
261.850082,882.0,216.0,0.0,486.0,16,9,4
261.999995,900.0,216.0,0.0,486.0,16,9,4
262.262773,900.0,216.0,0.0,486.0,16,10,4
262.283241,918.0,216.0,0.0,486.0,16,10,4
262.445541,918.0,216.0,0.0,486.0,16,11,4
262.475358,936.0,216.0,0.0,486.0,16,11,4
262.521247,936.0,216.0,0.0,486.0,16,12,4
262.54129,936.0,216.0,0.0,486.0,16,13,4
262.67884,954.0,216.0,0.0,486.0,16,13,4
262.762001,936.0,216.0,0.0,468.0,16,13,4
262.804729,936.0,216.0,0.0,468.0,16,14,4
262.918379,954.0,216.0,0.0,468.0,16,14,4
263.005576,972.0,216.0,0.0,468.0,16,14,4
263.134735,972.0,216.0,0.0,468.0,16,15,4
263.165625,972.0,216.0,0.0,468.0,16,16,4
263.242617,954.0,216.0,0.0,450.0,16,16,4
263.283664,936.0,216.0,0.0,432.0,16,16,4
263.310426,918.0,216.0,0.0,414.0,16,16,4
263.337175,900.0,216.0,0.0,396.0,16,16,4
263.364399,882.0,216.0,0.0,378.0,16,16,4
263.390374,864.0,216.0,0.0,360.0,16,16,4
263.414061,846.0,216.0,0.0,342.0,16,16,4
263.438966,828.0,216.0,0.0,324.0,16,16,4
263.463498,810.0,216.0,0.0,306.0,16,16,4
263.48761,792.0,216.0,0.0,288.0,16,16,4
263.512219,774.0,216.0,0.0,270.0,16,16,4
263.536664,756.0,216.0,0.0,252.0,16,16,4
263.561721,738.0,216.0,0.0,234.0,16,16,4
263.585177,720.0,216.0,0.0,216.0,16,16,4
263.609561,702.0,216.0,0.0,198.0,16,16,4
263.638626,684.0,216.0,0.0,180.0,16,16,4
263.661718,666.0,216.0,0.0,162.0,16,16,4
263.685036,648.0,216.0,0.0,144.0,16,16,4
263.708139,630.0,216.0,0.0,126.0,16,16,4
263.731331,612.0,216.0,0.0,108.0,16,16,4
263.754155,594.0,216.0,0.0,90.0,16,16,4
263.777082,576.0,216.0,0.0,72.0,16,16,4
263.799171,558.0,216.0,0.0,54.0,16,16,4
263.82135,540.0,216.0,0.0,36.0,16,16,4
263.84455,522.0,216.0,0.0,18.0,16,16,4
263.867493,504.0,216.0,0.0,0.0,16,16,4
263.877954,504.0,216.0,0.0,0.0,16,16,3
263.915923,504.0,216.0,0.0,0.0,16,16,4
264.027043,504.0,234.0,0.0,0.0,16,15,4
264.041646,504.0,234.0,0.0,0.0,15,15,4
264.061552,504.0,234.0,0.0,0.0,16,15,4
264.125537,504.0,234.0,0.0,0.0,16,15,4
264.379738,504.0,252.0,0.0,0.0,16,14,4
264.396101,504.0,252.0,0.0,0.0,15,14,4
264.420907,504.0,252.0,0.0,0.0,16,14,4
264.462089,522.0,252.0,0.0,0.0,16,14,4
264.486688,522.0,270.0,0.0,0.0,16,13,4
264.503546,522.0,270.0,0.0,0.0,15,13,4
264.531836,522.0,270.0,0.0,0.0,16,13,4
264.568845,522.0,288.0,0.0,0.0,16,12,4
264.584161,522.0,288.0,0.0,0.0,15,12,4
264.601246,522.0,288.0,0.0,0.0,16,12,4
264.646959,522.0,306.0,0.0,0.0,16,11,4
264.661717,522.0,306.0,0.0,0.0,15,11,4
264.678361,522.0,306.0,0.0,0.0,16,11,4
265.025686,522.0,306.0,0.0,0.0,16,12,4
265.066047,540.0,306.0,0.0,0.0,16,12,4
265.300884,540.0,306.0,0.0,0.0,16,13,4
265.33372,558.0,306.0,0.0,0.0,16,13,4
265.415131,558.0,306.0,0.0,0.0,16,14,4
265.536731,576.0,306.0,0.0,0.0,16,14,4
265.680616,594.0,306.0,0.0,0.0,16,14,4
265.793134,594.0,306.0,0.0,0.0,16,15,4
265.805739,594.0,306.0,0.0,0.0,16,16,4
266.900613,594.0,324.0,0.0,0.0,16,15,4
266.915543,594.0,324.0,0.0,0.0,15,15,4
266.935021,594.0,324.0,0.0,0.0,16,15,4
267.700938,594.0,342.0,0.0,0.0,16,14,4
267.719735,594.0,342.0,0.0,0.0,15,14,4
267.740253,594.0,342.0,0.0,0.0,16,14,4
268.055221,612.0,342.0,0.0,0.0,16,14,4
268.194314,630.0,342.0,0.0,0.0,16,14,4
268.277823,630.0,342.0,0.0,0.0,16,15,4
268.318475,630.0,342.0,0.0,0.0,16,16,4
268.391002,630.0,360.0,0.0,0.0,16,15,4
268.401899,630.0,360.0,0.0,0.0,15,15,4
268.418094,630.0,360.0,0.0,0.0,16,15,4
268.939191,630.0,378.0,0.0,0.0,16,14,4
268.951317,630.0,378.0,0.0,0.0,15,14,4
268.96702,630.0,378.0,0.0,0.0,16,14,4
269.553767,630.0,396.0,0.0,0.0,16,13,4
269.568626,630.0,396.0,0.0,0.0,15,13,4
269.587191,630.0,396.0,0.0,0.0,16,13,4
270.406375,648.0,396.0,0.0,0.0,16,13,4
270.528759,648.0,414.0,0.0,0.0,16,12,4
270.544726,648.0,414.0,0.0,0.0,15,12,4
270.564365,648.0,414.0,0.0,0.0,16,12,4
270.602286,666.0,414.0,0.0,0.0,16,12,4
270.75141,684.0,414.0,0.0,0.0,16,12,4
270.78384,684.0,432.0,0.0,0.0,16,11,4
270.795998,684.0,432.0,0.0,0.0,15,11,4
270.812002,684.0,432.0,0.0,0.0,16,11,4
271.83963,702.0,432.0,0.0,0.0,16,11,4
272.035496,702.0,450.0,0.0,0.0,16,10,4
272.050797,702.0,450.0,0.0,0.0,15,10,4
272.070755,702.0,450.0,0.0,0.0,16,10,4
272.101091,720.0,450.0,0.0,0.0,16,10,4
272.127547,720.0,468.0,0.0,0.0,16,9,4
272.142513,720.0,468.0,0.0,0.0,15,9,4
272.16591,720.0,468.0,0.0,0.0,16,9,4
272.195004,720.0,486.0,0.0,0.0,16,8,4
272.210395,720.0,486.0,0.0,0.0,15,8,4
272.232628,720.0,486.0,0.0,0.0,16,8,4
272.298426,720.0,486.0,0.0,0.0,16,9,4
272.330132,720.0,486.0,0.0,0.0,16,10,4
272.505889,738.0,486.0,0.0,0.0,16,10,4
272.655761,756.0,486.0,0.0,0.0,16,10,4
272.913505,774.0,486.0,0.0,0.0,16,10,4
272.988016,774.0,486.0,0.0,0.0,16,11,4
273.039701,774.0,486.0,0.0,0.0,16,12,4
273.076649,774.0,486.0,0.0,0.0,16,13,4
273.123893,774.0,486.0,0.0,0.0,16,14,4
273.14785,774.0,486.0,0.0,0.0,16,15,4
273.164037,774.0,486.0,0.0,0.0,16,16,4
273.279061,774.0,504.0,0.0,0.0,16,15,4
273.292523,774.0,504.0,0.0,0.0,15,15,4
273.307707,774.0,504.0,0.0,0.0,16,15,4
273.532793,792.0,504.0,0.0,0.0,16,15,4
273.625193,792.0,504.0,0.0,0.0,16,16,4
274.403056,792.0,522.0,0.0,0.0,16,15,4
274.417899,792.0,522.0,0.0,0.0,15,15,4
274.435418,792.0,522.0,0.0,0.0,16,15,4
274.56899,792.0,540.0,0.0,0.0,16,14,4
274.584698,792.0,540.0,0.0,0.0,15,14,4
274.602972,792.0,540.0,0.0,0.0,16,14,4
274.633455,792.0,558.0,0.0,0.0,16,13,4
274.649522,792.0,558.0,0.0,0.0,15,13,4
274.667804,792.0,558.0,0.0,0.0,16,13,4
274.846321,792.0,576.0,0.0,0.0,16,12,4
274.863949,792.0,576.0,0.0,0.0,15,12,4
274.900067,792.0,576.0,0.0,0.0,16,12,4
274.945295,810.0,576.0,0.0,0.0,16,12,4
275.36162,828.0,576.0,0.0,0.0,16,12,4
275.384866,828.0,576.0,0.0,0.0,16,13,4
275.59008,846.0,576.0,0.0,0.0,16,13,4
275.813252,864.0,576.0,0.0,0.0,16,13,4
275.926176,864.0,576.0,0.0,0.0,16,14,4
275.970895,864.0,576.0,0.0,0.0,16,15,4
276.016124,864.0,594.0,0.0,0.0,16,14,4
276.025299,864.0,594.0,0.0,0.0,15,14,4
276.040619,864.0,594.0,0.0,0.0,16,14,4
276.073831,864.0,594.0,0.0,0.0,16,15,4
276.258684,864.0,594.0,0.0,0.0,16,15,4
276.47057,882.0,594.0,0.0,0.0,16,15,4
276.501474,882.0,594.0,0.0,0.0,16,16,4
276.700222,882.0,594.0,0.0,0.0,16,16,4
276.749497,882.0,108.0,486.0,0.0,16,16,4
277.054499,882.0,126.0,486.0,0.0,16,15,4
277.070627,882.0,126.0,486.0,0.0,15,15,4
277.090296,882.0,126.0,486.0,0.0,16,15,4
277.524552,900.0,126.0,486.0,0.0,16,15,4
277.623737,900.0,126.0,486.0,0.0,16,16,4
277.802043,900.0,144.0,486.0,0.0,16,15,4
277.817933,900.0,144.0,486.0,0.0,15,15,4
277.840096,900.0,144.0,486.0,0.0,16,15,4
277.93999,900.0,144.0,0.0,486.0,16,15,4
278.157278,918.0,144.0,0.0,486.0,16,15,4
278.205161,918.0,144.0,0.0,486.0,16,15,4
278.239677,918.0,144.0,0.0,486.0,16,16,4
278.305272,900.0,144.0,0.0,468.0,16,16,4
278.337572,882.0,144.0,0.0,450.0,16,16,4
278.367254,864.0,144.0,0.0,432.0,16,16,4
278.39371,846.0,144.0,0.0,414.0,16,16,4
278.418808,828.0,144.0,0.0,396.0,16,16,4
278.443326,810.0,144.0,0.0,378.0,16,16,4
278.466404,792.0,144.0,0.0,360.0,16,16,4
278.489809,774.0,144.0,0.0,342.0,16,16,4
278.51276,756.0,144.0,0.0,324.0,16,16,4
278.539326,738.0,144.0,0.0,306.0,16,16,4
278.564865,720.0,144.0,0.0,288.0,16,16,4
278.589656,702.0,144.0,0.0,270.0,16,16,4
278.618514,684.0,144.0,0.0,252.0,16,16,4
278.644709,666.0,144.0,0.0,234.0,16,16,4
278.677052,648.0,144.0,0.0,216.0,16,16,4
278.728999,648.0,162.0,0.0,216.0,16,15,4
278.743238,648.0,162.0,0.0,216.0,15,15,4
278.761286,648.0,162.0,0.0,216.0,16,15,4
278.793648,630.0,162.0,0.0,198.0,16,15,4
278.984487,612.0,162.0,0.0,180.0,16,15,4
279.120256,630.0,162.0,0.0,180.0,16,15,4
279.24984,612.0,162.0,0.0,162.0,16,15,4
279.287567,594.0,162.0,0.0,144.0,16,15,4
279.317139,576.0,162.0,0.0,126.0,16,15,4
279.345488,576.0,180.0,0.0,126.0,16,14,4
279.359681,576.0,180.0,0.0,126.0,15,14,4
279.377,576.0,180.0,0.0,126.0,16,14,4
279.401653,576.0,180.0,0.0,126.0,16,15,4
279.457465,558.0,180.0,0.0,108.0,16,15,4
279.485298,540.0,180.0,0.0,90.0,16,15,4
279.50912,522.0,180.0,0.0,72.0,16,15,4
279.534694,504.0,180.0,0.0,54.0,16,15,4
279.666881,522.0,180.0,0.0,54.0,16,15,4
279.682351,522.0,198.0,0.0,54.0,16,14,4
279.694587,522.0,198.0,0.0,54.0,15,14,4
279.711142,522.0,198.0,0.0,54.0,16,14,4
279.832752,522.0,216.0,0.0,54.0,16,13,4
279.848212,522.0,216.0,0.0,54.0,15,13,4
279.866696,522.0,216.0,0.0,54.0,16,13,4
279.909823,504.0,216.0,0.0,36.0,16,13,4
279.967169,486.0,216.0,0.0,18.0,16,13,4
280.138642,486.0,216.0,0.0,18.0,16,14,4
280.163787,504.0,216.0,0.0,18.0,16,14,4
280.202996,504.0,216.0,0.0,18.0,16,15,4
280.273829,486.0,216.0,0.0,0.0,16,15,4
280.291506,486.0,216.0,0.0,0.0,16,15,3
280.336626,486.0,216.0,0.0,0.0,16,15,4
280.3869,486.0,216.0,0.0,0.0,16,15,4
280.947671,486.0,234.0,0.0,0.0,16,14,4
280.962265,486.0,234.0,0.0,0.0,15,14,4
280.979836,486.0,234.0,0.0,0.0,16,14,4
281.289323,504.0,234.0,0.0,0.0,16,14,4
281.321165,504.0,234.0,0.0,0.0,16,15,4
281.737907,522.0,234.0,0.0,0.0,16,15,4
281.766596,522.0,234.0,0.0,0.0,16,16,4
281.807622,522.0,252.0,0.0,0.0,16,15,4
281.823785,522.0,252.0,0.0,0.0,15,15,4
281.843815,522.0,252.0,0.0,0.0,16,15,4
282.121392,522.0,270.0,0.0,0.0,16,14,4
282.134929,522.0,270.0,0.0,0.0,15,14,4
282.15462,522.0,270.0,0.0,0.0,16,14,4
282.201949,540.0,270.0,0.0,0.0,16,14,4
282.256652,540.0,270.0,0.0,0.0,16,15,4
282.349897,540.0,288.0,0.0,0.0,16,14,4
282.363505,540.0,288.0,0.0,0.0,15,14,4
282.381795,540.0,288.0,0.0,0.0,16,14,4
282.459456,540.0,306.0,0.0,0.0,16,13,4
282.472455,540.0,306.0,0.0,0.0,15,13,4
282.488822,540.0,306.0,0.0,0.0,16,13,4
282.650855,558.0,306.0,0.0,0.0,16,13,4
282.744751,576.0,306.0,0.0,0.0,16,13,4
282.783273,576.0,306.0,0.0,0.0,16,14,4
283.49146,576.0,306.0,0.0,0.0,16,15,4
283.888856,576.0,324.0,0.0,0.0,16,14,4
283.90429,576.0,324.0,0.0,0.0,15,14,4
283.924416,576.0,324.0,0.0,0.0,16,14,4
283.966188,594.0,324.0,0.0,0.0,16,14,4
284.122733,594.0,324.0,0.0,0.0,16,15,4
284.287167,612.0,324.0,0.0,0.0,16,15,4
284.331409,612.0,324.0,0.0,0.0,16,16,4
285.291772,612.0,342.0,0.0,0.0,16,15,4
285.301886,612.0,342.0,0.0,0.0,15,15,4
285.320021,612.0,342.0,0.0,0.0,16,15,4
285.525793,612.0,360.0,0.0,0.0,16,14,4
285.537571,612.0,360.0,0.0,0.0,15,14,4
285.552686,612.0,360.0,0.0,0.0,16,14,4
286.447379,630.0,360.0,0.0,0.0,16,14,4
286.471133,630.0,360.0,0.0,0.0,16,15,4
286.503824,630.0,378.0,0.0,0.0,16,14,4
286.513577,630.0,378.0,0.0,0.0,15,14,4
286.529734,630.0,378.0,0.0,0.0,16,14,4
287.170602,648.0,378.0,0.0,0.0,16,14,4
287.193145,648.0,396.0,0.0,0.0,16,13,4
287.202555,648.0,396.0,0.0,0.0,15,13,4
287.221531,648.0,396.0,0.0,0.0,16,13,4
287.244635,648.0,396.0,0.0,0.0,16,14,4
287.471868,666.0,396.0,0.0,0.0,16,14,4
287.495665,666.0,396.0,0.0,0.0,16,15,4
288.150543,666.0,414.0,0.0,0.0,16,14,4
288.163846,666.0,414.0,0.0,0.0,15,14,4
288.189915,666.0,414.0,0.0,0.0,16,14,4
289.258131,666.0,432.0,0.0,0.0,16,13,4
289.274251,666.0,432.0,0.0,0.0,15,13,4
289.297009,666.0,432.0,0.0,0.0,16,13,4
289.543354,666.0,450.0,0.0,0.0,16,12,4
289.555558,666.0,450.0,0.0,0.0,15,12,4
289.570541,666.0,450.0,0.0,0.0,16,12,4
289.621229,684.0,450.0,0.0,0.0,16,12,4
289.770258,684.0,450.0,0.0,0.0,16,13,4
289.788541,702.0,450.0,0.0,0.0,16,13,4
289.972371,720.0,450.0,0.0,0.0,16,13,4
290.136988,720.0,468.0,0.0,0.0,16,12,4
290.150405,720.0,468.0,0.0,0.0,15,12,4
290.168117,720.0,468.0,0.0,0.0,16,12,4
290.221881,738.0,468.0,0.0,0.0,16,12,4
290.270926,738.0,468.0,0.0,0.0,16,13,4
290.288724,738.0,468.0,0.0,0.0,16,14,4
290.311059,738.0,486.0,0.0,0.0,16,13,4
290.326267,738.0,486.0,0.0,0.0,15,13,4
290.344226,738.0,486.0,0.0,0.0,16,13,4
290.390679,738.0,486.0,0.0,0.0,16,14,4
290.545489,756.0,486.0,0.0,0.0,16,14,4
290.589317,756.0,486.0,0.0,0.0,16,15,4
290.728339,774.0,486.0,0.0,0.0,16,15,4
290.761128,774.0,486.0,0.0,0.0,16,16,4
291.046304,774.0,504.0,0.0,0.0,16,15,4
291.062024,774.0,504.0,0.0,0.0,15,15,4
291.079628,774.0,504.0,0.0,0.0,16,15,4
291.339059,792.0,504.0,0.0,0.0,16,15,4
291.397164,792.0,504.0,0.0,0.0,16,16,4
291.666671,792.0,522.0,0.0,0.0,16,15,4
291.678428,792.0,522.0,0.0,0.0,15,15,4
291.697546,792.0,522.0,0.0,0.0,16,15,4
291.773793,792.0,540.0,0.0,0.0,16,14,4
291.785346,792.0,540.0,0.0,0.0,15,14,4
291.799385,792.0,540.0,0.0,0.0,16,14,4
291.985572,810.0,540.0,0.0,0.0,16,14,4
292.009897,810.0,540.0,0.0,0.0,16,15,4
293.37048,810.0,558.0,0.0,0.0,16,14,4
293.387653,810.0,558.0,0.0,0.0,15,14,4
293.42297,810.0,558.0,0.0,0.0,16,14,4
293.463736,828.0,558.0,0.0,0.0,16,14,4
293.481759,828.0,576.0,0.0,0.0,16,13,4
293.496923,828.0,576.0,0.0,0.0,15,13,4
293.514964,828.0,576.0,0.0,0.0,16,13,4
293.616871,828.0,594.0,0.0,0.0,16,12,4
293.630399,828.0,594.0,0.0,0.0,15,12,4
293.644562,828.0,594.0,0.0,0.0,16,12,4
293.675674,828.0,612.0,0.0,0.0,16,11,4
293.690592,828.0,612.0,0.0,0.0,15,11,4
293.708311,828.0,612.0,0.0,0.0,16,11,4
293.739706,828.0,630.0,0.0,0.0,16,10,4
293.753033,828.0,630.0,0.0,0.0,15,10,4
293.772342,828.0,630.0,0.0,0.0,16,10,4
294.08921,846.0,630.0,0.0,0.0,16,10,4
294.216796,846.0,630.0,0.0,0.0,16,11,4
294.353287,864.0,630.0,0.0,0.0,16,11,4
294.530541,864.0,630.0,0.0,0.0,16,12,4
294.569867,882.0,630.0,0.0,0.0,16,12,4
294.767493,900.0,630.0,0.0,0.0,16,12,4
294.797048,900.0,630.0,0.0,0.0,16,13,4
294.920076,918.0,630.0,0.0,0.0,16,13,4
295.108342,918.0,630.0,0.0,0.0,16,14,4
295.122246,918.0,630.0,0.0,0.0,16,15,4
295.139261,918.0,648.0,0.0,0.0,16,14,4
295.150307,918.0,648.0,0.0,0.0,15,14,4
295.169747,918.0,648.0,0.0,0.0,16,14,4
295.209243,918.0,648.0,0.0,0.0,16,15,4
295.386246,936.0,648.0,0.0,0.0,16,15,4
295.416177,936.0,648.0,0.0,0.0,16,16,4
296.243115,936.0,666.0,0.0,0.0,16,15,4
296.258914,936.0,666.0,0.0,0.0,15,15,4
296.274569,936.0,666.0,0.0,0.0,16,15,4
296.466143,936.0,684.0,0.0,0.0,16,14,4
296.479901,936.0,684.0,0.0,0.0,15,14,4
296.496947,936.0,684.0,0.0,0.0,16,14,4
296.530166,954.0,684.0,0.0,0.0,16,14,4
296.560254,954.0,684.0,0.0,0.0,16,15,4
296.768316,972.0,684.0,0.0,0.0,16,15,4
296.798702,972.0,684.0,0.0,0.0,16,16,4
297.111713,972.0,702.0,0.0,0.0,16,15,4
297.12271,972.0,702.0,0.0,0.0,15,15,4
297.136344,972.0,702.0,0.0,0.0,16,15,4
297.625752,990.0,702.0,0.0,0.0,16,15,4
297.655275,990.0,720.0,0.0,0.0,16,14,4
297.66927,990.0,720.0,0.0,0.0,15,14,4
297.686109,990.0,720.0,0.0,0.0,16,14,4
297.71802,990.0,720.0,0.0,0.0,16,15,4
297.736346,990.0,738.0,0.0,0.0,16,14,4
297.752865,990.0,738.0,0.0,0.0,15,14,4
297.773918,990.0,738.0,0.0,0.0,16,14,4
297.953847,1008.0,738.0,0.0,0.0,16,14,4
298.145361,1008.0,756.0,0.0,0.0,16,13,4
298.159241,1008.0,756.0,0.0,0.0,15,13,4
298.176424,1008.0,756.0,0.0,0.0,16,13,4
298.232114,1008.0,756.0,0.0,0.0,16,14,4
298.308362,1026.0,756.0,0.0,0.0,16,14,4
298.683117,1026.0,756.0,0.0,0.0,16,15,4
298.748022,1044.0,756.0,0.0,0.0,16,15,4
298.782357,1044.0,756.0,0.0,0.0,16,16,4
299.170769,1044.0,756.0,0.0,0.0,16,16,4
299.625682,1044.0,774.0,0.0,0.0,16,15,4
299.635037,1044.0,774.0,0.0,0.0,15,15,4
299.651285,1044.0,774.0,0.0,0.0,16,15,4
299.861428,1044.0,792.0,0.0,0.0,16,14,4
299.873114,1044.0,792.0,0.0,0.0,15,14,4
299.888538,1044.0,792.0,0.0,0.0,16,14,4
299.913469,1062.0,792.0,0.0,0.0,16,14,4
299.935704,1062.0,792.0,0.0,0.0,16,15,4
300.103059,1080.0,792.0,0.0,0.0,16,15,4
300.193364,1080.0,792.0,0.0,0.0,16,16,4
300.390014,1080.0,792.0,0.0,0.0,16,16,4
300.447777,1080.0,306.0,486.0,0.0,16,16,4
300.615913,1080.0,324.0,486.0,0.0,16,15,4
300.634453,1080.0,324.0,486.0,0.0,15,15,4
300.657172,1080.0,324.0,486.0,0.0,16,15,4
301.317497,1080.0,324.0,0.0,486.0,16,15,4
301.368706,1080.0,324.0,0.0,486.0,16,15,4
301.447849,1062.0,324.0,0.0,468.0,16,15,4
301.477594,1044.0,324.0,0.0,450.0,16,15,4
301.505721,1026.0,324.0,0.0,432.0,16,15,4
301.533746,1008.0,324.0,0.0,414.0,16,15,4
301.563324,990.0,324.0,0.0,396.0,16,15,4
301.590172,972.0,324.0,0.0,378.0,16,15,4
301.613743,954.0,324.0,0.0,360.0,16,15,4
301.637501,936.0,324.0,0.0,342.0,16,15,4
301.664508,918.0,324.0,0.0,324.0,16,15,4
301.690826,900.0,324.0,0.0,306.0,16,15,4
301.715739,882.0,324.0,0.0,288.0,16,15,4
301.739626,864.0,324.0,0.0,270.0,16,15,4
301.763325,846.0,324.0,0.0,252.0,16,15,4
301.786899,828.0,324.0,0.0,234.0,16,15,4
301.812125,810.0,324.0,0.0,216.0,16,15,4
301.836546,792.0,324.0,0.0,198.0,16,15,4
301.860457,774.0,324.0,0.0,180.0,16,15,4
301.886365,756.0,324.0,0.0,162.0,16,15,4
301.911728,738.0,324.0,0.0,144.0,16,15,4
301.933014,720.0,324.0,0.0,126.0,16,15,4
301.955471,702.0,324.0,0.0,108.0,16,15,4
301.977468,684.0,324.0,0.0,90.0,16,15,4
301.999091,666.0,324.0,0.0,72.0,16,15,4
302.039116,666.0,342.0,0.0,72.0,16,14,4
302.053697,666.0,342.0,0.0,72.0,15,14,4
302.075007,666.0,342.0,0.0,72.0,16,14,4
302.110229,648.0,342.0,0.0,54.0,16,14,4
302.149675,630.0,342.0,0.0,36.0,16,14,4
302.174007,612.0,342.0,0.0,18.0,16,14,4
302.213917,594.0,342.0,0.0,0.0,16,14,4
302.229465,594.0,342.0,0.0,0.0,16,14,3
302.378123,594.0,360.0,0.0,0.0,16,13,3
302.390315,594.0,360.0,0.0,0.0,15,13,3
302.406241,594.0,360.0,0.0,0.0,16,13,3
302.501289,612.0,360.0,0.0,0.0,16,13,3
302.536721,612.0,360.0,0.0,0.0,16,14,3
302.646134,630.0,360.0,0.0,0.0,16,14,3
302.670637,630.0,360.0,0.0,0.0,16,15,3
302.877842,648.0,360.0,0.0,0.0,16,15,3
302.891039,648.0,378.0,0.0,0.0,16,14,3
302.901561,648.0,378.0,0.0,0.0,15,14,3
302.916078,648.0,378.0,0.0,0.0,16,14,3
302.957188,648.0,378.0,0.0,0.0,16,15,3
303.149661,666.0,378.0,0.0,0.0,16,15,3
303.176788,666.0,378.0,0.0,0.0,16,16,3
303.814319,666.0,396.0,0.0,0.0,16,15,3
303.829743,666.0,396.0,0.0,0.0,15,15,3
303.846985,666.0,396.0,0.0,0.0,16,15,3
304.068884,684.0,396.0,0.0,0.0,16,15,3
304.098384,684.0,396.0,0.0,0.0,16,16,3
304.93904,684.0,414.0,0.0,0.0,16,15,3
304.950596,684.0,414.0,0.0,0.0,15,15,3
304.966275,684.0,414.0,0.0,0.0,16,15,3
305.7483,684.0,432.0,0.0,0.0,16,14,3
305.765187,684.0,432.0,0.0,0.0,15,14,3
305.784637,684.0,432.0,0.0,0.0,16,14,3
305.818384,684.0,450.0,0.0,0.0,16,13,3
305.839423,684.0,450.0,0.0,0.0,15,13,3
305.866741,684.0,450.0,0.0,0.0,16,13,3
305.904706,684.0,468.0,0.0,0.0,16,12,3
305.923138,684.0,468.0,0.0,0.0,15,12,3
305.945497,684.0,468.0,0.0,0.0,16,12,3
306.154103,684.0,486.0,0.0,0.0,16,11,3
306.167723,684.0,486.0,0.0,0.0,15,11,3
306.185924,684.0,486.0,0.0,0.0,16,11,3
306.257033,702.0,486.0,0.0,0.0,16,11,3
306.414444,720.0,486.0,0.0,0.0,16,11,3
306.678606,738.0,486.0,0.0,0.0,16,11,3
306.827569,738.0,486.0,0.0,0.0,16,12,3
306.844394,756.0,486.0,0.0,0.0,16,12,3
306.88514,756.0,486.0,0.0,0.0,16,13,3
307.039831,756.0,486.0,0.0,0.0,16,14,3
307.06153,774.0,486.0,0.0,0.0,16,14,3
307.085366,774.0,486.0,0.0,0.0,16,15,3
307.123165,774.0,486.0,0.0,0.0,16,16,3
308.386591,774.0,504.0,0.0,0.0,16,15,3
308.40127,774.0,504.0,0.0,0.0,15,15,3
308.420029,774.0,504.0,0.0,0.0,16,15,3
309.451768,792.0,504.0,0.0,0.0,16,15,3
309.479285,792.0,504.0,0.0,0.0,16,16,3
309.522875,792.0,522.0,0.0,0.0,16,15,3
309.542385,792.0,522.0,0.0,0.0,15,15,3
309.561334,792.0,522.0,0.0,0.0,16,15,3
309.594136,792.0,540.0,0.0,0.0,16,14,3
309.609091,792.0,540.0,0.0,0.0,15,14,3
309.624724,792.0,540.0,0.0,0.0,16,14,3
309.804837,792.0,558.0,0.0,0.0,16,13,3
309.81523,792.0,558.0,0.0,0.0,15,13,3
309.830635,792.0,558.0,0.0,0.0,16,13,3
309.946381,810.0,558.0,0.0,0.0,16,13,3
309.982256,810.0,576.0,0.0,0.0,16,12,3
309.992855,810.0,576.0,0.0,0.0,15,12,3
310.006829,810.0,576.0,0.0,0.0,16,12,3
310.030453,810.0,594.0,0.0,0.0,16,11,3
310.046864,810.0,594.0,0.0,0.0,15,11,3
310.062014,810.0,594.0,0.0,0.0,16,11,3
310.178564,810.0,612.0,0.0,0.0,16,10,3
310.189651,810.0,612.0,0.0,0.0,15,10,3
310.204963,810.0,612.0,0.0,0.0,16,10,3
310.255601,810.0,630.0,0.0,0.0,16,9,3
310.270559,810.0,630.0,0.0,0.0,15,9,3
310.290958,810.0,630.0,0.0,0.0,16,9,3
310.378319,810.0,648.0,0.0,0.0,16,8,3
310.392798,810.0,648.0,0.0,0.0,15,8,3
310.408594,810.0,648.0,0.0,0.0,16,8,3
310.466997,810.0,666.0,0.0,0.0,16,7,3
310.481306,810.0,666.0,0.0,0.0,15,7,3
310.496988,810.0,666.0,0.0,0.0,16,7,3
310.778575,828.0,666.0,0.0,0.0,16,7,3
311.005315,828.0,666.0,0.0,0.0,16,8,3
311.022363,846.0,666.0,0.0,0.0,16,8,3
311.184516,846.0,666.0,0.0,0.0,16,9,3
311.21835,864.0,666.0,0.0,0.0,16,9,3
311.415837,864.0,666.0,0.0,0.0,16,10,3
311.503449,882.0,666.0,0.0,0.0,16,10,3
311.536257,882.0,666.0,0.0,0.0,16,11,3
311.654688,900.0,666.0,0.0,0.0,16,11,3
311.76459,900.0,666.0,0.0,0.0,16,12,3
311.95106,900.0,666.0,0.0,0.0,16,13,3
311.983816,918.0,666.0,0.0,0.0,16,13,3
312.178138,918.0,666.0,0.0,0.0,16,14,3
312.221764,936.0,666.0,0.0,0.0,16,14,3
312.362654,936.0,666.0,0.0,0.0,16,15,3
312.38555,954.0,666.0,0.0,0.0,16,15,3
312.47539,954.0,666.0,0.0,0.0,16,16,3
312.625482,954.0,666.0,0.0,0.0,16,16,3
313.010665,954.0,684.0,0.0,0.0,16,15,3
313.030533,954.0,684.0,0.0,0.0,15,15,3
313.053849,954.0,684.0,0.0,0.0,16,15,3
313.376414,954.0,702.0,0.0,0.0,16,14,3
313.38802,954.0,702.0,0.0,0.0,15,14,3
313.404014,954.0,702.0,0.0,0.0,16,14,3
313.439114,954.0,720.0,0.0,0.0,16,13,3
313.45417,954.0,720.0,0.0,0.0,15,13,3
313.471973,954.0,720.0,0.0,0.0,16,13,3
313.506433,972.0,720.0,0.0,0.0,16,13,3
313.550505,972.0,738.0,0.0,0.0,16,12,3
313.565362,972.0,738.0,0.0,0.0,15,12,3
313.582041,972.0,738.0,0.0,0.0,16,12,3
313.75886,990.0,738.0,0.0,0.0,16,12,3
313.939348,1008.0,738.0,0.0,0.0,16,12,3
314.11805,1008.0,738.0,0.0,0.0,16,13,3
314.291444,1008.0,738.0,0.0,0.0,16,14,3
314.344562,1026.0,738.0,0.0,0.0,16,14,3
314.433351,1026.0,738.0,0.0,0.0,16,15,3
314.454725,1026.0,738.0,0.0,0.0,16,16,3
314.516665,1026.0,738.0,0.0,0.0,16,16,3
314.609331,1026.0,252.0,486.0,0.0,16,16,3
314.845564,1026.0,270.0,486.0,0.0,16,15,3
314.859168,1026.0,270.0,486.0,0.0,15,15,3
314.877171,1026.0,270.0,486.0,0.0,16,15,3
315.159197,1044.0,270.0,486.0,0.0,16,15,3
315.198776,1044.0,270.0,486.0,0.0,16,16,3
315.560644,1044.0,288.0,486.0,0.0,16,15,3
315.573288,1044.0,288.0,486.0,0.0,15,15,3
315.587252,1044.0,288.0,486.0,0.0,16,15,3
315.859426,1062.0,288.0,486.0,0.0,16,15,3
315.894931,1062.0,288.0,0.0,486.0,16,15,3
315.919044,1062.0,288.0,0.0,486.0,16,16,3
315.977936,1062.0,288.0,0.0,486.0,16,16,3
316.090449,1044.0,288.0,0.0,468.0,16,16,3
316.134558,1026.0,288.0,0.0,450.0,16,16,3
316.164927,1008.0,288.0,0.0,432.0,16,16,3
316.195446,1008.0,306.0,0.0,432.0,16,15,3
316.209325,1008.0,306.0,0.0,432.0,15,15,3
316.241523,1008.0,306.0,0.0,432.0,16,15,3
316.272529,990.0,306.0,0.0,414.0,16,15,3
316.310565,972.0,306.0,0.0,396.0,16,15,3
316.337504,954.0,306.0,0.0,378.0,16,15,3
316.364142,936.0,306.0,0.0,360.0,16,15,3
316.540475,954.0,306.0,0.0,360.0,16,15,3
316.633265,954.0,306.0,0.0,360.0,16,16,3
316.65732,936.0,306.0,0.0,342.0,16,16,3
316.82225,936.0,324.0,0.0,342.0,16,15,3
316.838047,936.0,324.0,0.0,342.0,15,15,3
316.857929,936.0,324.0,0.0,342.0,16,15,3
316.889935,918.0,324.0,0.0,324.0,16,15,3
316.91937,900.0,324.0,0.0,306.0,16,15,3
316.945449,882.0,324.0,0.0,288.0,16,15,3
316.969455,864.0,324.0,0.0,270.0,16,15,3
316.996253,846.0,324.0,0.0,252.0,16,15,3
317.019691,828.0,324.0,0.0,234.0,16,15,3
317.044189,810.0,324.0,0.0,216.0,16,15,3
317.067258,792.0,324.0,0.0,198.0,16,15,3
317.090981,774.0,324.0,0.0,180.0,16,15,3
317.115241,756.0,324.0,0.0,162.0,16,15,3
317.140486,738.0,324.0,0.0,144.0,16,15,3
317.163092,720.0,324.0,0.0,126.0,16,15,3
317.185245,702.0,324.0,0.0,108.0,16,15,3
317.208777,684.0,324.0,0.0,90.0,16,15,3
317.273802,666.0,324.0,0.0,72.0,16,15,3
317.381073,666.0,342.0,0.0,72.0,16,14,3
317.397174,666.0,342.0,0.0,72.0,15,14,3
317.417453,666.0,342.0,0.0,72.0,16,14,3
317.456374,684.0,342.0,0.0,72.0,16,14,3
317.51791,666.0,342.0,0.0,54.0,16,14,3
317.71399,684.0,342.0,0.0,54.0,16,14,3
317.800977,684.0,342.0,0.0,54.0,16,15,3
317.819264,684.0,342.0,0.0,54.0,16,16,3
317.875623,666.0,342.0,0.0,36.0,16,16,3
317.902343,648.0,342.0,0.0,18.0,16,16,3
317.929647,630.0,342.0,0.0,0.0,16,16,3
317.942112,630.0,342.0,0.0,0.0,16,16,2
320.05122,630.0,360.0,0.0,0.0,16,15,2
320.064375,630.0,360.0,0.0,0.0,15,15,2
320.083092,630.0,360.0,0.0,0.0,16,15,2
320.309074,630.0,378.0,0.0,0.0,16,14,2
320.323606,630.0,378.0,0.0,0.0,15,14,2
320.340359,630.0,378.0,0.0,0.0,16,14,2
320.368605,630.0,396.0,0.0,0.0,16,13,2
320.378392,630.0,396.0,0.0,0.0,15,13,2
320.394796,630.0,396.0,0.0,0.0,16,13,2
320.421166,648.0,396.0,0.0,0.0,16,13,2
320.599125,648.0,396.0,0.0,0.0,16,14,2
320.649467,666.0,396.0,0.0,0.0,16,14,2
320.76914,684.0,396.0,0.0,0.0,16,14,2
320.819087,684.0,396.0,0.0,0.0,16,15,2
320.831188,684.0,396.0,0.0,0.0,16,16,2
321.186068,684.0,414.0,0.0,0.0,16,15,2
321.198713,684.0,414.0,0.0,0.0,15,15,2
321.211895,684.0,414.0,0.0,0.0,16,15,2
321.423701,702.0,414.0,0.0,0.0,16,15,2
321.447209,702.0,414.0,0.0,0.0,16,16,2
322.385325,702.0,432.0,0.0,0.0,16,15,2
322.398089,702.0,432.0,0.0,0.0,15,15,2
322.413922,702.0,432.0,0.0,0.0,16,15,2
322.62083,720.0,432.0,0.0,0.0,16,15,2
322.651462,720.0,432.0,0.0,0.0,16,16,2
322.814574,720.0,450.0,0.0,0.0,16,15,2
322.826451,720.0,450.0,0.0,0.0,15,15,2
322.84029,720.0,450.0,0.0,0.0,16,15,2
323.08744,720.0,468.0,0.0,0.0,16,14,2
323.106558,720.0,468.0,0.0,0.0,15,14,2
323.128833,720.0,468.0,0.0,0.0,16,14,2
323.410905,738.0,468.0,0.0,0.0,16,14,2
323.447563,738.0,468.0,0.0,0.0,16,15,2
323.552731,738.0,486.0,0.0,0.0,16,14,2
323.575046,738.0,486.0,0.0,0.0,15,14,2
323.590559,738.0,486.0,0.0,0.0,16,14,2
323.806434,756.0,486.0,0.0,0.0,16,14,2
323.831542,756.0,486.0,0.0,0.0,16,15,2
325.488556,774.0,486.0,0.0,0.0,16,15,2
325.527814,774.0,486.0,0.0,0.0,16,16,2
326.328282,774.0,504.0,0.0,0.0,16,15,2
326.33901,774.0,504.0,0.0,0.0,15,15,2
326.353858,774.0,504.0,0.0,0.0,16,15,2
326.546549,792.0,504.0,0.0,0.0,16,15,2
326.57109,792.0,504.0,0.0,0.0,16,16,2
326.86873,792.0,522.0,0.0,0.0,16,15,2
326.88209,792.0,522.0,0.0,0.0,15,15,2
326.89762,792.0,522.0,0.0,0.0,16,15,2
327.361224,810.0,522.0,0.0,0.0,16,15,2
327.379939,810.0,540.0,0.0,0.0,16,14,2
327.395951,810.0,540.0,0.0,0.0,15,14,2
327.410744,810.0,540.0,0.0,0.0,16,14,2
327.441185,810.0,558.0,0.0,0.0,16,13,2
327.454976,810.0,558.0,0.0,0.0,15,13,2
327.468534,810.0,558.0,0.0,0.0,16,13,2
327.492647,810.0,558.0,0.0,0.0,16,14,2
327.674232,828.0,558.0,0.0,0.0,16,14,2
327.721621,828.0,558.0,0.0,0.0,16,15,2
328.400438,828.0,576.0,0.0,0.0,16,14,2
328.415499,828.0,576.0,0.0,0.0,15,14,2
328.434789,828.0,576.0,0.0,0.0,16,14,2
328.756422,828.0,594.0,0.0,0.0,16,13,2
328.770096,828.0,594.0,0.0,0.0,15,13,2
328.78518,828.0,594.0,0.0,0.0,16,13,2
328.826164,846.0,594.0,0.0,0.0,16,13,2
328.859406,846.0,594.0,0.0,0.0,16,14,2
329.223765,864.0,594.0,0.0,0.0,16,14,2
329.329383,882.0,594.0,0.0,0.0,16,14,2
329.362188,882.0,612.0,0.0,0.0,16,13,2
329.372508,882.0,612.0,0.0,0.0,15,13,2
329.388941,882.0,612.0,0.0,0.0,16,13,2
329.42607,882.0,612.0,0.0,0.0,16,14,2
329.446202,882.0,612.0,0.0,0.0,16,15,2
329.643284,900.0,612.0,0.0,0.0,16,15,2
329.671152,900.0,612.0,0.0,0.0,16,16,2
331.523489,900.0,630.0,0.0,0.0,16,15,2
331.537891,900.0,630.0,0.0,0.0,15,15,2
331.555287,900.0,630.0,0.0,0.0,16,15,2
331.662695,900.0,648.0,0.0,0.0,16,14,2
331.675403,900.0,648.0,0.0,0.0,15,14,2
331.691805,900.0,648.0,0.0,0.0,16,14,2
331.834122,918.0,648.0,0.0,0.0,16,14,2
331.85863,918.0,648.0,0.0,0.0,16,15,2
331.983804,936.0,648.0,0.0,0.0,16,15,2
332.025501,936.0,648.0,0.0,0.0,16,16,2
334.231459,936.0,666.0,0.0,0.0,16,15,2
334.24441,936.0,666.0,0.0,0.0,15,15,2
334.257308,936.0,666.0,0.0,0.0,16,15,2
334.440438,954.0,666.0,0.0,0.0,16,15,2
334.473157,954.0,666.0,0.0,0.0,16,16,2
334.565182,954.0,684.0,0.0,0.0,16,15,2
334.580156,954.0,684.0,0.0,0.0,15,15,2
335.124901,954.0,702.0,0.0,0.0,15,14,2
335.14136,954.0,702.0,0.0,0.0,14,14,2
335.964108,954.0,720.0,0.0,0.0,14,13,2
335.977469,954.0,720.0,0.0,0.0,13,13,2
336.762158,954.0,738.0,0.0,0.0,13,12,2
336.777699,954.0,738.0,0.0,0.0,12,12,2
336.837668,954.0,756.0,0.0,0.0,12,11,2
336.850538,954.0,756.0,0.0,0.0,11,11,2
337.085801,954.0,774.0,0.0,0.0,11,10,2
337.09928,954.0,774.0,0.0,0.0,10,10,2
337.747755,954.0,792.0,0.0,0.0,10,9,2
337.761721,954.0,792.0,0.0,0.0,9,9,2
338.199722,954.0,810.0,0.0,0.0,9,8,2
338.217384,954.0,810.0,0.0,0.0,8,8,2
339.117945,954.0,828.0,0.0,0.0,8,7,2
339.133325,954.0,828.0,0.0,0.0,7,7,2
339.652353,954.0,846.0,0.0,0.0,7,6,2
339.667057,954.0,846.0,0.0,0.0,6,6,2
341.754321,954.0,864.0,0.0,0.0,6,5,2
341.768608,954.0,864.0,0.0,0.0,5,5,2
343.555081,954.0,882.0,0.0,0.0,5,4,2
343.571148,954.0,882.0,0.0,0.0,4,4,2
352.557954,954.0,900.0,0.0,0.0,4,3,2
352.575878,954.0,900.0,0.0,0.0,3,3,2
357.768642,954.0,918.0,0.0,0.0,3,2,2
357.78577,954.0,918.0,0.0,0.0,2,2,2
360.452892,954.0,936.0,0.0,0.0,2,1,2
360.472167,954.0,936.0,0.0,0.0,1,1,2
360.504112,954.0,954.0,0.0,0.0,1,0,2
360.521924,954.0,954.0,0.0,0.0,0,0,2
360.951984,954.0,954.0,0.0,0.0,0,0,2
361.357468,954.0,954.0,0.0,0.0,0,0,2
361.925122,954.0,954.0,0.0,0.0,0,0,2
362.00618,954.0,468.0,486.0,0.0,0,0,2
362.787165,954.0,468.0,0.0,486.0,0,0,2
363.089269,954.0,468.0,0.0,486.0,0,0,2
363.257788,936.0,468.0,0.0,468.0,0,0,2
363.292607,918.0,468.0,0.0,450.0,0,0,2
363.328389,900.0,468.0,0.0,432.0,0,0,2
363.355424,882.0,468.0,0.0,414.0,0,0,2
363.381818,864.0,468.0,0.0,396.0,0,0,2
363.414283,846.0,468.0,0.0,378.0,0,0,2
363.442293,828.0,468.0,0.0,360.0,0,0,2
363.468085,810.0,468.0,0.0,342.0,0,0,2
363.494939,792.0,468.0,0.0,324.0,0,0,2
363.519017,774.0,468.0,0.0,306.0,0,0,2
363.543289,756.0,468.0,0.0,288.0,0,0,2
363.567255,738.0,468.0,0.0,270.0,0,0,2
363.593184,720.0,468.0,0.0,252.0,0,0,2
363.617131,702.0,468.0,0.0,234.0,0,0,2
363.641357,684.0,468.0,0.0,216.0,0,0,2
363.665241,666.0,468.0,0.0,198.0,0,0,2
363.689338,648.0,468.0,0.0,180.0,0,0,2
363.712616,630.0,468.0,0.0,162.0,0,0,2
363.736599,612.0,468.0,0.0,144.0,0,0,2
363.760088,594.0,468.0,0.0,126.0,0,0,2
363.785178,576.0,468.0,0.0,108.0,0,0,2
363.809079,558.0,468.0,0.0,90.0,0,0,2
363.832482,540.0,468.0,0.0,72.0,0,0,2
363.854548,522.0,468.0,0.0,54.0,0,0,2
363.88044,504.0,468.0,0.0,36.0,0,0,2
363.904797,486.0,468.0,0.0,18.0,0,0,2
363.927841,468.0,468.0,0.0,0.0,0,0,2
363.938452,468.0,468.0,0.0,0.0,0,0,1
364.011287,468.0,468.0,0.0,0.0,0,0,1
364.045274,468.0,0.0,468.0,0.0,0,0,1
364.763367,468.0,0.0,0.0,468.0,0,0,1
364.813837,468.0,0.0,0.0,468.0,0,0,1
364.875603,450.0,0.0,0.0,450.0,0,0,1
364.905796,432.0,0.0,0.0,432.0,0,0,1
364.931025,414.0,0.0,0.0,414.0,0,0,1
364.954144,396.0,0.0,0.0,396.0,0,0,1
364.979157,378.0,0.0,0.0,378.0,0,0,1
365.003906,360.0,0.0,0.0,360.0,0,0,1
365.027196,342.0,0.0,0.0,342.0,0,0,1
365.049024,324.0,0.0,0.0,324.0,0,0,1
365.070036,306.0,0.0,0.0,306.0,0,0,1
365.091426,288.0,0.0,0.0,288.0,0,0,1
365.112922,270.0,0.0,0.0,270.0,0,0,1
365.134771,252.0,0.0,0.0,252.0,0,0,1
365.156331,234.0,0.0,0.0,234.0,0,0,1
365.17778,216.0,0.0,0.0,216.0,0,0,1
365.200946,198.0,0.0,0.0,198.0,0,0,1
365.229632,180.0,0.0,0.0,180.0,0,0,1
365.253025,162.0,0.0,0.0,162.0,0,0,1
365.275128,144.0,0.0,0.0,144.0,0,0,1
365.296736,126.0,0.0,0.0,126.0,0,0,1
365.31975,108.0,0.0,0.0,108.0,0,0,1
365.34975,90.0,0.0,0.0,90.0,0,0,1
365.373758,72.0,0.0,0.0,72.0,0,0,1
365.396362,54.0,0.0,0.0,54.0,0,0,1
365.419959,36.0,0.0,0.0,36.0,0,0,1
365.442761,18.0,0.0,0.0,18.0,0,0,1
365.469636,0.0,0.0,0.0,0.0,0,0,1
365.478221,0.0,0.0,0.0,0.0,0,0,0
367.83007,0.0,0.0,0.0,0.0,0,0,0
