key,index,window,worker_start,allocated,fetch_start,fetch_done,worker_done,scatter_start,scatter_done,freed,fetch_ms,ready_wait_ms,waiting_other_chunks_ms,window_finalize_ms,window_schedule_wait_ms,ready_to_free_ms,wait_for_last_worker_start_ms,wait_from_last_worker_to_last_fetch_start_ms,wait_after_last_fetch_start_ms
minji-sync-capacity-bd3212ff2cdb43cfacad8a099fe3715f:qwen4b-shaped-capacity-test@1@0@2fea150ed91d1a03@bfloat16,0,0,2561138270971248,2561138271556094,2561138272667012,2561138277430307,2561138277448982,2561138305860592,2561138308892749,2561138309055672,4.763295,28.430285,25.52129,2.003754,0.905241,31.625365,8.675306,2.322145,14.523839
minji-sync-capacity-bd3212ff2cdb43cfacad8a099fe3715f:qwen4b-shaped-capacity-test@1@0@2d47f1184b9ae063@bfloat16,1,0,2561138271134754,2561138272009662,2561138273299661,2561138278141720,2561138278157439,2561138305860592,2561138308892749,2561138309090525,4.842059,27.718872,24.809877,2.003754,0.905241,30.948805,7.963893,2.322145,14.523839
minji-sync-capacity-bd3212ff2cdb43cfacad8a099fe3715f:qwen4b-shaped-capacity-test@1@0@71d652492867a794@bfloat16,2,0,2561138273418438,2561138273871551,2561138274015689,2561138278789337,2561138278808360,2561138305860592,2561138308892749,2561138309118890,4.773648,27.071255,24.16226,2.003754,0.905241,30.329553,7.316276,2.322145,14.523839
minji-sync-capacity-bd3212ff2cdb43cfacad8a099fe3715f:qwen4b-shaped-capacity-test@1@0@-5c7d3ad80e88e24@bfloat16,3,0,2561138273532094,2561138274976462,2561138275185941,2561138283604038,2561138283624193,2561138305860592,2561138308892749,2561138309151501,8.418097,22.256554,19.347559,2.003754,0.905241,25.547463,2.501575,2.322145,14.523839
minji-sync-capacity-bd3212ff2cdb43cfacad8a099fe3715f:qwen4b-shaped-capacity-test@1@0@-7f96abebaa38dc8c@bfloat16,4,0,2561138273650135,2561138274326124,2561138274491360,2561138291688559,2561138291704326,2561138305860592,2561138308892749,2561138309183882,17.197199,14.172033,11.263038,2.003754,0.905241,17.495323,0.0,0.0,11.263038
minji-sync-capacity-bd3212ff2cdb43cfacad8a099fe3715f:qwen4b-shaped-capacity-test@1@0@b8a4cc8a00e3bbf@bfloat16,5,0,2561138273944268,2561138275214833,2561138275796376,2561138291327405,2561138291344659,2561138305860592,2561138308892749,2561138309209776,15.531029,14.533187,11.624192,2.003754,0.905241,17.882371,0.0,0.0,11.624192
minji-sync-capacity-bd3212ff2cdb43cfacad8a099fe3715f:qwen4b-shaped-capacity-test@1@0@6c228b2f5aba3324@bfloat16,6,0,2561138274372858,2561138275370023,2561138276032741,2561138286976713,2561138286993843,2561138305860592,2561138308892749,2561138309234536,10.943972,18.883879,15.974884,2.003754,0.905241,22.257823,0.0,1.451045,14.523839
minji-sync-capacity-bd3212ff2cdb43cfacad8a099fe3715f:qwen4b-shaped-capacity-test@1@0@-11396abe03b46987@bfloat16,7,0,2561138274439019,2561138275524779,2561138276324731,2561138285636434,2561138285652359,2561138305860592,2561138308892749,2561138309311426,9.311703,20.224158,17.315163,2.003754,0.905241,23.674992,0.469179,2.322145,14.523839
minji-sync-capacity-bd3212ff2cdb43cfacad8a099fe3715f:qwen4b-shaped-capacity-test@1@0@1f59c4a41fc46f68@bfloat16,8,0,2561138274704356,2561138275750203,2561138276308489,2561138280800969,2561138280815080,2561138305860592,2561138308892749,2561138309339128,4.49248,25.059623,22.150628,2.003754,0.905241,28.538159,5.304644,2.322145,14.523839
minji-sync-capacity-bd3212ff2cdb43cfacad8a099fe3715f:qwen4b-shaped-capacity-test@1@0@73dce75ab51f115c@bfloat16,9,0,2561138274877995,2561138276808964,2561138276870834,2561138281689571,2561138281710387,2561138305860592,2561138308892749,2561138309364916,4.818737,24.171021,21.262026,2.003754,0.905241,27.675345,4.416042,2.322145,14.523839
minji-sync-capacity-bd3212ff2cdb43cfacad8a099fe3715f:qwen4b-shaped-capacity-test@1@0@3ca5229b655eb276@bfloat16,10,0,2561138275696868,2561138276357462,2561138277395541,2561138282329529,2561138282350283,2561138305860592,2561138308892749,2561138309391021,4.933988,23.531063,20.622068,2.003754,0.905241,27.061492,3.776084,2.322145,14.523839
minji-sync-capacity-bd3212ff2cdb43cfacad8a099fe3715f:qwen4b-shaped-capacity-test@1@0@7b1f93f6a2aacf6e@bfloat16,11,0,2561138276271193,2561138278262083,2561138279354528,2561138289450687,2561138289467925,2561138305860592,2561138308892749,2561138309447523,10.096159,16.409905,13.50091,2.003754,0.905241,19.996836,0.0,0.0,13.50091
minji-sync-capacity-bd3212ff2cdb43cfacad8a099fe3715f:qwen4b-shaped-capacity-test@1@0@-68047098ab48d86@bfloat16,12,0,2561138276420859,2561138277124147,2561138277165204,2561138284622244,2561138284640261,2561138305860592,2561138308892749,2561138309639443,7.45704,21.238348,18.329353,2.003754,0.905241,25.017199,1.483369,2.322145,14.523839
minji-sync-capacity-bd3212ff2cdb43cfacad8a099fe3715f:qwen4b-shaped-capacity-test@1@0@-56a57eae78e25697@bfloat16,13,0,2561138277467548,2561138278476027,2561138279280677,2561138291887261,2561138291898857,2561138305860592,2561138308892749,2561138310032092,12.606584,13.973331,11.064336,2.003754,0.905241,18.144831,0.0,0.0,11.064336
minji-sync-capacity-bd3212ff2cdb43cfacad8a099fe3715f:qwen4b-shaped-capacity-test@1@0@3ee72f48131e2582@bfloat16,14,0,2561138277864227,2561138278907999,2561138279336602,2561138285305500,2561138285317812,2561138305860592,2561138308892749,2561138310521266,5.968898,20.555092,17.646097,2.003754,0.905241,25.215766,0.800113,2.322145,14.523839
minji-sync-capacity-bd3212ff2cdb43cfacad8a099fe3715f:qwen4b-shaped-capacity-test@1@0@67dcacdd45580f33@bfloat16,15,0,2561138277983969,2561138279608909,2561138279833130,2561138286069146,2561138286085534,2561138305860592,2561138308892749,2561138310587473,6.236016,19.791446,16.882451,2.003754,0.905241,24.518327,0.036467,2.322145,14.523839
minji-sync-capacity-bd3212ff2cdb43cfacad8a099fe3715f:qwen4b-shaped-capacity-test@1@0@-6874b49029983689@bfloat16,16,0,2561138278063981,2561138279078190,2561138279973502,2561138288315714,2561138288334436,2561138305860592,2561138308892749,2561138310615285,8.342212,17.544878,14.635883,2.003754,0.905241,22.299571,0.0,0.112044,14.523839
minji-sync-capacity-bd3212ff2cdb43cfacad8a099fe3715f:qwen4b-shaped-capacity-test@1@0@54da0958a19cd03b@bfloat16,17,0,2561138278175932,2561138279449404,2561138279878940,2561138291121235,2561138291139991,2561138305860592,2561138308892749,2561138310642830,11.242295,14.739357,11.830362,2.003754,0.905241,19.521595,0.0,0.0,11.830362
minji-sync-capacity-bd3212ff2cdb43cfacad8a099fe3715f:qwen4b-shaped-capacity-test@1@0@-1d857642c2b5dcc9@bfloat16,18,0,2561138278834725,2561138279743744,2561138279863196,2561138291063790,2561138291078683,2561138305860592,2561138308892749,2561138310665545,11.200594,14.796802,11.887807,2.003754,0.905241,19.601755,0.0,0.0,11.887807
minji-sync-capacity-bd3212ff2cdb43cfacad8a099fe3715f:qwen4b-shaped-capacity-test@1@0@532b575cc5afa60a@bfloat16,19,0,2561138280832799,2561138281055032,2561138281080154,2561138292245439,2561138292261678,2561138305860592,2561138308892749,2561138310687305,11.165285,13.615153,10.706158,2.003754,0.905241,18.441866,0.0,0.0,10.706158
minji-sync-capacity-bd3212ff2cdb43cfacad8a099fe3715f:qwen4b-shaped-capacity-test@1@0@-299806543a193f7d@bfloat16,20,0,2561138281733149,2561138282010586,2561138282046112,2561138290501565,2561138290516707,2561138305860592,2561138308892749,2561138310714770,8.455453,15.359027,12.450032,2.003754,0.905241,20.213205,0.0,0.0,12.450032
minji-sync-capacity-bd3212ff2cdb43cfacad8a099fe3715f:qwen4b-shaped-capacity-test@1@0@-563dcc07d250b9d1@bfloat16,21,0,2561138282370228,2561138284511016,2561138284702976,2561138293969998,2561138293984616,2561138305860592,2561138308892749,2561138310738827,9.267022,11.890594,8.981599,2.003754,0.905241,16.768829,0.0,0.0,8.981599
minji-sync-capacity-bd3212ff2cdb43cfacad8a099fe3715f:qwen4b-shaped-capacity-test@1@0@691f63a893477ea0@bfloat16,22,0,2561138283653311,2561138283924002,2561138283958168,2561138291946618,2561138291962622,2561138305860592,2561138308892749,2561138310763427,7.98845,13.913974,11.004979,2.003754,0.905241,18.816809,0.0,0.0,11.004979
minji-sync-capacity-bd3212ff2cdb43cfacad8a099fe3715f:qwen4b-shaped-capacity-test@1@0@3b6cd177def73425@bfloat16,23,0,2561138284659371,2561138284965033,2561138285006805,2561138294178931,2561138294193683,2561138305860592,2561138308892749,2561138310785794,9.172126,11.681661,8.772666,2.003754,0.905241,16.606863,0.0,0.0,8.772666
minji-sync-capacity-bd3212ff2cdb43cfacad8a099fe3715f:qwen4b-shaped-capacity-test@1@0@3f785272f0cd1ea7@bfloat16,24,0,2561138285333173,2561138286861082,2561138286902717,2561138293740630,2561138293755518,2561138305860592,2561138308892749,2561138310868185,6.837913,12.119962,9.210967,2.003754,0.905241,17.127555,0.0,0.0,9.210967
minji-sync-capacity-bd3212ff2cdb43cfacad8a099fe3715f:qwen4b-shaped-capacity-test@1@0@-1f32f2d83d24432e@bfloat16,25,0,2561138285669871,2561138288136893,2561138288191909,2561138296457847,2561138296475238,2561138305860592,2561138308892749,2561138310891098,8.265938,9.402745,6.49375,2.003754,0.905241,14.433251,0.0,0.0,6.49375
minji-sync-capacity-bd3212ff2cdb43cfacad8a099fe3715f:qwen4b-shaped-capacity-test@1@0@-2b6dc59ed8ba24a5@bfloat16,26,0,2561138286105613,2561138288392643,2561138288427758,2561138302951597,2561138302969040,2561138305860592,2561138308892749,2561138310927037,14.523839,2.908995,0.0,2.003754,0.905241,7.97544,0.0,0.0,0.0
minji-sync-capacity-bd3212ff2cdb43cfacad8a099fe3715f:qwen4b-shaped-capacity-test@1@0@-423c33e7249b8e60@bfloat16,27,1,2561138287015841,2561138287311861,2561138287345135,2561138293400278,2561138293414970,2561138318144206,2561138319215019,2561138319437447,6.055143,24.743928,22.80062,0.378961,1.564347,26.037169,10.500734,0.544891,11.754995
minji-sync-capacity-bd3212ff2cdb43cfacad8a099fe3715f:qwen4b-shaped-capacity-test@1@0@-2f6c16044bbed0df@bfloat16,28,1,2561138288354199,2561138292959212,2561138293117898,2561138302858020,2561138302869126,2561138318144206,2561138319215019,2561138319608426,9.740122,15.286186,13.342878,0.378961,1.564347,16.750406,1.042992,0.544891,11.754995
minji-sync-capacity-bd3212ff2cdb43cfacad8a099fe3715f:qwen4b-shaped-capacity-test@1@0@1ec572630cc21d3@bfloat16,29,1,2561138289486564,2561138289750276,2561138289836707,2561138296522275,2561138296533191,2561138318144206,2561138319215019,2561138319644299,6.685568,21.621931,19.678623,0.378961,1.564347,23.122024,7.378737,0.544891,11.754995
minji-sync-capacity-bd3212ff2cdb43cfacad8a099fe3715f:qwen4b-shaped-capacity-test@1@0@-137f3da051a905bf@bfloat16,30,1,2561138290534702,2561138294276091,2561138294858506,2561138305662219,2561138305678479,2561138318144206,2561138319215019,2561138319709253,10.803713,12.481987,10.538679,0.378961,1.564347,14.047034,0.0,0.0,10.538679
minji-sync-capacity-bd3212ff2cdb43cfacad8a099fe3715f:qwen4b-shaped-capacity-test@1@0@4c9cbb3ed4af0663@bfloat16,31,1,2561138291094628,2561138291444632,2561138292218959,2561138299686026,2561138299700475,2561138318144206,2561138319215019,2561138319735782,7.467067,18.45818,16.514872,0.378961,1.564347,20.049756,4.214986,0.544891,11.754995
minji-sync-capacity-bd3212ff2cdb43cfacad8a099fe3715f:qwen4b-shaped-capacity-test@1@0@57c15e2584dd93c5@bfloat16,32,1,2561138291157544,2561138291656792,2561138292511530,2561138299355416,2561138299368306,2561138318144206,2561138319215019,2561138319759568,6.843886,18.78879,16.845482,0.378961,1.564347,20.404152,4.545596,0.544891,11.754995
minji-sync-capacity-bd3212ff2cdb43cfacad8a099fe3715f:qwen4b-shaped-capacity-test@1@0@4b2e1c02d7a49b6d@bfloat16,33,1,2561138291364452,2561138292317495,2561138293182222,2561138299482648,2561138299493066,2561138318144206,2561138319215019,2561138319786191,6.300426,18.661558,16.71825,0.378961,1.564347,20.303543,4.418364,0.544891,11.754995
minji-sync-capacity-bd3212ff2cdb43cfacad8a099fe3715f:qwen4b-shaped-capacity-test@1@0@-185ea811a9ae811@bfloat16,34,1,2561138291724636,2561138293135841,2561138293206753,2561138308332017,2561138308344970,2561138318144206,2561138319215019,2561138319811489,15.125264,9.812189,7.868881,0.378961,1.564347,11.479472,0.0,0.0,7.868881
minji-sync-capacity-bd3212ff2cdb43cfacad8a099fe3715f:qwen4b-shaped-capacity-test@1@0@-5c7be34fd9ce7f03@bfloat16,35,1,2561138291916143,2561138292758407,2561138292938979,2561138299112260,2561138299122237,2561138318144206,2561138319215019,2561138319839013,6.173281,19.031946,17.088638,0.378961,1.564347,20.726753,4.788752,0.544891,11.754995
minji-sync-capacity-bd3212ff2cdb43cfacad8a099fe3715f:qwen4b-shaped-capacity-test@1@0@568b49afb964abe6@bfloat16,36,1,2561138291980020,2561138292481771,2561138293239351,2561138302195364,2561138302210645,2561138318144206,2561138319215019,2561138319864807,8.956013,15.948842,14.005534,0.378961,1.564347,17.669443,1.705648,0.544891,11.754995
minji-sync-capacity-bd3212ff2cdb43cfacad8a099fe3715f:qwen4b-shaped-capacity-test@1@0@7c9f63fe6a9695f7@bfloat16,37,1,2561138292283877,2561138293613527,2561138294060320,2561138302510076,2561138302522229,2561138318144206,2561138319215019,2561138319889297,8.449756,15.63413,13.690822,0.378961,1.564347,17.379221,1.390936,0.544891,11.754995
minji-sync-capacity-bd3212ff2cdb43cfacad8a099fe3715f:qwen4b-shaped-capacity-test@1@0@1bbf1bde28bc7f1a@bfloat16,38,1,2561138293436331,2561138293872074,2561138294040759,2561138303876947,2561138303888346,2561138318144206,2561138319215019,2561138320005765,9.836188,14.267259,12.323951,0.378961,1.564347,16.128818,0.024065,0.544891,11.754995
minji-sync-capacity-bd3212ff2cdb43cfacad8a099fe3715f:qwen4b-shaped-capacity-test@1@0@-5f4765823a56d34b@bfloat16,39,1,2561138293771908,2561138294485632,2561138294899448,2561138308252551,2561138308266565,2561138318144206,2561138319215019,2561138320066740,13.353103,9.891655,7.948347,0.378961,1.564347,11.814189,0.0,0.0,7.948347
minji-sync-capacity-bd3212ff2cdb43cfacad8a099fe3715f:qwen4b-shaped-capacity-test@1@0@33164dc54ece73e5@bfloat16,40,1,2561138294009134,2561138294647345,2561138294919422,2561138304613798,2561138304632221,2561138318144206,2561138319215019,2561138320091381,9.694376,13.530408,11.5871,0.378961,1.564347,15.477583,0.0,0.0,11.5871
minji-sync-capacity-bd3212ff2cdb43cfacad8a099fe3715f:qwen4b-shaped-capacity-test@1@0@2a73525ea529b72d@bfloat16,41,1,2561138294211014,2561138294842771,2561138295010552,2561138306860882,2561138306876133,2561138318144206,2561138319215019,2561138320118096,11.85033,11.283324,9.340016,0.378961,1.564347,13.257214,0.0,0.0,9.340016
minji-sync-capacity-bd3212ff2cdb43cfacad8a099fe3715f:qwen4b-shaped-capacity-test@1@0@62ac5f94735985fe@bfloat16,42,1,2561138296496832,2561138296944452,2561138296996622,2561138306633917,2561138306653103,2561138318144206,2561138319215019,2561138320144556,9.637295,11.510289,9.566981,0.378961,1.564347,13.510639,0.0,0.0,9.566981
minji-sync-capacity-bd3212ff2cdb43cfacad8a099fe3715f:qwen4b-shaped-capacity-test@1@0@5681a18c83a52722@bfloat16,43,1,2561138296546588,2561138296807996,2561138297024013,2561138303475183,2561138303489740,2561138318144206,2561138319215019,2561138320437624,6.45117,14.669023,12.725715,0.378961,1.564347,16.962441,0.425829,0.544891,11.754995
minji-sync-capacity-bd3212ff2cdb43cfacad8a099fe3715f:qwen4b-shaped-capacity-test@1@0@2461ba8ba2cf79d1@bfloat16,44,1,2561138299136109,2561138299408387,2561138299436745,2561138309907947,2561138309919266,2561138318144206,2561138319215019,2561138320466069,10.471202,8.236259,6.292951,0.378961,1.564347,10.558122,0.0,0.0,6.292951
minji-sync-capacity-bd3212ff2cdb43cfacad8a099fe3715f:qwen4b-shaped-capacity-test@1@0@-947c4793dc6b53e@bfloat16,45,1,2561138299382339,2561138299633733,2561138299666944,2561138307086315,2561138307097994,2561138318144206,2561138319215019,2561138320489145,7.419371,11.057891,9.114583,0.378961,1.564347,13.40283,0.0,0.0,9.114583
minji-sync-capacity-bd3212ff2cdb43cfacad8a099fe3715f:qwen4b-shaped-capacity-test@1@0@2eee176295153ce@bfloat16,46,1,2561138299506567,2561138302735191,2561138302780088,2561138309240157,2561138309250059,2561138318144206,2561138319215019,2561138320514343,6.460069,8.904049,6.960741,0.378961,1.564347,11.274186,0.0,0.0,6.960741
minji-sync-capacity-bd3212ff2cdb43cfacad8a099fe3715f:qwen4b-shaped-capacity-test@1@0@-4c691b2eb9ade197@bfloat16,47,1,2561138299717920,2561138299930947,2561138299957481,2561138306537468,2561138306549554,2561138318144206,2561138319215019,2561138320538209,6.579987,11.606738,9.66343,0.378961,1.564347,14.000741,0.0,0.0,9.66343
minji-sync-capacity-bd3212ff2cdb43cfacad8a099fe3715f:qwen4b-shaped-capacity-test@1@0@-77507763a4c2887a@bfloat16,48,1,2561138302229044,2561138303674820,2561138304412988,2561138316200898,2561138316216651,2561138318144206,2561138319215019,2561138320562554,11.78791,1.943308,0.0,0.378961,1.564347,4.361656,0.0,0.0,0.0
minji-sync-capacity-bd3212ff2cdb43cfacad8a099fe3715f:qwen4b-shaped-capacity-test@1@0@-71aae1aea6f06c4a@bfloat16,49,1,2561138302537190,2561138302917428,2561138303167433,2561138309779474,2561138309793440,2561138318144206,2561138319215019,2561138320589048,6.612041,8.364732,6.421424,0.378961,1.564347,10.809574,0.0,0.0,6.421424
minji-sync-capacity-bd3212ff2cdb43cfacad8a099fe3715f:qwen4b-shaped-capacity-test@1@0@-334383d9a166caa8@bfloat16,50,1,2561138302888085,2561138303263400,2561138304389311,2561138312546794,2561138312560469,2561138318144206,2561138319215019,2561138320613719,8.157483,5.597412,3.654104,0.378961,1.564347,8.066925,0.0,0.0,3.654104
minji-sync-capacity-bd3212ff2cdb43cfacad8a099fe3715f:qwen4b-shaped-capacity-test@1@0@5ac655d66fb76630@bfloat16,51,1,2561138302992924,2561138303433698,2561138304351212,2561138311138606,2561138311153314,2561138318144206,2561138319215019,2561138320637815,6.787394,7.0056,5.062292,0.378961,1.564347,9.499209,0.0,0.0,5.062292
minji-sync-capacity-bd3212ff2cdb43cfacad8a099fe3715f:qwen4b-shaped-capacity-test@1@0@-222030f398c876cd@bfloat16,52,1,2561138303506888,2561138303861789,2561138304445903,2561138315384078,2561138315397184,2561138318144206,2561138319215019,2561138320659902,10.938175,2.760128,0.81682,0.378961,1.564347,5.275824,0.0,0.0,0.81682
minji-sync-capacity-bd3212ff2cdb43cfacad8a099fe3715f:qwen4b-shaped-capacity-test@1@0@7d7151eda1005a64@bfloat16,53,1,2561138303901012,2561138304097813,2561138304275562,2561138310797734,2561138310810213,2561138318144206,2561138319215019,2561138320680680,6.522172,7.346472,5.403164,0.378961,1.564347,9.882946,0.0,0.0,5.403164
minji-sync-capacity-bd3212ff2cdb43cfacad8a099fe3715f:qwen4b-shaped-capacity-test@1@0@-7ee592a19958a46e@bfloat16,54,2,2561138304651060,2561138306347820,2561138307034524,2561138313631005,2561138313643847,2561138335819426,2561138338150550,2561138338275292,6.596481,22.188421,20.592653,0.642248,0.95352,24.644287,8.59553,4.281196,7.715927
minji-sync-capacity-bd3212ff2cdb43cfacad8a099fe3715f:qwen4b-shaped-capacity-test@1@0@-5ff01255cd1c3307@bfloat16,55,2,2561138305701928,2561138306607537,2561138307441299,2561138319924746,2561138319942149,2561138335819426,2561138338150550,2561138338303049,12.483447,15.89468,14.298912,0.642248,0.95352,18.378303,2.301789,4.281196,7.715927
minji-sync-capacity-bd3212ff2cdb43cfacad8a099fe3715f:qwen4b-shaped-capacity-test@1@0@6453f2d018b6af0c@bfloat16,56,2,2561138306566786,2561138306804613,2561138307379837,2561138323812008,2561138323827837,2561138335819426,2561138338150550,2561138338327825,16.432171,12.007418,10.41165,0.642248,0.95352,14.515817,0.0,2.695723,7.715927
minji-sync-capacity-bd3212ff2cdb43cfacad8a099fe3715f:qwen4b-shaped-capacity-test@1@0@1b168b5e6d0c435c@bfloat16,57,2,2561138306675299,2561138309856371,2561138310217528,2561138317192204,2561138317207752,2561138335819426,2561138338150550,2561138338356321,6.974676,18.627222,17.031454,0.642248,0.95352,21.164117,5.034331,4.281196,7.715927
minji-sync-capacity-bd3212ff2cdb43cfacad8a099fe3715f:qwen4b-shaped-capacity-test@1@0@659b2ea4d9d391d9@bfloat16,58,2,2561138306891568,2561138307313516,2561138307734707,2561138314314444,2561138314327123,2561138335819426,2561138338150550,2561138338383128,6.579737,21.504982,19.909214,0.642248,0.95352,24.068684,7.912091,4.281196,7.715927
minji-sync-capacity-bd3212ff2cdb43cfacad8a099fe3715f:qwen4b-shaped-capacity-test@1@0@-45549862280a4110@bfloat16,59,2,2561138307110056,2561138307602582,2561138307754004,2561138314176215,2561138314187259,2561138335819426,2561138338150550,2561138338406830,6.422211,21.643211,20.047443,0.642248,0.95352,24.230615,8.05032,4.281196,7.715927
minji-sync-capacity-bd3212ff2cdb43cfacad8a099fe3715f:qwen4b-shaped-capacity-test@1@0@-2915fdeb60cc347e@bfloat16,60,2,2561138308280777,2561138308571040,2561138308721692,2561138315455096,2561138315467216,2561138335819426,2561138338150550,2561138338429201,6.733404,20.36433,18.768562,0.642248,0.95352,22.974105,6.771439,4.281196,7.715927
minji-sync-capacity-bd3212ff2cdb43cfacad8a099fe3715f:qwen4b-shaped-capacity-test@1@0@1ae95ef0d0225495@bfloat16,61,2,2561138308364239,2561138308736551,2561138308796616,2561138322198936,2561138322212661,2561138335819426,2561138338150550,2561138338454720,13.40232,13.62049,12.024722,0.642248,0.95352,16.255784,0.027599,4.281196,7.715927
minji-sync-capacity-bd3212ff2cdb43cfacad8a099fe3715f:qwen4b-shaped-capacity-test@1@0@7cebec75d1b9e6b8@bfloat16,62,2,2561138309263238,2561138309549429,2561138310196428,2561138322312928,2561138322325529,2561138335819426,2561138338150550,2561138338482041,12.1165,13.506498,11.91073,0.642248,0.95352,16.169113,0.0,4.194803,7.715927
minji-sync-capacity-bd3212ff2cdb43cfacad8a099fe3715f:qwen4b-shaped-capacity-test@1@0@4fa5a8831dca8bb8@bfloat16,63,2,2561138309808636,2561138310372522,2561138310575406,2561138317512031,2561138317526653,2561138335819426,2561138338150550,2561138338509555,6.936625,18.307395,16.711627,0.642248,0.95352,20.997524,4.714504,4.281196,7.715927
minji-sync-capacity-bd3212ff2cdb43cfacad8a099fe3715f:qwen4b-shaped-capacity-test@1@0@7e1d9c5e0f54c76b@bfloat16,64,2,2561138309935426,2561138310233087,2561138310479071,2561138323706244,2561138323719780,2561138335819426,2561138338150550,2561138338538955,13.227173,12.113182,10.517414,0.642248,0.95352,14.832711,0.0,2.801487,7.715927
minji-sync-capacity-bd3212ff2cdb43cfacad8a099fe3715f:qwen4b-shaped-capacity-test@1@0@-51ea4d79b1f6570c@bfloat16,65,2,2561138310824495,2561138311345115,2561138311658522,2561138325429788,2561138325444464,2561138335819426,2561138338150550,2561138338561973,13.771266,10.389638,8.79387,0.642248,0.95352,13.132185,0.0,1.077943,7.715927
minji-sync-capacity-bd3212ff2cdb43cfacad8a099fe3715f:qwen4b-shaped-capacity-test@1@0@-6389e4ed0faf13a0@bfloat16,66,2,2561138311171352,2561138311742131,2561138311765879,2561138318316610,2561138318331249,2561138335819426,2561138338150550,2561138338583847,6.550731,17.502816,15.907048,0.642248,0.95352,20.267237,3.909925,4.281196,7.715927
minji-sync-capacity-bd3212ff2cdb43cfacad8a099fe3715f:qwen4b-shaped-capacity-test@1@0@-53e19a4caa892283@bfloat16,67,2,2561138312575788,2561138312813419,2561138312845133,2561138319244554,2561138319256870,2561138335819426,2561138338150550,2561138338605093,6.399421,16.574872,14.979104,0.642248,0.95352,19.360539,2.981981,4.281196,7.715927
minji-sync-capacity-bd3212ff2cdb43cfacad8a099fe3715f:qwen4b-shaped-capacity-test@1@0@-7e7a8f03f16dbede@bfloat16,68,2,2561138313661563,2561138317020848,2561138317164075,2561138323380505,2561138323392903,2561138335819426,2561138338150550,2561138338702977,6.21643,12.438921,10.843153,0.642248,0.95352,15.322472,0.0,3.127226,7.715927
minji-sync-capacity-bd3212ff2cdb43cfacad8a099fe3715f:qwen4b-shaped-capacity-test@1@0@-5332e6f4fc261e61@bfloat16,69,2,2561138314199261,2561138314448756,2561138314475219,2561138320736785,2561138320749341,2561138335819426,2561138338150550,2561138338734033,6.261566,15.082641,13.486873,0.642248,0.95352,17.997248,1.48975,4.281196,7.715927
minji-sync-capacity-bd3212ff2cdb43cfacad8a099fe3715f:qwen4b-shaped-capacity-test@1@0@2eae0c3da430742a@bfloat16,70,2,2561138314341053,2561138317131756,2561138317267630,2561138329696528,2561138329710127,2561138335819426,2561138338150550,2561138338759639,12.428898,6.122898,4.52713,0.642248,0.95352,9.063111,0.0,0.0,4.52713
minji-sync-capacity-bd3212ff2cdb43cfacad8a099fe3715f:qwen4b-shaped-capacity-test@1@0@-1267f8a0934686ce@bfloat16,71,2,2561138315410296,2561138315656724,2561138315841762,2561138328847470,2561138328859101,2561138335819426,2561138338150550,2561138338781801,13.005708,6.971956,5.376188,0.642248,0.95352,9.934331,0.0,0.0,5.376188
minji-sync-capacity-bd3212ff2cdb43cfacad8a099fe3715f:qwen4b-shaped-capacity-test@1@0@195e61ed354b0f42@bfloat16,72,2,2561138315480262,2561138315859381,2561138315885496,2561138326413883,2561138326425482,2561138335819426,2561138338150550,2561138338805638,10.528387,9.405543,7.809775,0.642248,0.95352,12.391755,0.0,0.093848,7.715927
minji-sync-capacity-bd3212ff2cdb43cfacad8a099fe3715f:qwen4b-shaped-capacity-test@1@0@677d447c8f8d934a@bfloat16,73,2,2561138316239496,2561138317489983,2561138318054704,2561138324529795,2561138324541279,2561138335819426,2561138338150550,2561138338830118,6.475091,11.289631,9.693863,0.642248,0.95352,14.300323,0.0,1.977936,7.715927
minji-sync-capacity-bd3212ff2cdb43cfacad8a099fe3715f:qwen4b-shaped-capacity-test@1@0@-c908cd04293bc79@bfloat16,74,2,2561138317225111,2561138317710613,2561138318006265,2561138328930539,2561138328941226,2561138335819426,2561138338150550,2561138338892143,10.924274,6.888887,5.293119,0.642248,0.95352,9.961604,0.0,0.0,5.293119
minji-sync-capacity-bd3212ff2cdb43cfacad8a099fe3715f:qwen4b-shaped-capacity-test@1@0@-70e0cece01931c02@bfloat16,75,2,2561138317540612,2561138317855041,2561138317989268,2561138329829360,2561138329843079,2561138335819426,2561138338150550,2561138339167775,11.840092,5.990066,4.394298,0.642248,0.95352,9.338415,0.0,0.0,4.394298
minji-sync-capacity-bd3212ff2cdb43cfacad8a099fe3715f:qwen4b-shaped-capacity-test@1@0@4e38039411c713a0@bfloat16,76,2,2561138318348292,2561138318685756,2561138318817028,2561138334223658,2561138334241338,2561138335819426,2561138338150550,2561138339270375,15.40663,1.595768,0.0,0.642248,0.95352,5.046717,0.0,0.0,0.0
minji-sync-capacity-bd3212ff2cdb43cfacad8a099fe3715f:qwen4b-shaped-capacity-test@1@0@36147543a86220b2@bfloat16,77,2,2561138319272989,2561138319537955,2561138319674146,2561138326038026,2561138326047231,2561138335819426,2561138338150550,2561138339294111,6.36388,9.7814,8.185632,0.642248,0.95352,13.256085,0.0,0.469705,7.715927
minji-sync-capacity-bd3212ff2cdb43cfacad8a099fe3715f:qwen4b-shaped-capacity-test@1@0@6bbed1155b637c2e@bfloat16,78,2,2561138319966027,2561138320321082,2561138320374044,2561138326908597,2561138326924574,2561138335819426,2561138338150550,2561138339318391,6.534553,8.910829,7.315061,0.642248,0.95352,12.409794,0.0,0.0,7.315061
minji-sync-capacity-bd3212ff2cdb43cfacad8a099fe3715f:qwen4b-shaped-capacity-test@1@0@-66c2a53dc2dba6@bfloat16,79,2,2561138320762831,2561138321193714,2561138321225197,2561138327771666,2561138327786729,2561138335819426,2561138338150550,2561138339341132,6.546469,8.04776,6.451992,0.642248,0.95352,11.569466,0.0,0.0,6.451992
minji-sync-capacity-bd3212ff2cdb43cfacad8a099fe3715f:qwen4b-shaped-capacity-test@1@0@2c108de5f53e9798@bfloat16,80,2,2561138322226535,2561138326383892,2561138326507731,2561138332858630,2561138332872592,2561138335819426,2561138338150550,2561138339526702,6.350899,2.960796,1.365028,0.642248,0.95352,6.668072,0.0,0.0,1.365028
minji-sync-capacity-bd3212ff2cdb43cfacad8a099fe3715f:qwen4b-shaped-capacity-test@1@0@321768bd89007389@bfloat16,81,3,2561138322338906,2561138322563795,2561138322594209,2561138328596550,2561138328608152,2561138352520067,2561138353357856,2561138353554738,6.002341,23.923517,22.940624,0.678451,0.304442,24.958188,8.81608,0.592612,13.531932
minji-sync-capacity-bd3212ff2cdb43cfacad8a099fe3715f:qwen4b-shaped-capacity-test@1@0@1afbc8863cd8c932@bfloat16,82,3,2561138323407982,2561138323622329,2561138323651861,2561138329748937,2561138329761019,2561138352520067,2561138353357856,2561138353620486,6.097076,22.77113,21.788237,0.678451,0.304442,23.871549,7.663693,0.592612,13.531932
minji-sync-capacity-bd3212ff2cdb43cfacad8a099fe3715f:qwen4b-shaped-capacity-test@1@0@-2f5919c01f3cfdc7@bfloat16,83,3,2561138323735563,2561138326977613,2561138327021564,2561138335600749,2561138335616698,2561138352520067,2561138353357856,2561138353817171,8.579185,16.919318,15.936425,0.678451,0.304442,18.216422,1.811881,0.592612,13.531932
minji-sync-capacity-bd3212ff2cdb43cfacad8a099fe3715f:qwen4b-shaped-capacity-test@1@0@1709715b07cfe048@bfloat16,84,3,2561138323849399,2561138324106190,2561138324134270,2561138330340519,2561138330354648,2561138352520067,2561138353357856,2561138353854415,6.206249,22.179548,21.196655,0.678451,0.304442,23.513896,7.072111,0.592612,13.531932
minji-sync-capacity-bd3212ff2cdb43cfacad8a099fe3715f:qwen4b-shaped-capacity-test@1@0@-7ed8023ac50f40bc@bfloat16,85,3,2561138324556521,2561138327949137,2561138328207570,2561138334377642,2561138334391422,2561138352520067,2561138353357856,2561138353880875,6.170072,18.142425,17.159532,0.678451,0.304442,19.503233,3.034988,0.592612,13.531932
minji-sync-capacity-bd3212ff2cdb43cfacad8a099fe3715f:qwen4b-shaped-capacity-test@1@0@-5daa627f9af49c17@bfloat16,86,3,2561138325465114,2561138325683972,2561138325718065,2561138332957260,2561138332966999,2561138352520067,2561138353357856,2561138353904872,7.239195,19.562807,18.579914,0.678451,0.304442,20.947612,4.45537,0.592612,13.531932
minji-sync-capacity-bd3212ff2cdb43cfacad8a099fe3715f:qwen4b-shaped-capacity-test@1@0@6f7e218154d1aa8d@bfloat16,87,3,2561138326059735,2561138326242022,2561138326478846,2561138332481881,2561138332493201,2561138352520067,2561138353357856,2561138353928173,6.003035,20.038186,19.055293,0.678451,0.304442,21.446292,4.930749,0.592612,13.531932
minji-sync-capacity-bd3212ff2cdb43cfacad8a099fe3715f:qwen4b-shaped-capacity-test@1@0@18f2730bd9ecab67@bfloat16,88,3,2561138326440683,2561138326710705,2561138326740452,2561138341771457,2561138341787170,2561138352520067,2561138353357856,2561138353957081,15.031005,10.74861,9.765717,0.678451,0.304442,12.185624,0.0,0.0,9.765717
minji-sync-capacity-bd3212ff2cdb43cfacad8a099fe3715f:qwen4b-shaped-capacity-test@1@0@-6855406728f7ed24@bfloat16,89,3,2561138326942452,2561138327212737,2561138327245963,2561138338635121,2561138338650314,2561138352520067,2561138353357856,2561138353982539,11.389158,13.884946,12.902053,0.678451,0.304442,15.347418,0.0,0.0,12.902053
minji-sync-capacity-bd3212ff2cdb43cfacad8a099fe3715f:qwen4b-shaped-capacity-test@1@0@-5480a14d1a627a31@bfloat16,90,3,2561138327802684,2561138328131905,2561138328171723,2561138333939083,2561138333950834,2561138352520067,2561138353357856,2561138354012059,5.76736,18.580984,17.598091,0.678451,0.304442,20.072976,3.473547,0.592612,13.531932
minji-sync-capacity-bd3212ff2cdb43cfacad8a099fe3715f:qwen4b-shaped-capacity-test@1@0@74b5291ce452efb6@bfloat16,91,3,2561138328624471,2561138328830781,2561138328907596,2561138337477306,2561138337489623,2561138352520067,2561138353357856,2561138354039601,8.56971,15.042761,14.059868,0.678451,0.304442,16.562295,0.0,0.527936,13.531932
minji-sync-capacity-bd3212ff2cdb43cfacad8a099fe3715f:qwen4b-shaped-capacity-test@1@0@-3ec868f2ee62ee95@bfloat16,92,3,2561138328873910,2561138329126125,2561138329290065,2561138340304343,2561138340316697,2561138352520067,2561138353357856,2561138354064591,11.014278,12.215724,11.232831,0.678451,0.304442,13.760248,0.0,0.0,11.232831
minji-sync-capacity-bd3212ff2cdb43cfacad8a099fe3715f:qwen4b-shaped-capacity-test@1@0@3551dedbfe3c268b@bfloat16,93,3,2561138328956190,2561138329229202,2561138329270723,2561138341499387,2561138341513903,2561138352520067,2561138353357856,2561138354087333,12.228664,11.02068,10.037787,0.678451,0.304442,12.587946,0.0,0.0,10.037787
minji-sync-capacity-bd3212ff2cdb43cfacad8a099fe3715f:qwen4b-shaped-capacity-test@1@0@19e6f74789e484c8@bfloat16,94,3,2561138329726889,2561138330192618,2561138330403737,2561138336718889,2561138336730668,2561138352520067,2561138353357856,2561138354111065,6.315152,15.801178,14.818285,0.678451,0.304442,17.392176,0.693741,0.592612,13.531932
minji-sync-capacity-bd3212ff2cdb43cfacad8a099fe3715f:qwen4b-shaped-capacity-test@1@0@-7543ec1bce8c175a@bfloat16,95,3,2561138329778723,2561138330060116,2561138330489928,2561138337386117,2561138337397590,2561138352520067,2561138353357856,2561138354138454,6.896189,15.13395,14.151057,0.678451,0.304442,16.752337,0.026513,0.592612,13.531932
minji-sync-capacity-bd3212ff2cdb43cfacad8a099fe3715f:qwen4b-shaped-capacity-test@1@0@-473f1bcc7815682b@bfloat16,96,3,2561138329859961,2561138330434937,2561138330472054,2561138336345139,2561138336355411,2561138352520067,2561138353357856,2561138354160528,5.873085,16.174928,15.192035,0.678451,0.304442,17.815389,1.067491,0.592612,13.531932
minji-sync-capacity-bd3212ff2cdb43cfacad8a099fe3715f:qwen4b-shaped-capacity-test@1@0@-2471c17a65ad3ddb@bfloat16,97,3,2561138330372247,2561138330632215,2561138330660568,2561138347094460,2561138347112377,2561138352520067,2561138353357856,2561138354277365,16.433892,5.425607,4.442714,0.678451,0.304442,7.182905,0.0,0.0,4.442714
minji-sync-capacity-bd3212ff2cdb43cfacad8a099fe3715f:qwen4b-shaped-capacity-test@1@0@1e4519b73b9897b@bfloat16,98,3,2561138332504890,2561138334143000,2561138334164487,2561138347167832,2561138347185165,2561138352520067,2561138353357856,2561138354302934,13.003345,5.352235,4.369342,0.678451,0.304442,7.135102,0.0,0.0,4.369342
minji-sync-capacity-bd3212ff2cdb43cfacad8a099fe3715f:qwen4b-shaped-capacity-test@1@0@4e4881312e3bf7d8@bfloat16,99,3,2561138332885832,2561138333117811,2561138333251924,2561138339181962,2561138339195569,2561138352520067,2561138353357856,2561138354325593,5.930038,13.338105,12.355212,0.678451,0.304442,15.143631,0.0,0.0,12.355212
minji-sync-capacity-bd3212ff2cdb43cfacad8a099fe3715f:qwen4b-shaped-capacity-test@1@0@5e017a955e4bbaad@bfloat16,100,3,2561138332980334,2561138333222882,2561138333275793,2561138345772769,2561138345784969,2561138352520067,2561138353357856,2561138354349947,12.496976,6.747298,5.764405,0.678451,0.304442,8.577178,0.0,0.0,5.764405
minji-sync-capacity-bd3212ff2cdb43cfacad8a099fe3715f:qwen4b-shaped-capacity-test@1@0@fbb32dad16731dd@bfloat16,101,3,2561138333963755,2561138335667224,2561138335717193,2561138351537174,2561138351549874,2561138352520067,2561138353357856,2561138354586867,15.819981,0.982893,0.0,0.678451,0.304442,3.049693,0.0,0.0,0.0
minji-sync-capacity-bd3212ff2cdb43cfacad8a099fe3715f:qwen4b-shaped-capacity-test@1@0@34b310864b3b7621@bfloat16,102,3,2561138334264415,2561138336790171,2561138337085947,2561138345036527,2561138345051335,2561138352520067,2561138353357856,2561138354626173,7.95058,7.48354,6.500647,0.678451,0.304442,9.589646,0.0,0.0,6.500647
minji-sync-capacity-bd3212ff2cdb43cfacad8a099fe3715f:qwen4b-shaped-capacity-test@1@0@43764f131b5c36ce@bfloat16,103,3,2561138334409218,2561138334638675,2561138334740280,2561138348478799,2561138348496452,2561138352520067,2561138353357856,2561138354663301,13.738519,4.041268,3.058375,0.678451,0.304442,6.184502,0.0,0.0,3.058375
minji-sync-capacity-bd3212ff2cdb43cfacad8a099fe3715f:qwen4b-shaped-capacity-test@1@0@4a6215642b8c6806@bfloat16,104,3,2561138335637904,2561138336404782,2561138336822071,2561138343335859,2561138343347239,2561138352520067,2561138353357856,2561138354696682,6.513788,9.184208,8.201315,0.678451,0.304442,11.360823,0.0,0.0,8.201315
minji-sync-capacity-bd3212ff2cdb43cfacad8a099fe3715f:qwen4b-shaped-capacity-test@1@0@-7362425dd7294a27@bfloat16,105,3,2561138336368041,2561138337196681,2561138337318266,2561138344970537,2561138344982177,2561138352520067,2561138353357856,2561138354778466,7.652271,7.54953,6.566637,0.678451,0.304442,9.807929,0.0,0.0,6.566637
minji-sync-capacity-bd3212ff2cdb43cfacad8a099fe3715f:qwen4b-shaped-capacity-test@1@0@-1d93ae8c2a98556b@bfloat16,106,3,2561138336745351,2561138336994465,2561138337857299,2561138345715630,2561138345730692,2561138352520067,2561138353357856,2561138354806399,7.858331,6.804437,5.821544,0.678451,0.304442,9.090769,0.0,0.0,5.821544
minji-sync-capacity-bd3212ff2cdb43cfacad8a099fe3715f:qwen4b-shaped-capacity-test@1@0@5f3d02d606952e8f@bfloat16,107,3,2561138337412630,2561138337672663,2561138338005242,2561138344806947,2561138344819152,2561138352520067,2561138353357856,2561138354831142,6.801705,7.71312,6.730227,0.678451,0.304442,10.024195,0.0,0.0,6.730227
minji-sync-capacity-bd3212ff2cdb43cfacad8a099fe3715f:qwen4b-shaped-capacity-test@1@0@16c9e4918a47cba9@bfloat16,108,4,2561138337504879,2561138337881806,2561138337977247,2561138345822247,2561138345835526,2561138370439273,2561138371507391,2561138371666429,7.845,24.617026,21.909277,1.564721,1.143028,25.844182,9.756738,3.164231,8.988308
minji-sync-capacity-bd3212ff2cdb43cfacad8a099fe3715f:qwen4b-shaped-capacity-test@1@0@-1d8304d6cab3b345@bfloat16,109,4,2561138338669306,2561138339045205,2561138339148357,2561138349712466,2561138349726701,2561138370439273,2561138371507391,2561138371701616,10.564109,20.726807,18.019058,1.564721,1.143028,21.98915,5.866519,3.164231,8.988308
minji-sync-capacity-bd3212ff2cdb43cfacad8a099fe3715f:qwen4b-shaped-capacity-test@1@0@5600c1c79ff3cb7c@bfloat16,110,4,2561138339212480,2561138339470696,2561138339563999,2561138350282815,2561138350296787,2561138370439273,2561138371507391,2561138371734110,10.718816,20.156458,17.448709,1.564721,1.143028,21.451295,5.29617,3.164231,8.988308
minji-sync-capacity-bd3212ff2cdb43cfacad8a099fe3715f:qwen4b-shaped-capacity-test@1@0@-1331ebd674ab228e@bfloat16,111,4,2561138340331454,2561138340595086,2561138340621717,2561138349803971,2561138349815613,2561138370439273,2561138371507391,2561138371793542,9.182254,20.635302,17.927553,1.564721,1.143028,21.989571,5.775014,3.164231,8.988308
minji-sync-capacity-bd3212ff2cdb43cfacad8a099fe3715f:qwen4b-shaped-capacity-test@1@0@-45febab979a0d5e6@bfloat16,112,4,2561138341529388,2561138341841409,2561138341910633,2561138348788863,2561138348806709,2561138370439273,2561138371507391,2561138372003331,6.87823,21.65041,18.942661,1.564721,1.143028,23.214468,6.790122,3.164231,8.988308
minji-sync-capacity-bd3212ff2cdb43cfacad8a099fe3715f:qwen4b-shaped-capacity-test@1@0@18219b28373cb63a@bfloat16,113,4,2561138341806373,2561138344865314,2561138344902898,2561138355659460,2561138355672820,2561138370439273,2561138371507391,2561138372036637,10.756562,14.779813,12.072064,1.564721,1.143028,16.377177,0.0,3.083756,8.988308
minji-sync-capacity-bd3212ff2cdb43cfacad8a099fe3715f:qwen4b-shaped-capacity-test@1@0@498fd657d9945519@bfloat16,114,4,2561138343362741,2561138343614486,2561138343645119,2561138350678032,2561138350689577,2561138370439273,2561138371507391,2561138372137910,7.032913,19.761241,17.053492,1.564721,1.143028,21.459878,4.900953,3.164231,8.988308
minji-sync-capacity-bd3212ff2cdb43cfacad8a099fe3715f:qwen4b-shaped-capacity-test@1@0@-30cb149bdc1154b2@bfloat16,115,4,2561138344836465,2561138345208330,2561138345617556,2561138355605344,2561138355619027,2561138370439273,2561138371507391,2561138372504334,9.987788,14.833929,12.12618,1.564721,1.143028,16.89899,0.0,3.137872,8.988308
minji-sync-capacity-bd3212ff2cdb43cfacad8a099fe3715f:qwen4b-shaped-capacity-test@1@0@5304150e961a0adb@bfloat16,116,4,2561138344995496,2561138345386982,2561138345701272,2561138355507312,2561138355519189,2561138370439273,2561138371507391,2561138372837007,9.80604,14.931961,12.224212,1.564721,1.143028,17.329695,0.071673,3.164231,8.988308
minji-sync-capacity-bd3212ff2cdb43cfacad8a099fe3715f:qwen4b-shaped-capacity-test@1@0@580ba59f764e5ae9@bfloat16,117,4,2561138345070052,2561138345573874,2561138345674590,2561138354177220,2561138354194074,2561138370439273,2561138371507391,2561138372929729,8.50263,16.262053,13.554304,1.564721,1.143028,18.752509,1.401765,3.164231,8.988308
minji-sync-capacity-bd3212ff2cdb43cfacad8a099fe3715f:qwen4b-shaped-capacity-test@1@0@6cf532f4c2c91a52@bfloat16,118,4,2561138345746534,2561138346344384,2561138346417926,2561138353258005,2561138353269580,2561138370439273,2561138371507391,2561138372974781,6.840079,17.181268,14.473519,1.564721,1.143028,19.716776,2.32098,3.164231,8.988308
minji-sync-capacity-bd3212ff2cdb43cfacad8a099fe3715f:qwen4b-shaped-capacity-test@1@0@-6435f46a7e0275af@bfloat16,119,4,2561138345799571,2561138346230798,2561138346395983,2561138355552747,2561138355565108,2561138370439273,2561138371507391,2561138373006921,9.156764,14.886526,12.178777,1.564721,1.143028,17.454174,0.026238,3.164231,8.988308
minji-sync-capacity-bd3212ff2cdb43cfacad8a099fe3715f:qwen4b-shaped-capacity-test@1@0@-1db4d69b196c9d20@bfloat16,120,4,2561138345854126,2561138346965273,2561138346995621,2561138353373571,2561138353386641,2561138370439273,2561138371507391,2561138373030336,6.37795,17.065702,14.357953,1.564721,1.143028,19.656765,2.205414,3.164231,8.988308
minji-sync-capacity-bd3212ff2cdb43cfacad8a099fe3715f:qwen4b-shaped-capacity-test@1@0@583b37bfbc3d486f@bfloat16,121,4,2561138347133885,2561138349420067,2561138349451276,2561138356409245,2561138356426064,2561138370439273,2561138371507391,2561138373054459,6.957969,14.030028,11.322279,1.564721,1.143028,16.645214,0.0,2.333971,8.988308
minji-sync-capacity-bd3212ff2cdb43cfacad8a099fe3715f:qwen4b-shaped-capacity-test@1@0@fb70e9a7ac55f61@bfloat16,122,4,2561138347201685,2561138347446430,2561138347477028,2561138356202566,2561138356214114,2561138370439273,2561138371507391,2561138373079518,8.725538,14.236707,11.528958,1.564721,1.143028,16.876952,0.0,2.54065,8.988308
minji-sync-capacity-bd3212ff2cdb43cfacad8a099fe3715f:qwen4b-shaped-capacity-test@1@0@-63889b56e3d4e768@bfloat16,123,4,2561138348516617,2561138350069075,2561138351060817,2561138362349884,2561138362364985,2561138370439273,2561138371507391,2561138373103606,11.289067,8.089389,5.38164,1.564721,1.143028,10.753722,0.0,0.0,5.38164
minji-sync-capacity-bd3212ff2cdb43cfacad8a099fe3715f:qwen4b-shaped-capacity-test@1@0@-272d6e5aed903aeb@bfloat16,124,4,2561138348826068,2561138349782757,2561138350721969,2561138362424382,2561138362443698,2561138370439273,2561138371507391,2561138373127567,11.702413,8.014891,5.307142,1.564721,1.143028,10.703185,0.0,0.0,5.307142
minji-sync-capacity-bd3212ff2cdb43cfacad8a099fe3715f:qwen4b-shaped-capacity-test@1@0@-29f367a7ac386bf4@bfloat16,125,4,2561138349747697,2561138350431332,2561138350801892,2561138357280887,2561138357296003,2561138370439273,2561138371507391,2561138373152867,6.478995,13.158386,10.450637,1.564721,1.143028,15.87198,0.0,1.462329,8.988308
minji-sync-capacity-bd3212ff2cdb43cfacad8a099fe3715f:qwen4b-shaped-capacity-test@1@0@6973eb3be63ff2f3@bfloat16,126,4,2561138349830215,2561138350742211,2561138351040256,2561138359414891,2561138359425277,2561138370439273,2561138371507391,2561138373175466,8.374635,11.024382,8.316633,1.564721,1.143028,13.760575,0.0,0.0,8.316633
minji-sync-capacity-bd3212ff2cdb43cfacad8a099fe3715f:qwen4b-shaped-capacity-test@1@0@-6b217b49b70916c5@bfloat16,127,4,2561138350312984,2561138351979693,2561138352017399,2561138358605247,2561138358617005,2561138370439273,2561138371507391,2561138373197132,6.587848,11.834026,9.126277,1.564721,1.143028,14.591885,0.0,0.137969,8.988308
minji-sync-capacity-bd3212ff2cdb43cfacad8a099fe3715f:qwen4b-shaped-capacity-test@1@0@-7f349b605af61a0f@bfloat16,128,4,2561138350701671,2561138350952097,2561138351089018,2561138357465162,2561138357482552,2561138370439273,2561138371507391,2561138373217582,6.376144,12.974111,10.266362,1.564721,1.143028,15.75242,0.0,1.278054,8.988308
minji-sync-capacity-bd3212ff2cdb43cfacad8a099fe3715f:qwen4b-shaped-capacity-test@1@0@10d3bc3816def689@bfloat16,129,4,2561138351568104,2561138351853209,2561138352299131,2561138358871958,2561138358883262,2561138370439273,2561138371507391,2561138373239416,6.572827,11.567315,8.859566,1.564721,1.143028,14.367458,0.0,0.0,8.859566
minji-sync-capacity-bd3212ff2cdb43cfacad8a099fe3715f:qwen4b-shaped-capacity-test@1@0@40c9996f26ebc512@bfloat16,130,4,2561138353284894,2561138356489911,2561138357026705,2561138365399894,2561138365410887,2561138370439273,2561138371507391,2561138373261258,8.373189,5.039379,2.33163,1.564721,1.143028,7.861364,0.0,0.0,2.33163
minji-sync-capacity-bd3212ff2cdb43cfacad8a099fe3715f:qwen4b-shaped-capacity-test@1@0@2dbffd695a6de493@bfloat16,131,4,2561138353402282,2561138353733255,2561138353806006,2561138361898808,2561138361914210,2561138370439273,2561138371507391,2561138373284428,8.092802,8.540465,5.832716,1.564721,1.143028,11.38562,0.0,0.0,5.832716
minji-sync-capacity-bd3212ff2cdb43cfacad8a099fe3715f:qwen4b-shaped-capacity-test@1@0@-71626b03023220b3@bfloat16,132,4,2561138354213026,2561138354505846,2561138354737702,2561138361026770,2561138361042220,2561138370439273,2561138371507391,2561138373306294,6.289068,9.412503,6.704754,1.564721,1.143028,12.279524,0.0,0.0,6.704754
minji-sync-capacity-bd3212ff2cdb43cfacad8a099fe3715f:qwen4b-shaped-capacity-test@1@0@6eeb207e5a91d39f@bfloat16,133,4,2561138355531093,2561138358063411,2561138358743216,2561138367731524,2561138367749906,2561138370439273,2561138371507391,2561138373328578,8.988308,2.707749,0.0,1.564721,1.143028,5.597054,0.0,0.0,0.0
minji-sync-capacity-bd3212ff2cdb43cfacad8a099fe3715f:qwen4b-shaped-capacity-test@1@0@7023e4105dbccb8b@bfloat16,134,4,2561138355578985,2561138355865048,2561138357046420,2561138363497113,2561138363511552,2561138370439273,2561138371507391,2561138373350435,6.450693,6.94216,4.234411,1.564721,1.143028,9.853322,0.0,0.0,4.234411
minji-sync-capacity-bd3212ff2cdb43cfacad8a099fe3715f:qwen4b-shaped-capacity-test@1@0@-123bfe07fc32daa@bfloat16,135,5,2561138355633756,2561138356186677,2561138357448653,2561138368883612,2561138368897231,2561138383445852,2561138384221815,2561138384392164,11.434959,14.56224,13.556089,0.46912,0.537031,15.508552,3.039192,0.866051,9.650846
minji-sync-capacity-bd3212ff2cdb43cfacad8a099fe3715f:qwen4b-shaped-capacity-test@1@0@2763c44afbd530e9@bfloat16,136,5,2561138355689719,2561138356037118,2561138357262267,2561138376977670,2561138376991486,2561138383445852,2561138384221815,2561138384422515,19.715403,6.468182,5.462031,0.46912,0.537031,7.444845,0.0,0.0,5.462031
minji-sync-capacity-bd3212ff2cdb43cfacad8a099fe3715f:qwen4b-shaped-capacity-test@1@0@-59a6da64233a4144@bfloat16,137,5,2561138356227510,2561138358175128,2561138358381805,2561138364826274,2561138364837914,2561138383445852,2561138384221815,2561138384447843,6.444469,18.619578,17.613427,0.46912,0.537031,19.621569,7.09653,0.866051,9.650846
minji-sync-capacity-bd3212ff2cdb43cfacad8a099fe3715f:qwen4b-shaped-capacity-test@1@0@-3e68caed6df6cb25@bfloat16,138,5,2561138356450778,2561138357554444,2561138357697452,2561138367350364,2561138367364163,2561138383445852,2561138384221815,2561138384473633,9.652912,16.095488,15.089337,0.46912,0.537031,17.123269,4.57244,0.866051,9.650846
minji-sync-capacity-bd3212ff2cdb43cfacad8a099fe3715f:qwen4b-shaped-capacity-test@1@0@519ad070d3629d17@bfloat16,139,5,2561138357316203,2561138358319864,2561138358353635,2561138367289408,2561138367304814,2561138383445852,2561138384221815,2561138384500013,8.935773,16.156444,15.150293,0.46912,0.537031,17.210605,4.633396,0.866051,9.650846
minji-sync-capacity-bd3212ff2cdb43cfacad8a099fe3715f:qwen4b-shaped-capacity-test@1@0@5653bd3d229fd881@bfloat16,140,5,2561138357505954,2561138358546464,2561138358726428,2561138368347683,2561138368364343,2561138383445852,2561138384221815,2561138384522019,9.621255,15.098169,14.092018,0.46912,0.537031,16.174336,3.575121,0.866051,9.650846
minji-sync-capacity-bd3212ff2cdb43cfacad8a099fe3715f:qwen4b-shaped-capacity-test@1@0@ff2eccb1b77540f@bfloat16,141,5,2561138358630100,2561138358929240,2561138358954831,2561138374579742,2561138374595654,2561138383445852,2561138384221815,2561138384548139,15.624911,8.86611,7.859959,0.46912,0.537031,9.968397,0.0,0.0,7.859959
minji-sync-capacity-bd3212ff2cdb43cfacad8a099fe3715f:qwen4b-shaped-capacity-test@1@0@3e29be11fe762584@bfloat16,142,5,2561138358899041,2561138359150572,2561138359180054,2561138365813849,2561138365827374,2561138383445852,2561138384221815,2561138384573527,6.633795,17.632003,16.625852,0.46912,0.537031,18.759678,6.108955,0.866051,9.650846
minji-sync-capacity-bd3212ff2cdb43cfacad8a099fe3715f:qwen4b-shaped-capacity-test@1@0@451e0a4baef42910@bfloat16,143,5,2561138359436663,2561138359624955,2561138359651440,2561138369849027,2561138369862497,2561138383445852,2561138384221815,2561138384596112,10.197587,13.596825,12.590674,0.46912,0.537031,14.747085,2.073777,0.866051,9.650846
minji-sync-capacity-bd3212ff2cdb43cfacad8a099fe3715f:qwen4b-shaped-capacity-test@1@0@-35db65e4784848ed@bfloat16,144,5,2561138361060258,2561138361318208,2561138361350544,2561138368105527,2561138368117887,2561138383445852,2561138384221815,2561138384618916,6.754983,15.340325,14.334174,0.46912,0.537031,16.513389,3.817277,0.866051,9.650846
minji-sync-capacity-bd3212ff2cdb43cfacad8a099fe3715f:qwen4b-shaped-capacity-test@1@0@-1328ef27a5f2b028@bfloat16,145,5,2561138361931007,2561138365285444,2561138365652051,2561138374917756,2561138374930232,2561138383445852,2561138384221815,2561138384643231,9.265705,8.528096,7.521945,0.46912,0.537031,9.725475,0.0,0.0,7.521945
minji-sync-capacity-bd3212ff2cdb43cfacad8a099fe3715f:qwen4b-shaped-capacity-test@1@0@-4c105d998f3d7100@bfloat16,146,5,2561138362391299,2561138362644171,2561138362672924,2561138368826156,2561138368840357,2561138383445852,2561138384221815,2561138384746149,6.153232,14.619696,13.613545,0.46912,0.537031,15.919993,3.096648,0.866051,9.650846
minji-sync-capacity-bd3212ff2cdb43cfacad8a099fe3715f:qwen4b-shaped-capacity-test@1@0@-439e2dd54493b147@bfloat16,147,5,2561138362464495,2561138364876732,2561138364917373,2561138371036077,2561138371046258,2561138383445852,2561138384221815,2561138384769845,6.118704,12.409775,11.403624,0.46912,0.537031,13.733768,0.886727,0.866051,9.650846
minji-sync-capacity-bd3212ff2cdb43cfacad8a099fe3715f:qwen4b-shaped-capacity-test@1@0@-451f23a4e74437ee@bfloat16,148,5,2561138363527040,2561138365468428,2561138365536272,2561138372048368,2561138372062888,2561138383445852,2561138384221815,2561138384791905,6.512096,11.397484,10.391333,0.46912,0.537031,12.743537,0.0,0.740487,9.650846
minji-sync-capacity-bd3212ff2cdb43cfacad8a099fe3715f:qwen4b-shaped-capacity-test@1@0@42970274dd8a785e@bfloat16,149,5,2561138364853232,2561138365078624,2561138365266584,2561138371899279,2561138371911862,2561138383445852,2561138384221815,2561138384845097,6.632695,11.546573,10.540422,0.46912,0.537031,12.945818,0.023525,0.866051,9.650846
minji-sync-capacity-bd3212ff2cdb43cfacad8a099fe3715f:qwen4b-shaped-capacity-test@1@0@-66a8eb535522a522@bfloat16,150,5,2561138365429723,2561138365670378,2561138365694314,2561138372285310,2561138372298390,2561138383445852,2561138384221815,2561138385174559,6.590996,11.160542,10.154391,0.46912,0.537031,12.889249,0.0,0.503545,9.650846
minji-sync-capacity-bd3212ff2cdb43cfacad8a099fe3715f:qwen4b-shaped-capacity-test@1@0@-529b03328c3b628d@bfloat16,151,5,2561138365842213,2561138366069363,2561138366105323,2561138378412627,2561138378424705,2561138383445852,2561138384221815,2561138386007570,12.307304,5.033225,4.027074,0.46912,0.537031,7.594943,0.0,0.0,4.027074
minji-sync-capacity-bd3212ff2cdb43cfacad8a099fe3715f:qwen4b-shaped-capacity-test@1@0@712f29129f191015@bfloat16,152,5,2561138367321733,2561138367582470,2561138367610886,2561138377050708,2561138377067105,2561138383445852,2561138384221815,2561138386414159,9.439822,6.395144,5.388993,0.46912,0.537031,9.363451,0.0,0.0,5.388993
minji-sync-capacity-bd3212ff2cdb43cfacad8a099fe3715f:qwen4b-shaped-capacity-test@1@0@1605afefcebd2f54@bfloat16,153,5,2561138367379447,2561138368066329,2561138368260960,2561138375189689,2561138375206175,2561138383445852,2561138384221815,2561138386526983,6.928729,8.256163,7.250012,0.46912,0.537031,11.337294,0.0,0.0,7.250012
minji-sync-capacity-bd3212ff2cdb43cfacad8a099fe3715f:qwen4b-shaped-capacity-test@1@0@-1707e5374c192350@bfloat16,154,5,2561138367774338,2561138368550237,2561138368995236,2561138375289544,2561138375301759,2561138383445852,2561138384221815,2561138386549576,6.294308,8.156308,7.150157,0.46912,0.537031,11.260032,0.0,0.0,7.150157
minji-sync-capacity-bd3212ff2cdb43cfacad8a099fe3715f:qwen4b-shaped-capacity-test@1@0@529ddde6e27aab26@bfloat16,155,5,2561138368133893,2561138368693688,2561138368957605,2561138378491592,2561138378504703,2561138383445852,2561138384221815,2561138386571187,9.533987,4.95426,3.948109,0.46912,0.537031,8.079595,0.0,0.0,3.948109
minji-sync-capacity-bd3212ff2cdb43cfacad8a099fe3715f:qwen4b-shaped-capacity-test@1@0@-6637a38ded152b4e@bfloat16,156,5,2561138368385262,2561138369689904,2561138369746229,2561138382342983,2561138382357593,2561138383445852,2561138384221815,2561138386593678,12.596754,1.102869,0.096718,0.46912,0.537031,4.250695,0.0,0.0,0.096718
minji-sync-capacity-bd3212ff2cdb43cfacad8a099fe3715f:qwen4b-shaped-capacity-test@1@0@-7425ca7fac609b37@bfloat16,157,5,2561138368855212,2561138370102221,2561138370132754,2561138382439701,2561138382456224,2561138383445852,2561138384221815,2561138386616153,12.306947,1.006151,0.0,0.46912,0.537031,4.176452,0.0,0.0,0.0
minji-sync-capacity-bd3212ff2cdb43cfacad8a099fe3715f:qwen4b-shaped-capacity-test@1@0@-5425cb4b9dc6781c@bfloat16,158,5,2561138368916230,2561138369173546,2561138369210412,2561138375683387,2561138375694991,2561138383445852,2561138384221815,2561138386640268,6.472975,7.762465,6.756314,0.46912,0.537031,10.956881,0.0,0.0,6.756314
minji-sync-capacity-bd3212ff2cdb43cfacad8a099fe3715f:qwen4b-shaped-capacity-test@1@0@-4bcb40853ea76374@bfloat16,159,5,2561138369877020,2561138371943175,2561138372460970,2561138381483321,2561138381494365,2561138383445852,2561138384221815,2561138386666749,9.022351,1.962531,0.95638,0.46912,0.537031,5.183428,0.0,0.0,0.95638
minji-sync-capacity-bd3212ff2cdb43cfacad8a099fe3715f:qwen4b-shaped-capacity-test@1@0@2d413da4f32fdf39@bfloat16,160,5,2561138371060592,2561138371374684,2561138371435473,2561138378337785,2561138378356068,2561138383445852,2561138384221815,2561138386691787,6.902312,5.108067,4.101916,0.46912,0.537031,8.354002,0.0,0.0,4.101916
minji-sync-capacity-bd3212ff2cdb43cfacad8a099fe3715f:qwen4b-shaped-capacity-test@1@0@-60eab58919cd625@bfloat16,161,5,2561138371922804,2561138372386377,2561138372788855,2561138379519439,2561138379530534,2561138383445852,2561138384221815,2561138386714473,6.730584,3.926413,2.920262,0.46912,0.537031,7.195034,0.0,0.0,2.920262
minji-sync-capacity-bd3212ff2cdb43cfacad8a099fe3715f:qwen4b-shaped-capacity-test@1@0@3aa150de898bac1a@bfloat16,162,6,2561138372079086,2561138372619530,2561138372883365,2561138381556357,2561138381568523,2561138401371696,2561138403341553,2561138403569085,8.672992,19.815339,18.568527,0.786832,0.45998,22.012728,5.729219,0.984454,11.854854
minji-sync-capacity-bd3212ff2cdb43cfacad8a099fe3715f:qwen4b-shaped-capacity-test@1@0@-3f86cb54dabc0300@bfloat16,163,6,2561138372314599,2561138372773737,2561138372959687,2561138379739230,2561138379752707,2561138401371696,2561138403341553,2561138403619122,6.779543,21.632466,20.385654,0.786832,0.45998,23.879892,7.546346,0.984454,11.854854
minji-sync-capacity-bd3212ff2cdb43cfacad8a099fe3715f:qwen4b-shaped-capacity-test@1@0@29ddbe47615ba93d@bfloat16,164,6,2561138374607973,2561138374830189,2561138374862960,2561138384649453,2561138384661932,2561138401371696,2561138403341553,2561138403662145,9.786493,16.722243,15.475431,0.786832,0.45998,19.012692,2.636123,0.984454,11.854854
minji-sync-capacity-bd3212ff2cdb43cfacad8a099fe3715f:qwen4b-shaped-capacity-test@1@0@65656c90315e6997@bfloat16,165,6,2561138374945791,2561138375257417,2561138375665268,2561138385314302,2561138385329492,2561138401371696,2561138403341553,2561138403700886,9.649034,16.057394,14.810582,0.786832,0.45998,18.386584,1.971274,0.984454,11.854854
minji-sync-capacity-bd3212ff2cdb43cfacad8a099fe3715f:qwen4b-shaped-capacity-test@1@0@-3e1d90e6d245132a@bfloat16,166,6,2561138375225975,2561138375520358,2561138375786658,2561138385404191,2561138385420018,2561138401371696,2561138403341553,2561138403738720,9.617533,15.967505,14.720693,0.786832,0.45998,18.334529,1.881385,0.984454,11.854854
minji-sync-capacity-bd3212ff2cdb43cfacad8a099fe3715f:qwen4b-shaped-capacity-test@1@0@6d4be382779c9c84@bfloat16,167,6,2561138375318289,2561138375807585,2561138375835510,2561138387174080,2561138387191861,2561138401371696,2561138403341553,2561138403775513,11.33857,14.197616,12.950804,0.786832,0.45998,16.601433,0.111496,0.984454,11.854854
minji-sync-capacity-bd3212ff2cdb43cfacad8a099fe3715f:qwen4b-shaped-capacity-test@1@0@3ade81ed59d8cc9b@bfloat16,168,6,2561138375707790,2561138375943297,2561138375968358,2561138384232640,2561138384245847,2561138401371696,2561138403341553,2561138403811893,8.264282,17.139056,15.892244,0.786832,0.45998,19.579253,3.052936,0.984454,11.854854
minji-sync-capacity-bd3212ff2cdb43cfacad8a099fe3715f:qwen4b-shaped-capacity-test@1@0@-df5fafe581eb273@bfloat16,169,6,2561138377017118,2561138377268973,2561138377302579,2561138387258144,2561138387270636,2561138401371696,2561138403341553,2561138403848617,9.955565,14.113552,12.86674,0.786832,0.45998,16.590473,0.027432,0.984454,11.854854
minji-sync-capacity-bd3212ff2cdb43cfacad8a099fe3715f:qwen4b-shaped-capacity-test@1@0@-1543206fca202e70@bfloat16,170,6,2561138377085303,2561138378475593,2561138378802013,2561138385112026,2561138385123984,2561138401371696,2561138403341553,2561138403884444,6.310013,16.25967,15.012858,0.786832,0.45998,18.772418,2.17355,0.984454,11.854854
minji-sync-capacity-bd3212ff2cdb43cfacad8a099fe3715f:qwen4b-shaped-capacity-test@1@0@-1076622f8ae9c09c@bfloat16,171,6,2561138378377147,2561138378857798,2561138379059616,2561138385573263,2561138385588856,2561138401371696,2561138403341553,2561138403920506,6.513647,15.798433,14.551621,0.786832,0.45998,18.347243,1.712313,0.984454,11.854854
minji-sync-capacity-bd3212ff2cdb43cfacad8a099fe3715f:qwen4b-shaped-capacity-test@1@0@-7cbdf14e9805ba51@bfloat16,172,6,2561138378441985,2561138379249294,2561138379317447,2561138388430795,2561138388442070,2561138401371696,2561138403341553,2561138403962450,9.113348,12.940901,11.694089,0.786832,0.45998,15.531655,0.0,0.0,11.694089
minji-sync-capacity-bd3212ff2cdb43cfacad8a099fe3715f:qwen4b-shaped-capacity-test@1@0@496e49f82eb7caab@bfloat16,173,6,2561138378521178,2561138379011632,2561138379274507,2561138386847819,2561138386863648,2561138401371696,2561138403341553,2561138404020450,7.573312,14.523877,13.277065,0.786832,0.45998,17.172631,0.437757,0.984454,11.854854
minji-sync-capacity-bd3212ff2cdb43cfacad8a099fe3715f:qwen4b-shaped-capacity-test@1@0@-1f9e96d6a974f11e@bfloat16,174,6,2561138379542244,2561138379789123,2561138379811672,2561138390161339,2561138390176412,2561138401371696,2561138403341553,2561138404060743,10.349667,11.210357,9.963545,0.786832,0.45998,13.899404,0.0,0.0,9.963545
minji-sync-capacity-bd3212ff2cdb43cfacad8a099fe3715f:qwen4b-shaped-capacity-test@1@0@-1fc5b6057047437f@bfloat16,175,6,2561138379766905,2561138381530310,2561138381629273,2561138392458998,2561138392477466,2561138401371696,2561138403341553,2561138404098258,10.829725,8.912698,7.665886,0.786832,0.45998,11.63926,0.0,0.0,7.665886
minji-sync-capacity-bd3212ff2cdb43cfacad8a099fe3715f:qwen4b-shaped-capacity-test@1@0@-3e4fd31085d8e83f@bfloat16,176,6,2561138381508120,2561138381760471,2561138381788259,2561138387910317,2561138387921848,2561138401371696,2561138403341553,2561138404135313,6.122058,13.461379,12.214567,0.786832,0.45998,16.224996,0.0,0.359713,11.854854
minji-sync-capacity-bd3212ff2cdb43cfacad8a099fe3715f:qwen4b-shaped-capacity-test@1@0@-725c6d0698141ea0@bfloat16,177,6,2561138381586035,2561138382313837,2561138382411310,2561138391197582,2561138391210650,2561138401371696,2561138403341553,2561138404171564,8.786272,10.174114,8.927302,0.786832,0.45998,12.973982,0.0,0.0,8.927302
minji-sync-capacity-bd3212ff2cdb43cfacad8a099fe3715f:qwen4b-shaped-capacity-test@1@0@519d8dbab7f2b262@bfloat16,178,6,2561138382376481,2561138382620826,2561138382660624,2561138388882592,2561138388896443,2561138401371696,2561138403341553,2561138404253990,6.221968,12.489104,11.242292,0.786832,0.45998,15.371398,0.0,0.0,11.242292
minji-sync-capacity-bd3212ff2cdb43cfacad8a099fe3715f:qwen4b-shaped-capacity-test@1@0@22e50aceb95d57ea@bfloat16,179,6,2561138382474715,2561138385514103,2561138385884740,2561138391919299,2561138391934310,2561138401371696,2561138403341553,2561138404447075,6.034559,9.452397,8.205585,0.786832,0.45998,12.527776,0.0,0.0,8.205585
minji-sync-capacity-bd3212ff2cdb43cfacad8a099fe3715f:qwen4b-shaped-capacity-test@1@0@3f08a94ebd7aa303@bfloat16,180,6,2561138384261276,2561138385905676,2561138385989460,2561138394263320,2561138394276702,2561138401371696,2561138403341553,2561138404621618,8.27386,7.108376,5.861564,0.786832,0.45998,10.358298,0.0,0.0,5.861564
minji-sync-capacity-bd3212ff2cdb43cfacad8a099fe3715f:qwen4b-shaped-capacity-test@1@0@61c07c186e4bd357@bfloat16,181,6,2561138384680011,2561138384953721,2561138385089391,2561138393042955,2561138393059433,2561138401371696,2561138403341553,2561138404669737,7.953564,8.328741,7.081929,0.786832,0.45998,11.626782,0.0,0.0,7.081929
minji-sync-capacity-bd3212ff2cdb43cfacad8a099fe3715f:qwen4b-shaped-capacity-test@1@0@-73ea5a085e3c01ec@bfloat16,182,6,2561138385141428,2561138387795611,2561138388024169,2561138394639443,2561138394653016,2561138401371696,2561138403341553,2561138404794176,6.615274,6.732253,5.485441,0.786832,0.45998,10.154733,0.0,0.0,5.485441
minji-sync-capacity-bd3212ff2cdb43cfacad8a099fe3715f:qwen4b-shaped-capacity-test@1@0@482ef3843fa0f913@bfloat16,183,6,2561138385351048,2561138388043486,2561138388270030,2561138400124884,2561138400147809,2561138401371696,2561138403341553,2561138404895911,11.854854,1.246812,0.0,0.786832,0.45998,4.771027,0.0,0.0,0.0
minji-sync-capacity-bd3212ff2cdb43cfacad8a099fe3715f:qwen4b-shaped-capacity-test@1@0@-2fcff0317eb91d78@bfloat16,184,6,2561138385438606,2561138386144752,2561138386452800,2561138395202945,2561138395216663,2561138401371696,2561138403341553,2561138405492864,8.750145,6.168751,4.921939,0.786832,0.45998,10.289919,0.0,0.0,4.921939
minji-sync-capacity-bd3212ff2cdb43cfacad8a099fe3715f:qwen4b-shaped-capacity-test@1@0@2920aeded14f1e76@bfloat16,185,6,2561138385606525,2561138386308260,2561138386483970,2561138395329508,2561138395345980,2561138401371696,2561138403341553,2561138406063017,8.845538,6.042188,4.795376,0.786832,0.45998,10.733509,0.0,0.0,4.795376
minji-sync-capacity-bd3212ff2cdb43cfacad8a099fe3715f:qwen4b-shaped-capacity-test@1@0@59b5e93e32341b51@bfloat16,186,6,2561138386878753,2561138387139925,2561138387325016,2561138393609191,2561138393623056,2561138401371696,2561138403341553,2561138406158531,6.284175,7.762505,6.515693,0.786832,0.45998,12.54934,0.0,0.0,6.515693
minji-sync-capacity-bd3212ff2cdb43cfacad8a099fe3715f:qwen4b-shaped-capacity-test@1@0@44c507efe9b0b287@bfloat16,187,6,2561138387211788,2561138387477217,2561138387507229,2561138397093218,2561138397109515,2561138401371696,2561138403341553,2561138406194569,9.585989,4.278478,3.031666,0.786832,0.45998,9.101351,0.0,0.0,3.031666
minji-sync-capacity-bd3212ff2cdb43cfacad8a099fe3715f:qwen4b-shaped-capacity-test@1@0@-242d164745b6953a@bfloat16,188,6,2561138387285576,2561138388200874,2561138388245485,2561138397577207,2561138397594532,2561138401371696,2561138403341553,2561138406819399,9.331722,3.794489,2.547677,0.786832,0.45998,9.242192,0.0,0.0,2.547677
minji-sync-capacity-bd3212ff2cdb43cfacad8a099fe3715f:qwen4b-shaped-capacity-test@1@0@7cf6c1c5063f10b2@bfloat16,189,7,2561138387938001,2561138390094038,2561138390145285,2561138396824718,2561138396835512,2561138420766086,2561138422305191,2561138422476158,6.679433,23.941368,23.025957,0.513861,0.40155,25.65144,9.449766,0.386246,13.189945
minji-sync-capacity-bd3212ff2cdb43cfacad8a099fe3715f:qwen4b-shaped-capacity-test@1@0@20d45a0959eea5ca@bfloat16,190,7,2561138388460861,2561138388744363,2561138388777746,2561138399689975,2561138399709275,2561138420766086,2561138422305191,2561138422510271,10.912229,21.076111,20.1607,0.513861,0.40155,22.820296,6.584509,0.386246,13.189945
minji-sync-capacity-bd3212ff2cdb43cfacad8a099fe3715f:qwen4b-shaped-capacity-test@1@0@702e1526a9da56ec@bfloat16,191,7,2561138388915598,2561138389198491,2561138389239421,2561138406223393,2561138406245008,2561138420766086,2561138422305191,2561138422542189,16.983972,14.542693,13.627282,0.513861,0.40155,16.318796,0.051091,0.386246,13.189945
minji-sync-capacity-bd3212ff2cdb43cfacad8a099fe3715f:qwen4b-shaped-capacity-test@1@0@-331724232156ee74@bfloat16,192,7,2561138390195856,2561138391123695,2561138391167212,2561138397658248,2561138397670493,2561138420766086,2561138422305191,2561138422567514,6.491036,23.107838,22.192427,0.513861,0.40155,24.909266,8.616236,0.386246,13.189945
minji-sync-capacity-bd3212ff2cdb43cfacad8a099fe3715f:qwen4b-shaped-capacity-test@1@0@-63d1cd7d02b7489b@bfloat16,193,7,2561138391229306,2561138391533589,2561138391574010,2561138397973346,2561138397985586,2561138420766086,2561138422305191,2561138422591462,6.399336,22.79274,21.877329,0.513861,0.40155,24.618116,8.301138,0.386246,13.189945
minji-sync-capacity-bd3212ff2cdb43cfacad8a099fe3715f:qwen4b-shaped-capacity-test@1@0@-2a8bcf2ba08a71cc@bfloat16,194,7,2561138391953977,2561138392438029,2561138392617726,2561138399226788,2561138399241077,2561138420766086,2561138422305191,2561138422703143,6.609062,21.539298,20.623887,0.513861,0.40155,23.476355,7.047696,0.386246,13.189945
minji-sync-capacity-bd3212ff2cdb43cfacad8a099fe3715f:qwen4b-shaped-capacity-test@1@0@-118f34a1d7d3a774@bfloat16,195,7,2561138392504067,2561138392825944,2561138392871019,2561138402911765,2561138402925234,2561138420766086,2561138422305191,2561138422799187,10.040746,17.854321,16.93891,0.513861,0.40155,19.887422,3.362719,0.386246,13.189945
minji-sync-capacity-bd3212ff2cdb43cfacad8a099fe3715f:qwen4b-shaped-capacity-test@1@0@-145599f00760cb44@bfloat16,196,7,2561138393078039,2561138393848897,2561138393924226,2561138410391201,2561138410413533,2561138420766086,2561138422305191,2561138422868899,16.466975,10.374885,9.459474,0.513861,0.40155,12.477698,0.0,0.0,9.459474
minji-sync-capacity-bd3212ff2cdb43cfacad8a099fe3715f:qwen4b-shaped-capacity-test@1@0@34f84683868b949c@bfloat16,197,7,2561138393638340,2561138397372748,2561138398269357,2561138404722177,2561138404738016,2561138420766086,2561138422305191,2561138424189070,6.45282,16.043909,15.128498,0.513861,0.40155,19.466893,1.552307,0.386246,13.189945
minji-sync-capacity-bd3212ff2cdb43cfacad8a099fe3715f:qwen4b-shaped-capacity-test@1@0@-2267ca280a213ac4@bfloat16,198,7,2561138394296302,2561138394559765,2561138394711088,2561138408733032,2561138408754416,2561138420766086,2561138422305191,2561138424221753,14.021944,12.033054,11.117643,0.513861,0.40155,15.488721,0.0,0.0,11.117643
minji-sync-capacity-bd3212ff2cdb43cfacad8a099fe3715f:qwen4b-shaped-capacity-test@1@0@-2017c3115dfbb67b@bfloat16,199,7,2561138394674175,2561138394943759,2561138394970625,2561138401264516,2561138401283983,2561138420766086,2561138422305191,2561138424247556,6.293891,19.50157,18.586159,0.513861,0.40155,22.98304,5.009968,0.386246,13.189945
minji-sync-capacity-bd3212ff2cdb43cfacad8a099fe3715f:qwen4b-shaped-capacity-test@1@0@5c585bc5b4bd4f88@bfloat16,200,7,2561138395231668,2561138395551930,2561138395595294,2561138404499628,2561138404514475,2561138420766086,2561138422305191,2561138424276033,8.904334,16.266458,15.351047,0.513861,0.40155,19.776405,1.774856,0.386246,13.189945
minji-sync-capacity-bd3212ff2cdb43cfacad8a099fe3715f:qwen4b-shaped-capacity-test@1@0@-7775d1ffc1b56b02@bfloat16,201,7,2561138395367902,2561138395735720,2561138395777185,2561138407539070,2561138407555209,2561138420766086,2561138422305191,2561138424297549,11.761885,13.227016,12.311605,0.513861,0.40155,16.758479,0.0,0.0,12.311605
minji-sync-capacity-bd3212ff2cdb43cfacad8a099fe3715f:qwen4b-shaped-capacity-test@1@0@6a885311bf56ff3a@bfloat16,202,7,2561138396862270,2561138397207029,2561138398489560,2561138407714058,2561138407728394,2561138420766086,2561138422305191,2561138424321536,9.224498,13.052028,12.136617,0.513861,0.40155,16.607478,0.0,0.0,12.136617
minji-sync-capacity-bd3212ff2cdb43cfacad8a099fe3715f:qwen4b-shaped-capacity-test@1@0@197a3490d5c4a1f8@bfloat16,203,7,2561138397128223,2561138397746158,2561138398586949,2561138405247600,2561138405262045,2561138420766086,2561138422305191,2561138424347124,6.660651,15.518486,14.603075,0.513861,0.40155,19.099524,1.026884,0.386246,13.189945
minji-sync-capacity-bd3212ff2cdb43cfacad8a099fe3715f:qwen4b-shaped-capacity-test@1@0@68ad17cc6597c66b@bfloat16,204,7,2561138397615084,2561138398296773,2561138398620604,2561138407970531,2561138407993182,2561138420766086,2561138422305191,2561138424369897,9.349927,12.795555,11.880144,0.513861,0.40155,16.399366,0.0,0.0,11.880144
minji-sync-capacity-bd3212ff2cdb43cfacad8a099fe3715f:qwen4b-shaped-capacity-test@1@0@-3677129bb28878dc@bfloat16,205,7,2561138397686481,2561138397935299,2561138398567321,2561138408237154,2561138408252393,2561138420766086,2561138422305191,2561138424463011,9.669833,12.528932,11.613521,0.513861,0.40155,16.225857,0.0,0.0,11.613521
minji-sync-capacity-bd3212ff2cdb43cfacad8a099fe3715f:qwen4b-shaped-capacity-test@1@0@1b1b64c71a122f5@bfloat16,206,7,2561138398007506,2561138398551185,2561138398648947,2561138410641483,2561138410654956,2561138420766086,2561138422305191,2561138424494343,11.992536,10.124603,9.209192,0.513861,0.40155,13.85286,0.0,0.0,9.209192
minji-sync-capacity-bd3212ff2cdb43cfacad8a099fe3715f:qwen4b-shaped-capacity-test@1@0@681d84c2708578cd@bfloat16,207,7,2561138399258422,2561138399509938,2561138399535518,2561138412367175,2561138412383640,2561138420766086,2561138422305191,2561138424516830,12.831657,8.398911,7.4835,0.513861,0.40155,12.149655,0.0,0.0,7.4835
minji-sync-capacity-bd3212ff2cdb43cfacad8a099fe3715f:qwen4b-shaped-capacity-test@1@0@744e9e7fc8158896@bfloat16,208,7,2561138399738474,2561138400220503,2561138400670552,2561138412466118,2561138412483219,2561138420766086,2561138422305191,2561138424538948,11.795566,8.299968,7.384557,0.513861,0.40155,12.07283,0.0,0.0,7.384557
minji-sync-capacity-bd3212ff2cdb43cfacad8a099fe3715f:qwen4b-shaped-capacity-test@1@0@-160c0950e81999a7@bfloat16,209,7,2561138400178009,2561138400599003,2561138400711606,2561138419850675,2561138419863398,2561138420766086,2561138422305191,2561138424561560,19.139069,0.915411,0.0,0.513861,0.40155,4.710885,0.0,0.0,0.0
minji-sync-capacity-bd3212ff2cdb43cfacad8a099fe3715f:qwen4b-shaped-capacity-test@1@0@2605eb4444d3c56c@bfloat16,210,7,2561138401306125,2561138401646963,2561138401777715,2561138407895296,2561138407912262,2561138420766086,2561138422305191,2561138424582240,6.117581,12.87079,11.955379,0.513861,0.40155,16.686944,0.0,0.0,11.955379
minji-sync-capacity-bd3212ff2cdb43cfacad8a099fe3715f:qwen4b-shaped-capacity-test@1@0@280b9e3674ef672b@bfloat16,211,7,2561138402944957,2561138404381319,2561138404563339,2561138413225410,2561138413239427,2561138420766086,2561138422305191,2561138424607136,8.662071,7.540676,6.625265,0.513861,0.40155,11.381726,0.0,0.0,6.625265
minji-sync-capacity-bd3212ff2cdb43cfacad8a099fe3715f:qwen4b-shaped-capacity-test@1@0@2fd8976222bcafb9@bfloat16,212,7,2561138404531908,2561138405102536,2561138405546570,2561138416731781,2561138416744511,2561138420766086,2561138422305191,2561138424629850,11.185211,4.034305,3.118894,0.513861,0.40155,7.898069,0.0,0.0,3.118894
minji-sync-capacity-bd3212ff2cdb43cfacad8a099fe3715f:qwen4b-shaped-capacity-test@1@0@153c4e85a0be1dd3@bfloat16,213,7,2561138404758654,2561138405344443,2561138405581718,2561138413124835,2561138413139035,2561138420766086,2561138422305191,2561138424651728,7.543117,7.641251,6.72584,0.513861,0.40155,11.526893,0.0,0.0,6.72584
minji-sync-capacity-bd3212ff2cdb43cfacad8a099fe3715f:qwen4b-shaped-capacity-test@1@0@-ae237731e2edf6e@bfloat16,214,7,2561138405280818,2561138405758776,2561138405792247,2561138419441673,2561138419457041,2561138420766086,2561138422305191,2561138424706795,13.649426,1.324413,0.409002,0.513861,0.40155,5.265122,0.0,0.0,0.409002
minji-sync-capacity-bd3212ff2cdb43cfacad8a099fe3715f:qwen4b-shaped-capacity-test@1@0@6d9b8fc076d664c@bfloat16,215,7,2561138406274484,2561138406621918,2561138406660730,2561138412875258,2561138412895650,2561138420766086,2561138422305191,2561138424896440,6.214528,7.890828,6.975417,0.513861,0.40155,12.021182,0.0,0.0,6.975417
minji-sync-capacity-bd3212ff2cdb43cfacad8a099fe3715f:qwen4b-shaped-capacity-test@1@0@-376a72c33c76f1e5@bfloat16,216,8,2561138407576390,2561138408065723,2561138408391302,2561138414962899,2561138414981325,2561138437095717,2561138437976428,2561138438115844,6.571597,22.132818,21.146133,0.465304,0.521381,23.152945,7.782886,2.134644,11.228603
minji-sync-capacity-bd3212ff2cdb43cfacad8a099fe3715f:qwen4b-shaped-capacity-test@1@0@-131aecef958fc444@bfloat16,217,8,2561138407742212,2561138410916823,2561138411141145,2561138417932672,2561138417953308,2561138437095717,2561138437976428,2561138438207963,6.791527,19.163045,18.17636,0.465304,0.521381,20.275291,4.813113,2.134644,11.228603
minji-sync-capacity-bd3212ff2cdb43cfacad8a099fe3715f:qwen4b-shaped-capacity-test@1@0@4822b0f893b8d889@bfloat16,218,8,2561138407933652,2561138408595964,2561138408855543,2561138415547198,2561138415562938,2561138437095717,2561138437976428,2561138438232054,6.691655,21.548519,20.561834,0.465304,0.521381,22.684856,7.198587,2.134644,11.228603
minji-sync-capacity-bd3212ff2cdb43cfacad8a099fe3715f:qwen4b-shaped-capacity-test@1@0@21bc95f5158cb4cb@bfloat16,219,8,2561138408022300,2561138408819283,2561138408891197,2561138415607012,2561138415622287,2561138437095717,2561138437976428,2561138438256519,6.715815,21.488705,20.50202,0.465304,0.521381,22.649507,7.138773,2.134644,11.228603
minji-sync-capacity-bd3212ff2cdb43cfacad8a099fe3715f:qwen4b-shaped-capacity-test@1@0@-6867f4dc961860b3@bfloat16,220,8,2561138408272350,2561138409358195,2561138409768729,2561138416542114,2561138416562832,2561138437095717,2561138437976428,2561138438471541,6.773385,20.553603,19.566918,0.465304,0.521381,21.929427,6.203671,2.134644,11.228603
minji-sync-capacity-bd3212ff2cdb43cfacad8a099fe3715f:qwen4b-shaped-capacity-test@1@0@559838ee1d148d57@bfloat16,221,8,2561138408773972,2561138409521412,2561138409566361,2561138423320713,2561138423342049,2561138437095717,2561138437976428,2561138438759988,13.754352,13.775004,12.788319,0.465304,0.521381,15.439275,0.0,1.559716,11.228603
minji-sync-capacity-bd3212ff2cdb43cfacad8a099fe3715f:qwen4b-shaped-capacity-test@1@0@-530f217ddf6a8673@bfloat16,222,8,2561138410439437,2561138411090443,2561138411413721,2561138426205599,2561138426222260,2561138437095717,2561138437976428,2561138438801187,14.791878,10.890118,9.903433,0.465304,0.521381,12.595588,0.0,0.0,9.903433
minji-sync-capacity-bd3212ff2cdb43cfacad8a099fe3715f:qwen4b-shaped-capacity-test@1@0@-521b226dcff38b60@bfloat16,223,8,2561138410671695,2561138411439716,2561138411501950,2561138418056177,2561138418073622,2561138437095717,2561138437976428,2561138438830392,6.554227,19.03954,18.052855,0.465304,0.521381,20.774215,4.689608,2.134644,11.228603
minji-sync-capacity-bd3212ff2cdb43cfacad8a099fe3715f:qwen4b-shaped-capacity-test@1@0@-305eb405bda85ad1@bfloat16,224,8,2561138412407842,2561138412800353,2561138412851092,2561138419147482,2561138419162202,2561138437095717,2561138437976428,2561138438881735,6.29639,17.948235,16.96155,0.465304,0.521381,19.734253,3.598303,2.134644,11.228603
minji-sync-capacity-bd3212ff2cdb43cfacad8a099fe3715f:qwen4b-shaped-capacity-test@1@0@a3c47150a7525ae@bfloat16,225,8,2561138412508406,2561138413192382,2561138414280569,2561138421141098,2561138421157647,2561138437095717,2561138437976428,2561138439121080,6.860529,15.954619,14.967934,0.465304,0.521381,17.979982,1.604687,2.134644,11.228603
minji-sync-capacity-bd3212ff2cdb43cfacad8a099fe3715f:qwen4b-shaped-capacity-test@1@0@3c8ff40a21e6acf9@bfloat16,226,8,2561138412917369,2561138413491687,2561138414940403,2561138421425800,2561138421441748,2561138437095717,2561138437976428,2561138439150055,6.485397,15.669917,14.683232,0.465304,0.521381,17.724255,1.319985,2.134644,11.228603
minji-sync-capacity-bd3212ff2cdb43cfacad8a099fe3715f:qwen4b-shaped-capacity-test@1@0@-440d8b73936b8c46@bfloat16,227,8,2561138413158554,2561138415719034,2561138415887718,2561138423224203,2561138423237394,2561138437095717,2561138437976428,2561138439200437,7.336485,13.871514,12.884829,0.465304,0.521381,15.976234,0.0,1.656226,11.228603
minji-sync-capacity-bd3212ff2cdb43cfacad8a099fe3715f:qwen4b-shaped-capacity-test@1@0@2595f0b1071f3a83@bfloat16,228,8,2561138413258854,2561138413706928,2561138415073464,2561138428755744,2561138428768590,2561138437095717,2561138437976428,2561138439263458,13.68228,8.339973,7.353288,0.465304,0.521381,10.507714,0.0,0.0,7.353288
minji-sync-capacity-bd3212ff2cdb43cfacad8a099fe3715f:qwen4b-shaped-capacity-test@1@0@608fa87356c457a9@bfloat16,229,8,2561138415008404,2561138415362899,2561138415693818,2561138424399985,2561138424415083,2561138437095717,2561138437976428,2561138439290252,8.706167,12.695732,11.709047,0.465304,0.521381,14.890267,0.0,0.480444,11.228603
minji-sync-capacity-bd3212ff2cdb43cfacad8a099fe3715f:qwen4b-shaped-capacity-test@1@0@450053bbc7055cc4@bfloat16,230,8,2561138415581769,2561138415842889,2561138416078769,2561138422630229,2561138422647788,2561138437095717,2561138437976428,2561138439314388,6.55146,14.465488,13.478803,0.465304,0.521381,16.684159,0.115556,2.134644,11.228603
minji-sync-capacity-bd3212ff2cdb43cfacad8a099fe3715f:qwen4b-shaped-capacity-test@1@0@-7332a9ee3734f7f6@bfloat16,231,8,2561138415641456,2561138416021103,2561138416110846,2561138422714586,2561138422727505,2561138437095717,2561138437976428,2561138439335274,6.60374,14.381131,13.394446,0.465304,0.521381,16.620688,0.031199,2.134644,11.228603
minji-sync-capacity-bd3212ff2cdb43cfacad8a099fe3715f:qwen4b-shaped-capacity-test@1@0@f8a6162ae4ca28f@bfloat16,232,8,2561138416588557,2561138417845185,2561138418132619,2561138427766163,2561138427778009,2561138437095717,2561138437976428,2561138439359903,9.633544,9.329554,8.342869,0.465304,0.521381,11.59374,0.0,0.0,8.342869
minji-sync-capacity-bd3212ff2cdb43cfacad8a099fe3715f:qwen4b-shaped-capacity-test@1@0@7721421229a5c409@bfloat16,233,8,2561138416759684,2561138417725844,2561138418025032,2561138427651123,2561138427666216,2561138437095717,2561138437976428,2561138439383740,9.626091,9.444594,8.457909,0.465304,0.521381,11.732617,0.0,0.0,8.457909
minji-sync-capacity-bd3212ff2cdb43cfacad8a099fe3715f:qwen4b-shaped-capacity-test@1@0@52318613635a7678@bfloat16,234,8,2561138417978866,2561138418386556,2561138418562756,2561138428314670,2561138428331063,2561138437095717,2561138437976428,2561138439406048,9.751914,8.781047,7.794362,0.465304,0.521381,11.091378,0.0,0.0,7.794362
minji-sync-capacity-bd3212ff2cdb43cfacad8a099fe3715f:qwen4b-shaped-capacity-test@1@0@3c0a4b6610081381@bfloat16,235,8,2561138418094224,2561138418548954,2561138418595885,2561138428450442,2561138428461882,2561138437095717,2561138437976428,2561138439455238,9.854557,8.645275,7.65859,0.465304,0.521381,11.004796,0.0,0.0,7.65859
minji-sync-capacity-bd3212ff2cdb43cfacad8a099fe3715f:qwen4b-shaped-capacity-test@1@0@-4c81164fc49ffae7@bfloat16,236,8,2561138419179476,2561138419426901,2561138419536138,2561138426286451,2561138426297142,2561138437095717,2561138437976428,2561138439779064,6.750313,10.809266,9.822581,0.465304,0.521381,13.492613,0.0,0.0,9.822581
minji-sync-capacity-bd3212ff2cdb43cfacad8a099fe3715f:qwen4b-shaped-capacity-test@1@0@5269e6c2331b98c5@bfloat16,237,8,2561138419475977,2561138419783978,2561138419816860,2561138426559787,2561138426578394,2561138437095717,2561138437976428,2561138439803264,6.742927,10.53593,9.549245,0.465304,0.521381,13.243477,0.0,0.0,9.549245
minji-sync-capacity-bd3212ff2cdb43cfacad8a099fe3715f:qwen4b-shaped-capacity-test@1@0@11d03fd47916fcd2@bfloat16,238,8,2561138419884158,2561138423723589,2561138423890360,2561138434265101,2561138434287840,2561138437095717,2561138437976428,2561138439825231,10.374741,2.830616,1.843931,0.465304,0.521381,5.56013,0.0,0.0,1.843931
minji-sync-capacity-bd3212ff2cdb43cfacad8a099fe3715f:qwen4b-shaped-capacity-test@1@0@-65c8ab1f99a5a1b4@bfloat16,239,8,2561138421178117,2561138421553498,2561138421829620,2561138430083154,2561138430099464,2561138437095717,2561138437976428,2561138439847996,8.253534,7.012563,6.025878,0.465304,0.521381,9.764842,0.0,0.0,6.025878
minji-sync-capacity-bd3212ff2cdb43cfacad8a099fe3715f:qwen4b-shaped-capacity-test@1@0@7fd391c076f4b3f1@bfloat16,240,8,2561138421461626,2561138423281470,2561138423689934,2561138431301963,2561138431313914,2561138437095717,2561138437976428,2561138439871259,7.612029,5.793754,4.807069,0.465304,0.521381,8.569296,0.0,0.0,4.807069
minji-sync-capacity-bd3212ff2cdb43cfacad8a099fe3715f:qwen4b-shaped-capacity-test@1@0@3a7c14c4ed3eb0be@bfloat16,241,8,2561138422669870,2561138422997125,2561138423523485,2561138433038621,2561138433052724,2561138437095717,2561138437976428,2561138439892123,9.515136,4.057096,3.070411,0.465304,0.521381,6.853502,0.0,0.0,3.070411
minji-sync-capacity-bd3212ff2cdb43cfacad8a099fe3715f:qwen4b-shaped-capacity-test@1@0@-6efb97de145cb4b1@bfloat16,242,8,2561138422745785,2561138424809311,2561138424880429,2561138436109032,2561138436125185,2561138437095717,2561138437976428,2561138439913790,11.228603,0.986685,0.0,0.465304,0.521381,3.804758,0.0,0.0,0.0
minji-sync-capacity-bd3212ff2cdb43cfacad8a099fe3715f:qwen4b-shaped-capacity-test@1@0@-17569f2bbe70332d@bfloat16,243,9,2561138423254552,2561138423911474,2561138424108743,2561138430539598,2561138430554487,2561138453343306,2561138455690291,2561138456152884,6.430855,22.803708,20.370087,0.912189,1.521432,25.613286,8.490303,1.661046,10.218738
minji-sync-capacity-bd3212ff2cdb43cfacad8a099fe3715f:qwen4b-shaped-capacity-test@1@0@-6265011565615130@bfloat16,244,9,2561138423366585,2561138424055386,2561138424177342,2561138430262974,2561138430276776,2561138453343306,2561138455690291,2561138456185113,6.085632,23.080332,20.646711,0.912189,1.521432,25.922139,8.766927,1.661046,10.218738
minji-sync-capacity-bd3212ff2cdb43cfacad8a099fe3715f:qwen4b-shaped-capacity-test@1@0@-38c38e118a4caff0@bfloat16,245,9,2561138424433322,2561138425534497,2561138425563795,2561138433519990,2561138433538429,2561138453343306,2561138455690291,2561138456214473,7.956195,19.823316,17.389695,0.912189,1.521432,22.694483,5.509911,1.661046,10.218738
minji-sync-capacity-bd3212ff2cdb43cfacad8a099fe3715f:qwen4b-shaped-capacity-test@1@0@-426a3b4564abd00b@bfloat16,246,9,2561138426245654,2561138426642637,2561138426679165,2561138432753278,2561138432766952,2561138453343306,2561138455690291,2561138456272766,6.074113,20.590028,18.156407,0.912189,1.521432,23.519488,6.276623,1.661046,10.218738
minji-sync-capacity-bd3212ff2cdb43cfacad8a099fe3715f:qwen4b-shaped-capacity-test@1@0@145ac5731d40fb25@bfloat16,247,9,2561138426312777,2561138428259785,2561138428291846,2561138436644466,2561138436660048,2561138453343306,2561138455690291,2561138456452816,8.35262,16.69884,14.265219,0.912189,1.521432,19.80835,2.385435,1.661046,10.218738
minji-sync-capacity-bd3212ff2cdb43cfacad8a099fe3715f:qwen4b-shaped-capacity-test@1@0@4b815f186fc40898@bfloat16,248,9,2561138426601193,2561138426909062,2561138427036275,2561138439629646,2561138439650175,2561138453343306,2561138455690291,2561138456483014,12.593371,13.71366,11.280039,0.912189,1.521432,16.853368,0.0,1.061301,10.218738
minji-sync-capacity-bd3212ff2cdb43cfacad8a099fe3715f:qwen4b-shaped-capacity-test@1@0@-6cf56ba6714d5b5a@bfloat16,249,9,2561138427682571,2561138430035963,2561138430165843,2561138442807042,2561138442822234,2561138453343306,2561138455690291,2561138456507347,12.641199,10.536264,8.102643,0.912189,1.521432,13.700305,0.0,0.0,8.102643
minji-sync-capacity-bd3212ff2cdb43cfacad8a099fe3715f:qwen4b-shaped-capacity-test@1@0@f684d1f9fe0e30a@bfloat16,250,9,2561138427797201,2561138430334959,2561138430364764,2561138438645103,2561138438658357,2561138453343306,2561138455690291,2561138456529266,8.280339,14.698203,12.264582,0.912189,1.521432,17.884163,0.384798,1.661046,10.218738
minji-sync-capacity-bd3212ff2cdb43cfacad8a099fe3715f:qwen4b-shaped-capacity-test@1@0@-55f4680bdfe748ac@bfloat16,251,9,2561138428349289,2561138428654380,2561138429156688,2561138438986567,2561138439008133,2561138453343306,2561138455690291,2561138456551804,9.829879,14.356739,11.923118,0.912189,1.521432,17.565237,0.043334,1.661046,10.218738
minji-sync-capacity-bd3212ff2cdb43cfacad8a099fe3715f:qwen4b-shaped-capacity-test@1@0@-ad464ab80551ace@bfloat16,252,9,2561138428477764,2561138428818365,2561138428858959,2561138434761473,2561138434782508,2561138453343306,2561138455690291,2561138456574093,5.902514,18.581833,16.148212,0.912189,1.521432,21.81262,4.268428,1.661046,10.218738
minji-sync-capacity-bd3212ff2cdb43cfacad8a099fe3715f:qwen4b-shaped-capacity-test@1@0@-3c425f2745889fea@bfloat16,253,9,2561138428787662,2561138429062862,2561138429140522,2561138435172522,2561138435188647,2561138453343306,2561138455690291,2561138456602560,6.032,18.170784,15.737163,0.912189,1.521432,21.430038,3.857379,1.661046,10.218738
minji-sync-capacity-bd3212ff2cdb43cfacad8a099fe3715f:qwen4b-shaped-capacity-test@1@0@19412065c1776584@bfloat16,254,9,2561138430118743,2561138432960795,2561138432996719,2561138445052285,2561138445068997,2561138453343306,2561138455690291,2561138456625738,12.055566,8.291021,5.8574,0.912189,1.521432,11.573453,0.0,0.0,5.8574
minji-sync-capacity-bd3212ff2cdb43cfacad8a099fe3715f:qwen4b-shaped-capacity-test@1@0@477c2f2b5fee9763@bfloat16,255,9,2561138430295687,2561138430525725,2561138430896861,2561138438122826,2561138438133652,2561138453343306,2561138455690291,2561138456647542,7.225965,15.22048,12.786859,0.912189,1.521432,18.524716,0.907075,1.661046,10.218738
minji-sync-capacity-bd3212ff2cdb43cfacad8a099fe3715f:qwen4b-shaped-capacity-test@1@0@-543f8dc4d9ef666a@bfloat16,256,9,2561138430582603,2561138430882591,2561138430930051,2561138437413768,2561138437427987,2561138453343306,2561138455690291,2561138456667973,6.483717,15.929538,13.495917,0.912189,1.521432,19.254205,1.616133,1.661046,10.218738
minji-sync-capacity-bd3212ff2cdb43cfacad8a099fe3715f:qwen4b-shaped-capacity-test@1@0@-7a9660ac6084dfac@bfloat16,257,9,2561138431330751,2561138431562657,2561138431588911,2561138442417840,2561138442431813,2561138453343306,2561138455690291,2561138456690384,10.828929,10.925466,8.491845,0.912189,1.521432,14.272544,0.0,0.0,8.491845
minji-sync-capacity-bd3212ff2cdb43cfacad8a099fe3715f:qwen4b-shaped-capacity-test@1@0@-b4533b737356555@bfloat16,258,9,2561138432784744,2561138433478866,2561138433501655,2561138440611647,2561138440626521,2561138453343306,2561138455690291,2561138456713681,7.109992,12.731659,10.298038,0.912189,1.521432,16.102034,0.0,0.0793,10.218738
minji-sync-capacity-bd3212ff2cdb43cfacad8a099fe3715f:qwen4b-shaped-capacity-test@1@0@-2afdf3aaa0a92c50@bfloat16,259,9,2561138433071771,2561138433319795,2561138433355165,2561138440981940,2561138440994629,2561138453343306,2561138455690291,2561138456736348,7.626775,12.361366,9.927745,0.912189,1.521432,15.754408,0.0,0.0,9.927745
minji-sync-capacity-bd3212ff2cdb43cfacad8a099fe3715f:qwen4b-shaped-capacity-test@1@0@6f301bf960d997a4@bfloat16,260,9,2561138433565433,2561138436058390,2561138436086716,2561138442712832,2561138442727632,2561138453343306,2561138455690291,2561138456759747,6.626116,10.630474,8.196853,0.912189,1.521432,14.046915,0.0,0.0,8.196853
minji-sync-capacity-bd3212ff2cdb43cfacad8a099fe3715f:qwen4b-shaped-capacity-test@1@0@-484cc44dba281941@bfloat16,261,9,2561138434312894,2561138434650393,2561138434693230,2561138444507702,2561138444522687,2561138453343306,2561138455690291,2561138456781134,9.814472,8.835604,6.401983,0.912189,1.521432,12.273432,0.0,0.0,6.401983
minji-sync-capacity-bd3212ff2cdb43cfacad8a099fe3715f:qwen4b-shaped-capacity-test@1@0@7e8e356b9219e428@bfloat16,262,9,2561138434806314,2561138435242087,2561138435291377,2561138448089604,2561138448110240,2561138453343306,2561138455690291,2561138456801030,12.798227,5.253702,2.820081,0.912189,1.521432,8.711426,0.0,0.0,2.820081
minji-sync-capacity-bd3212ff2cdb43cfacad8a099fe3715f:qwen4b-shaped-capacity-test@1@0@-cec2a932c3dd1bd@bfloat16,263,9,2561138435208409,2561138435431989,2561138435457349,2561138442126536,2561138442141269,2561138453343306,2561138455690291,2561138456822794,6.669187,11.21677,8.783149,0.912189,1.521432,14.696258,0.0,0.0,8.783149
minji-sync-capacity-bd3212ff2cdb43cfacad8a099fe3715f:qwen4b-shaped-capacity-test@1@0@5e5c7f7264776f71@bfloat16,264,9,2561138436147544,2561138439556422,2561138439597065,2561138450909685,2561138450927263,2561138453343306,2561138455690291,2561138456844993,11.31262,2.433621,0.0,0.912189,1.521432,5.935308,0.0,0.0,0.0
minji-sync-capacity-bd3212ff2cdb43cfacad8a099fe3715f:qwen4b-shaped-capacity-test@1@0@5bc9d61549846560@bfloat16,265,9,2561138436680512,2561138436920983,2561138436952324,2561138444405331,2561138444420501,2561138453343306,2561138455690291,2561138456869328,7.453007,8.937975,6.504354,0.912189,1.521432,12.463997,0.0,0.0,6.504354
minji-sync-capacity-bd3212ff2cdb43cfacad8a099fe3715f:qwen4b-shaped-capacity-test@1@0@-249177ffd3a6691@bfloat16,266,9,2561138437446638,2561138438604926,2561138438747901,2561138445418078,2561138445435552,2561138453343306,2561138455690291,2561138456889969,6.670177,7.925228,5.491607,0.912189,1.521432,11.471891,0.0,0.0,5.491607
minji-sync-capacity-bd3212ff2cdb43cfacad8a099fe3715f:qwen4b-shaped-capacity-test@1@0@-384a93c9f833eecf@bfloat16,267,9,2561138438151225,2561138438369251,2561138438591668,2561138445127891,2561138445142368,2561138453343306,2561138455690291,2561138456913146,6.536223,8.215415,5.781794,0.912189,1.521432,11.785255,0.0,0.0,5.781794
minji-sync-capacity-bd3212ff2cdb43cfacad8a099fe3715f:qwen4b-shaped-capacity-test@1@0@-7fc947336d0c160b@bfloat16,268,9,2561138438672036,2561138439065534,2561138439229254,2561138447483308,2561138447496507,2561138453343306,2561138455690291,2561138456938828,8.254054,5.859998,3.426377,0.912189,1.521432,9.45552,0.0,0.0,3.426377
minji-sync-capacity-bd3212ff2cdb43cfacad8a099fe3715f:qwen4b-shaped-capacity-test@1@0@-219ec7478560c46a@bfloat16,269,9,2561138439029901,2561138440596485,2561138440690947,2561138447542874,2561138447561139,2561138453343306,2561138455690291,2561138456962214,6.851927,5.800432,3.366811,0.912189,1.521432,9.41934,0.0,0.0,3.366811
minji-sync-capacity-bd3212ff2cdb43cfacad8a099fe3715f:qwen4b-shaped-capacity-test@1@0@1245845e7cadc494@bfloat16,270,10,2561138439674734,2561138441728928,2561138441769257,2561138449978148,2561138449989750,2561138470611346,2561138472068031,2561138472183371,8.208891,20.633198,18.006226,1.830878,0.796094,22.205223,4.586931,0.433886,12.985409
minji-sync-capacity-bd3212ff2cdb43cfacad8a099fe3715f:qwen4b-shaped-capacity-test@1@0@5eae02ceac7a359d@bfloat16,271,10,2561138440645044,2561138440925819,2561138440955719,2561138447339944,2561138447354328,2561138470611346,2561138472068031,2561138472211977,6.384225,23.271402,20.64443,1.830878,0.796094,24.872033,7.225135,0.433886,12.985409
minji-sync-capacity-bd3212ff2cdb43cfacad8a099fe3715f:qwen4b-shaped-capacity-test@1@0@-7081f83dc44555bd@bfloat16,272,10,2561138441017793,2561138441266279,2561138441300090,2561138447756060,2561138447770005,2561138470611346,2561138472068031,2561138472238822,6.45597,22.855286,20.228314,1.830878,0.796094,24.482762,6.809019,0.433886,12.985409
minji-sync-capacity-bd3212ff2cdb43cfacad8a099fe3715f:qwen4b-shaped-capacity-test@1@0@453d7abc7fc7946b@bfloat16,273,10,2561138442159505,2561138442480061,2561138442516220,2561138450138355,2561138450151724,2561138470611346,2561138472068031,2561138472263324,7.622135,20.472991,17.846019,1.830878,0.796094,22.124969,4.426724,0.433886,12.985409
minji-sync-capacity-bd3212ff2cdb43cfacad8a099fe3715f:qwen4b-shaped-capacity-test@1@0@17dd2217ee34c3b4@bfloat16,274,10,2561138442448128,2561138442784155,2561138442891773,2561138453752039,2561138453766974,2561138470611346,2561138472068031,2561138472291328,10.860266,16.859307,14.232335,1.830878,0.796094,18.539289,0.81304,0.433886,12.985409
minji-sync-capacity-bd3212ff2cdb43cfacad8a099fe3715f:qwen4b-shaped-capacity-test@1@0@-1360c1e88eb4aba1@bfloat16,275,10,2561138442746151,2561138443035389,2561138443064177,2561138449887685,2561138449901444,2561138470611346,2561138472068031,2561138472312992,6.823508,20.723661,18.096689,1.830878,0.796094,22.425307,4.677394,0.433886,12.985409
minji-sync-capacity-bd3212ff2cdb43cfacad8a099fe3715f:qwen4b-shaped-capacity-test@1@0@-5e78748d4377ab41@bfloat16,276,10,2561138442843225,2561138445235022,2561138445789204,2561138454531242,2561138454545500,2561138470611346,2561138472068031,2561138472336347,8.742038,16.080104,13.453132,1.830878,0.796094,17.805105,0.033837,0.433886,12.985409
minji-sync-capacity-bd3212ff2cdb43cfacad8a099fe3715f:qwen4b-shaped-capacity-test@1@0@7aa5255d6fa0eb03@bfloat16,277,10,2561138444436210,2561138444790747,2561138446167305,2561138457238496,2561138457252049,2561138470611346,2561138472068031,2561138472361629,11.071191,13.37285,10.745878,1.830878,0.796094,15.123133,0.0,0.0,10.745878
minji-sync-capacity-bd3212ff2cdb43cfacad8a099fe3715f:qwen4b-shaped-capacity-test@1@0@-35afba3ad847c397@bfloat16,278,10,2561138444539013,2561138444899592,2561138446070119,2561138452448172,2561138452462424,2561138470611346,2561138472068031,2561138472386154,6.378053,18.163174,15.536202,1.830878,0.796094,19.937982,2.116907,0.433886,12.985409
minji-sync-capacity-bd3212ff2cdb43cfacad8a099fe3715f:qwen4b-shaped-capacity-test@1@0@-363125951036c8a5@bfloat16,279,10,2561138445094856,2561138445517709,2561138446907456,2561138453682760,2561138453698658,2561138470611346,2561138472068031,2561138472410241,6.775304,16.928586,14.301614,1.830878,0.796094,18.727481,0.882319,0.433886,12.985409
minji-sync-capacity-bd3212ff2cdb43cfacad8a099fe3715f:qwen4b-shaped-capacity-test@1@0@c0b96493924859f@bfloat16,280,10,2561138445162256,2561138445882459,2561138446289707,2561138452701637,2561138452716116,2561138470611346,2561138472068031,2561138472431921,6.41193,17.909709,15.282737,1.830878,0.796094,19.730284,1.863442,0.433886,12.985409
minji-sync-capacity-bd3212ff2cdb43cfacad8a099fe3715f:qwen4b-shaped-capacity-test@1@0@47aa1c65104f41c6@bfloat16,281,10,2561138445456389,2561138446012916,2561138446239892,2561138453011659,2561138453025465,2561138470611346,2561138472068031,2561138472453395,6.771767,17.599687,14.972715,1.830878,0.796094,19.441736,1.55342,0.433886,12.985409
minji-sync-capacity-bd3212ff2cdb43cfacad8a099fe3715f:qwen4b-shaped-capacity-test@1@0@37699a5b23be09bd@bfloat16,282,10,2561138447376129,2561138447866077,2561138448665761,2561138456031204,2561138456045121,2561138470611346,2561138472068031,2561138472475172,7.365443,14.580142,11.95317,1.830878,0.796094,16.443968,0.0,0.0,11.95317
minji-sync-capacity-bd3212ff2cdb43cfacad8a099fe3715f:qwen4b-shaped-capacity-test@1@0@-1897b375c288c375@bfloat16,283,10,2561138447513106,2561138447981112,2561138448684413,2561138458696729,2561138458711599,2561138470611346,2561138472068031,2561138472496067,10.012316,11.914617,9.287645,1.830878,0.796094,13.799338,0.0,0.0,9.287645
minji-sync-capacity-bd3212ff2cdb43cfacad8a099fe3715f:qwen4b-shaped-capacity-test@1@0@-1aa249b7aa440138@bfloat16,284,10,2561138447582272,2561138448324230,2561138448899588,2561138455549115,2561138455564827,2561138470611346,2561138472068031,2561138472516899,6.649527,15.062231,12.435259,1.830878,0.796094,16.967784,0.0,0.0,12.435259
minji-sync-capacity-bd3212ff2cdb43cfacad8a099fe3715f:qwen4b-shaped-capacity-test@1@0@362234f51774865b@bfloat16,285,10,2561138447787701,2561138448594293,2561138448935915,2561138458280163,2561138458296709,2561138470611346,2561138472068031,2561138472537430,9.344248,12.331183,9.704211,1.830878,0.796094,14.257267,0.0,0.0,9.704211
minji-sync-capacity-bd3212ff2cdb43cfacad8a099fe3715f:qwen4b-shaped-capacity-test@1@0@185939d0c3812712@bfloat16,286,10,2561138448140841,2561138448959467,2561138449085590,2561138458607954,2561138458626544,2561138470611346,2561138472068031,2561138472560016,9.522364,12.003392,9.37642,1.830878,0.796094,13.952062,0.0,0.0,9.37642
minji-sync-capacity-bd3212ff2cdb43cfacad8a099fe3715f:qwen4b-shaped-capacity-test@1@0@21c2567b6acdaaa7@bfloat16,287,10,2561138449917283,2561138450315515,2561138450687072,2561138457083685,2561138457102615,2561138470611346,2561138472068031,2561138472581174,6.396613,13.527661,10.900689,1.830878,0.796094,15.497489,0.0,0.0,10.900689
minji-sync-capacity-bd3212ff2cdb43cfacad8a099fe3715f:qwen4b-shaped-capacity-test@1@0@6337a8b2fd32e992@bfloat16,288,10,2561138450013393,2561138450635540,2561138450755926,2561138462583306,2561138462602297,2561138470611346,2561138472068031,2561138472604159,11.82738,8.02804,5.401068,1.830878,0.796094,10.020853,0.0,0.0,5.401068
minji-sync-capacity-bd3212ff2cdb43cfacad8a099fe3715f:qwen4b-shaped-capacity-test@1@0@-5a6c8be2537d6ce1@bfloat16,289,10,2561138450166708,2561138450448931,2561138450770160,2561138462020906,2561138462040167,2561138470611346,2561138472068031,2561138472627776,11.250746,8.59044,5.963468,1.830878,0.796094,10.60687,0.0,0.0,5.963468
minji-sync-capacity-bd3212ff2cdb43cfacad8a099fe3715f:qwen4b-shaped-capacity-test@1@0@-4fe9d4c3ce85075d@bfloat16,290,10,2561138450949191,2561138451441832,2561138451471517,2561138460494588,2561138460509814,2561138470611346,2561138472068031,2561138472649234,9.023071,10.116758,7.489786,1.830878,0.796094,12.154646,0.0,0.0,7.489786
minji-sync-capacity-bd3212ff2cdb43cfacad8a099fe3715f:qwen4b-shaped-capacity-test@1@0@-2d41dda3b7c5112a@bfloat16,291,10,2561138452477262,2561138453636422,2561138454753107,2561138461833769,2561138461849933,2561138470611346,2561138472068031,2561138472671471,7.080662,8.777577,6.150605,1.830878,0.796094,10.837702,0.0,0.0,6.150605
minji-sync-capacity-bd3212ff2cdb43cfacad8a099fe3715f:qwen4b-shaped-capacity-test@1@0@-29b2ce42f42162c5@bfloat16,292,10,2561138452731115,2561138452990700,2561138453127313,2561138459377959,2561138459391239,2561138470611346,2561138472068031,2561138472692328,6.250646,11.233387,8.606415,1.830878,0.796094,13.314369,0.0,0.0,8.606415
minji-sync-capacity-bd3212ff2cdb43cfacad8a099fe3715f:qwen4b-shaped-capacity-test@1@0@22ef8b6fd48865a9@bfloat16,293,10,2561138453041299,2561138453519315,2561138454143483,2561138467984374,2561138467999890,2561138470611346,2561138472068031,2561138472712860,13.840891,2.626972,0.0,1.830878,0.796094,4.728486,0.0,0.0,0.0
minji-sync-capacity-bd3212ff2cdb43cfacad8a099fe3715f:qwen4b-shaped-capacity-test@1@0@35f963414e48adc7@bfloat16,294,10,2561138453717307,2561138454357359,2561138454628998,2561138461762413,2561138461778817,2561138470611346,2561138472068031,2561138472735562,7.133415,8.848933,6.221961,1.830878,0.796094,10.973149,0.0,0.0,6.221961
minji-sync-capacity-bd3212ff2cdb43cfacad8a099fe3715f:qwen4b-shaped-capacity-test@1@0@319eec844b29bb67@bfloat16,295,10,2561138453788111,2561138454125452,2561138454599047,2561138461359601,2561138461371881,2561138470611346,2561138472068031,2561138472757850,6.760554,9.251745,6.624773,1.830878,0.796094,11.398249,0.0,0.0,6.624773
minji-sync-capacity-bd3212ff2cdb43cfacad8a099fe3715f:qwen4b-shaped-capacity-test@1@0@65b8e67735d4039@bfloat16,296,10,2561138454565079,2561138454922333,2561138454998965,2561138467463699,2561138467477883,2561138470611346,2561138472068031,2561138472779465,12.464734,3.147647,0.520675,1.830878,0.796094,5.315766,0.0,0.0,0.520675
minji-sync-capacity-bd3212ff2cdb43cfacad8a099fe3715f:qwen4b-shaped-capacity-test@1@0@-5c4d031684fd31cd@bfloat16,297,11,2561138455582546,2561138455879167,2561138456013810,2561138463650709,2561138463668669,2561138485921916,2561138488530721,2561138488876977,7.636899,22.271207,20.380901,0.582329,1.307977,25.226268,10.146399,1.413508,8.820994
minji-sync-capacity-bd3212ff2cdb43cfacad8a099fe3715f:qwen4b-shaped-capacity-test@1@0@4debb5d4dae7ebc0@bfloat16,298,11,2561138456061200,2561138456374741,2561138456442257,2561138470902918,2561138470916712,2561138485921916,2561138488530721,2561138488916822,14.460661,15.018998,13.128692,0.582329,1.307977,18.013904,2.89419,1.413508,8.820994
minji-sync-capacity-bd3212ff2cdb43cfacad8a099fe3715f:qwen4b-shaped-capacity-test@1@0@-6275416bdb469701@bfloat16,299,11,2561138457120574,2561138457622235,2561138457651376,2561138464508426,2561138464522893,2561138485921916,2561138488530721,2561138488945382,6.85705,21.41349,19.523184,0.582329,1.307977,24.436956,9.288682,1.413508,8.820994
minji-sync-capacity-bd3212ff2cdb43cfacad8a099fe3715f:qwen4b-shaped-capacity-test@1@0@-570073f7cfda1aea@bfloat16,300,11,2561138457272812,2561138458587088,2561138458778033,2561138471344446,2561138471356769,2561138485921916,2561138488530721,2561138488970291,12.566413,14.57747,12.687164,0.582329,1.307977,17.625845,2.452662,1.413508,8.820994
minji-sync-capacity-bd3212ff2cdb43cfacad8a099fe3715f:qwen4b-shaped-capacity-test@1@0@-1d66538743c8e44c@bfloat16,301,11,2561138458320663,2561138461682222,2561138461720155,2561138469073565,2561138469086827,2561138485921916,2561138488530721,2561138488996730,7.35341,16.848351,14.958045,0.582329,1.307977,19.923165,4.723543,1.413508,8.820994
minji-sync-capacity-bd3212ff2cdb43cfacad8a099fe3715f:qwen4b-shaped-capacity-test@1@0@-98ccef71e62acba@bfloat16,302,11,2561138458649352,2561138459153170,2561138459434353,2561138466077893,2561138466087931,2561138485921916,2561138488530721,2561138489025820,6.64354,19.844023,17.953717,0.582329,1.307977,22.947927,7.719215,1.413508,8.820994
minji-sync-capacity-bd3212ff2cdb43cfacad8a099fe3715f:qwen4b-shaped-capacity-test@1@0@2f827b231e30d5cd@bfloat16,303,11,2561138458734001,2561138459462279,2561138459647930,2561138471494367,2561138471506157,2561138485921916,2561138488530721,2561138489048435,11.846437,14.427549,12.537243,0.582329,1.307977,17.554068,2.302741,1.413508,8.820994
minji-sync-capacity-bd3212ff2cdb43cfacad8a099fe3715f:qwen4b-shaped-capacity-test@1@0@2fd6460008a8198b@bfloat16,304,11,2561138459407758,2561138459629312,2561138459681556,2561138473761668,2561138473776468,2561138485921916,2561138488530721,2561138489074152,14.080112,12.160248,10.269942,0.582329,1.307977,15.312484,0.03544,1.413508,8.820994
minji-sync-capacity-bd3212ff2cdb43cfacad8a099fe3715f:qwen4b-shaped-capacity-test@1@0@1d18d04c1fd69e22@bfloat16,305,11,2561138460527491,2561138463726509,2561138463774706,2561138470769360,2561138470783800,2561138485921916,2561138488530721,2561138489099371,6.994654,15.152556,13.26225,0.582329,1.307977,18.330011,3.027748,1.413508,8.820994
minji-sync-capacity-bd3212ff2cdb43cfacad8a099fe3715f:qwen4b-shaped-capacity-test@1@0@5e70607c714290f@bfloat16,306,11,2561138461393879,2561138464455193,2561138464483587,2561138474672661,2561138474684327,2561138485921916,2561138488530721,2561138489123299,10.189074,11.249255,9.358949,0.582329,1.307977,14.450638,0.0,0.537955,8.820994
minji-sync-capacity-bd3212ff2cdb43cfacad8a099fe3715f:qwen4b-shaped-capacity-test@1@0@689fd5502cc556a5@bfloat16,307,11,2561138461799906,2561138464877077,2561138465105298,2561138477047815,2561138477062786,2561138485921916,2561138488530721,2561138489147233,11.942517,8.874101,6.983795,0.582329,1.307977,12.099418,0.0,0.0,6.983795
minji-sync-capacity-bd3212ff2cdb43cfacad8a099fe3715f:qwen4b-shaped-capacity-test@1@0@71764d9e549d43e@bfloat16,308,11,2561138461867821,2561138462209031,2561138462238972,2561138468996877,2561138469009971,2561138485921916,2561138488530721,2561138489170838,6.757905,16.925039,15.034733,0.582329,1.307977,20.173961,4.800231,1.413508,8.820994
minji-sync-capacity-bd3212ff2cdb43cfacad8a099fe3715f:qwen4b-shaped-capacity-test@1@0@-4e060de7fad0c197@bfloat16,309,11,2561138462063241,2561138464740466,2561138464779294,2561138476805886,2561138476828583,2561138485921916,2561138488530721,2561138489195801,12.026592,9.11603,7.225724,0.582329,1.307977,12.389915,0.0,0.0,7.225724
minji-sync-capacity-bd3212ff2cdb43cfacad8a099fe3715f:qwen4b-shaped-capacity-test@1@0@-4128ea33090b2306@bfloat16,310,11,2561138462630366,2561138462937555,2561138462977996,2561138469857184,2561138469871843,2561138485921916,2561138488530721,2561138489218593,6.879188,16.064732,14.174426,0.582329,1.307977,19.361409,3.939924,1.413508,8.820994
minji-sync-capacity-bd3212ff2cdb43cfacad8a099fe3715f:qwen4b-shaped-capacity-test@1@0@-51d94abfb8607074@bfloat16,311,11,2561138463692342,2561138463985612,2561138464020486,2561138477121712,2561138477136421,2561138485921916,2561138488530721,2561138489242462,13.101226,8.800204,6.909898,0.582329,1.307977,12.12075,0.0,0.0,6.909898
minji-sync-capacity-bd3212ff2cdb43cfacad8a099fe3715f:qwen4b-shaped-capacity-test@1@0@79475abedfecce19@bfloat16,312,11,2561138464541655,2561138465019019,2561138465118441,2561138474730689,2561138474745045,2561138485921916,2561138488530721,2561138489263895,9.612248,11.191227,9.300921,0.582329,1.307977,14.533206,0.0,0.479927,8.820994
minji-sync-capacity-bd3212ff2cdb43cfacad8a099fe3715f:qwen4b-shaped-capacity-test@1@0@-7f76366870ed55f6@bfloat16,313,11,2561138466103223,2561138468800121,2561138469048595,2561138478439248,2561138478451650,2561138485921916,2561138488530721,2561138489286483,9.390653,7.482668,5.592362,0.582329,1.307977,10.847235,0.0,0.0,5.592362
minji-sync-capacity-bd3212ff2cdb43cfacad8a099fe3715f:qwen4b-shaped-capacity-test@1@0@520e467577b1c6c4@bfloat16,314,11,2561138467493796,2561138468979814,2561138469407202,2561138476325109,2561138476340668,2561138485921916,2561138488530721,2561138489308675,6.917907,9.596807,7.706501,0.582329,1.307977,12.983566,0.0,0.0,7.706501
minji-sync-capacity-bd3212ff2cdb43cfacad8a099fe3715f:qwen4b-shaped-capacity-test@1@0@-16cb8d26a534560f@bfloat16,315,11,2561138468025850,2561138468549013,2561138468580665,2561138475364007,2561138475383806,2561138485921916,2561138488530721,2561138489332344,6.783342,10.557909,8.667603,0.582329,1.307977,13.968337,0.0,0.0,8.667603
minji-sync-capacity-bd3212ff2cdb43cfacad8a099fe3715f:qwen4b-shaped-capacity-test@1@0@-4c599531f4ec2dff@bfloat16,316,11,2561138469023631,2561138469289538,2561138469685754,2561138480850200,2561138480861479,2561138485921916,2561138488530721,2561138489353534,11.164446,5.071716,3.18141,0.582329,1.307977,8.503334,0.0,0.0,3.18141
minji-sync-capacity-bd3212ff2cdb43cfacad8a099fe3715f:qwen4b-shaped-capacity-test@1@0@3cae85d89a5e5b10@bfloat16,317,11,2561138469101247,2561138469431606,2561138469668599,2561138477716510,2561138477728746,2561138485921916,2561138488530721,2561138489375426,8.047911,8.205406,6.3151,0.582329,1.307977,11.658916,0.0,0.0,6.3151
minji-sync-capacity-bd3212ff2cdb43cfacad8a099fe3715f:qwen4b-shaped-capacity-test@1@0@693a5b5c33765911@bfloat16,318,11,2561138469889273,2561138470179897,2561138470211776,2561138477334794,2561138477354408,2561138485921916,2561138488530721,2561138489398007,7.123018,8.587122,6.696816,0.582329,1.307977,12.063213,0.0,0.0,6.696816
minji-sync-capacity-bd3212ff2cdb43cfacad8a099fe3715f:qwen4b-shaped-capacity-test@1@0@59ed65f2cfc1be91@bfloat16,319,11,2561138470801884,2561138471131139,2561138471205952,2561138483243781,2561138483258138,2561138485921916,2561138488530721,2561138489419708,12.037829,2.678135,0.787829,0.582329,1.307977,6.175927,0.0,0.0,0.787829
minji-sync-capacity-bd3212ff2cdb43cfacad8a099fe3715f:qwen4b-shaped-capacity-test@1@0@-613ff0e00debae9b@bfloat16,320,11,2561138470934676,2561138475105650,2561138475210616,2561138484031610,2561138484043289,2561138485921916,2561138488530721,2561138489442188,8.820994,1.890306,0.0,0.582329,1.307977,5.410578,0.0,0.0,0.0
minji-sync-capacity-bd3212ff2cdb43cfacad8a099fe3715f:qwen4b-shaped-capacity-test@1@0@-5785e0e57fcc2929@bfloat16,321,11,2561138471371466,2561138471699228,2561138471791973,2561138478533006,2561138478549137,2561138485921916,2561138488530721,2561138489463896,6.741033,7.38891,5.498604,0.582329,1.307977,10.93089,0.0,0.0,5.498604
minji-sync-capacity-bd3212ff2cdb43cfacad8a099fe3715f:qwen4b-shaped-capacity-test@1@0@-355ec2591aac52b3@bfloat16,322,11,2561138471519782,2561138474658610,2561138475183057,2561138481178105,2561138481187190,2561138485921916,2561138488530721,2561138489492527,5.995048,4.743811,2.853505,0.582329,1.307977,8.314422,0.0,0.0,2.853505
minji-sync-capacity-bd3212ff2cdb43cfacad8a099fe3715f:qwen4b-shaped-capacity-test@1@0@7204b1c019f07ff5@bfloat16,323,11,2561138473797108,2561138474060693,2561138474093256,2561138480176835,2561138480191609,2561138485921916,2561138488530721,2561138489520073,6.083579,5.745081,3.854775,0.582329,1.307977,9.343238,0.0,0.0,3.854775
minji-sync-capacity-bd3212ff2cdb43cfacad8a099fe3715f:qwen4b-shaped-capacity-test@1@0@709cdf1e2a439012@bfloat16,324,12,2561138474702486,2561138476398675,2561138476897812,2561138487264777,2561138487285576,2561138508019151,2561138511565210,2561138511725612,10.366965,20.754374,19.086668,1.056979,0.610727,24.460835,3.692458,3.157514,12.236696
minji-sync-capacity-bd3212ff2cdb43cfacad8a099fe3715f:qwen4b-shaped-capacity-test@1@0@41da4f2f613ce348@bfloat16,325,12,2561138474764924,2561138477193493,2561138477672318,2561138486784852,2561138486796162,2561138508019151,2561138511565210,2561138511758662,9.112534,21.234299,19.566593,1.056979,0.610727,24.97381,4.172383,3.157514,12.236696
minji-sync-capacity-bd3212ff2cdb43cfacad8a099fe3715f:qwen4b-shaped-capacity-test@1@0@e1570f6aee15b12@bfloat16,326,12,2561138475405969,2561138477693958,2561138478028691,2561138489653681,2561138489670878,2561138508019151,2561138511565210,2561138511785532,11.62499,18.36547,16.697764,1.056979,0.610727,22.131851,1.303554,3.157514,12.236696
minji-sync-capacity-bd3212ff2cdb43cfacad8a099fe3715f:qwen4b-shaped-capacity-test@1@0@51a1aaccd9fbc66b@bfloat16,327,12,2561138476356397,2561138477951157,2561138478056950,2561138488368432,2561138488380361,2561138508019151,2561138511565210,2561138511811785,10.311482,19.650719,17.983013,1.056979,0.610727,23.443353,2.588803,3.157514,12.236696
minji-sync-capacity-bd3212ff2cdb43cfacad8a099fe3715f:qwen4b-shaped-capacity-test@1@0@-219688ca7c76e3ec@bfloat16,328,12,2561138476853184,2561138479101853,2561138479284635,2561138506351445,2561138506367959,2561138508019151,2561138511565210,2561138511837965,27.06681,1.667706,0.0,1.056979,0.610727,5.48652,0.0,0.0,0.0
minji-sync-capacity-bd3212ff2cdb43cfacad8a099fe3715f:qwen4b-shaped-capacity-test@1@0@-7d52c1324baae89f@bfloat16,329,12,2561138477089013,2561138478416938,2561138478740586,2561138485832180,2561138485845385,2561138508019151,2561138511565210,2561138511870256,7.091594,22.186971,20.519265,1.056979,0.610727,26.038076,5.125055,3.157514,12.236696
minji-sync-capacity-bd3212ff2cdb43cfacad8a099fe3715f:qwen4b-shaped-capacity-test@1@0@-33dbb60c84f4ce3d@bfloat16,330,12,2561138477155300,2561138478220276,2561138478864901,2561138484739498,2561138484753447,2561138508019151,2561138511565210,2561138511898142,5.874597,23.279653,21.611947,1.056979,0.610727,27.158644,6.217737,3.157514,12.236696
minji-sync-capacity-bd3212ff2cdb43cfacad8a099fe3715f:qwen4b-shaped-capacity-test@1@0@-394d492a2ec1d07@bfloat16,331,12,2561138477378610,2561138479249237,2561138479453909,2561138494849047,2561138494869606,2561138508019151,2561138511565210,2561138511920746,15.395138,13.170104,11.502398,1.056979,0.610727,17.071699,0.0,0.0,11.502398
minji-sync-capacity-bd3212ff2cdb43cfacad8a099fe3715f:qwen4b-shaped-capacity-test@1@0@-1476ec44cb63627d@bfloat16,332,12,2561138477745332,2561138478891500,2561138479078421,2561138486172289,2561138486188962,2561138508019151,2561138511565210,2561138511947564,7.093868,21.846862,20.179156,1.056979,0.610727,25.775275,4.784946,3.157514,12.236696
minji-sync-capacity-bd3212ff2cdb43cfacad8a099fe3715f:qwen4b-shaped-capacity-test@1@0@-45ff0c90f72ecd8e@bfloat16,333,12,2561138478472083,2561138479389194,2561138479427750,2561138486639600,2561138486662453,2561138508019151,2561138511565210,2561138511979393,7.21185,21.379551,19.711845,1.056979,0.610727,25.339793,4.317635,3.157514,12.236696
minji-sync-capacity-bd3212ff2cdb43cfacad8a099fe3715f:qwen4b-shaped-capacity-test@1@0@38b1d2f198f13980@bfloat16,334,12,2561138478567860,2561138480761525,2561138480791399,2561138497542190,2561138497556047,2561138508019151,2561138511565210,2561138512103997,16.750791,10.476961,8.809255,1.056979,0.610727,14.561807,0.0,0.0,8.809255
minji-sync-capacity-bd3212ff2cdb43cfacad8a099fe3715f:qwen4b-shaped-capacity-test@1@0@2f66514fb3da7cc1@bfloat16,335,12,2561138480208322,2561138480442027,2561138480472467,2561138491404689,2561138491419935,2561138508019151,2561138511565210,2561138512131019,10.932222,16.614462,14.946756,1.056979,0.610727,20.72633,0.0,2.71006,12.236696
minji-sync-capacity-bd3212ff2cdb43cfacad8a099fe3715f:qwen4b-shaped-capacity-test@1@0@-32a27b5ea89ff72a@bfloat16,336,12,2561138480879958,2561138481090225,2561138481116239,2561138491465212,2561138491476289,2561138508019151,2561138511565210,2561138512152821,10.348973,16.553939,14.886233,1.056979,0.610727,20.687609,0.0,2.649537,12.236696
minji-sync-capacity-bd3212ff2cdb43cfacad8a099fe3715f:qwen4b-shaped-capacity-test@1@0@-255e4bd156e234ef@bfloat16,337,12,2561138481201689,2561138481413126,2561138481440828,2561138502689666,2561138502704392,2561138508019151,2561138511565210,2561138512174307,21.248838,5.329485,3.661779,1.056979,0.610727,9.484641,0.0,0.0,3.661779
minji-sync-capacity-bd3212ff2cdb43cfacad8a099fe3715f:qwen4b-shaped-capacity-test@1@0@7c889678216f241@bfloat16,338,12,2561138483275095,2561138483511326,2561138483551324,2561138490073252,2561138490084809,2561138508019151,2561138511565210,2561138512196294,6.521928,17.945899,16.278193,1.056979,0.610727,22.123042,0.883983,3.157514,12.236696
minji-sync-capacity-bd3212ff2cdb43cfacad8a099fe3715f:qwen4b-shaped-capacity-test@1@0@-6f2dfc9cb36e93b7@bfloat16,339,12,2561138484060739,2561138484281360,2561138484404850,2561138490177089,2561138490187845,2561138508019151,2561138511565210,2561138512224781,5.772239,17.842062,16.174356,1.056979,0.610727,22.047692,0.780146,3.157514,12.236696
minji-sync-capacity-bd3212ff2cdb43cfacad8a099fe3715f:qwen4b-shaped-capacity-test@1@0@7efb42433330e345@bfloat16,340,12,2561138484772808,2561138485054669,2561138485087027,2561138490925915,2561138490939574,2561138508019151,2561138511565210,2561138512558229,5.838888,17.093236,15.42553,1.056979,0.610727,21.632314,0.03132,3.157514,12.236696
minji-sync-capacity-bd3212ff2cdb43cfacad8a099fe3715f:qwen4b-shaped-capacity-test@1@0@-31119a27ba70f43c@bfloat16,341,12,2561138485864315,2561138486244933,2561138486515341,2561138492307067,2561138492322071,2561138508019151,2561138511565210,2561138513043963,5.791726,15.712084,14.044378,1.056979,0.610727,20.736896,0.0,1.807682,12.236696
minji-sync-capacity-bd3212ff2cdb43cfacad8a099fe3715f:qwen4b-shaped-capacity-test@1@0@3fab49cf97c33f9b@bfloat16,342,12,2561138486210920,2561138486538479,2561138486766188,2561138493244938,2561138493261545,2561138508019151,2561138511565210,2561138513614898,6.47875,14.774213,13.106507,1.056979,0.610727,20.36996,0.0,0.869811,12.236696
minji-sync-capacity-bd3212ff2cdb43cfacad8a099fe3715f:qwen4b-shaped-capacity-test@1@0@-5a503bb1aa1e29@bfloat16,343,12,2561138486683814,2561138487092121,2561138487460799,2561138502191049,2561138502211371,2561138508019151,2561138511565210,2561138513882927,14.73025,5.828102,4.160396,1.056979,0.610727,11.691878,0.0,0.0,4.160396
minji-sync-capacity-bd3212ff2cdb43cfacad8a099fe3715f:qwen4b-shaped-capacity-test@1@0@3f147cfc5087ad57@bfloat16,344,12,2561138486811965,2561138487206981,2561138487674597,2561138493999333,2561138494022015,2561138508019151,2561138511565210,2561138513932516,6.324736,14.019818,12.352112,1.056979,0.610727,19.933183,0.0,0.115416,12.236696
minji-sync-capacity-bd3212ff2cdb43cfacad8a099fe3715f:qwen4b-shaped-capacity-test@1@0@-235d9ab0f1514a79@bfloat16,345,12,2561138487312215,2561138487734738,2561138487779851,2561138493913009,2561138493929220,2561138508019151,2561138511565210,2561138514039542,6.133158,14.106142,12.438436,1.056979,0.610727,20.126533,0.0,0.20174,12.236696
minji-sync-capacity-bd3212ff2cdb43cfacad8a099fe3715f:qwen4b-shaped-capacity-test@1@0@-1a032ffc2f5fd240@bfloat16,346,12,2561138488397590,2561138488750449,2561138488862657,2561138502283825,2561138502299369,2561138508019151,2561138511565210,2561138514075815,13.421168,5.735326,4.06762,1.056979,0.610727,11.79199,0.0,0.0,4.06762
minji-sync-capacity-bd3212ff2cdb43cfacad8a099fe3715f:qwen4b-shaped-capacity-test@1@0@-46510d635d53ae04@bfloat16,347,12,2561138489693353,2561138490004567,2561138490040512,2561138495506348,2561138495521613,2561138508019151,2561138511565210,2561138514108719,5.465836,12.512803,10.845097,1.056979,0.610727,18.602371,0.0,0.0,10.845097
minji-sync-capacity-bd3212ff2cdb43cfacad8a099fe3715f:qwen4b-shaped-capacity-test@1@0@5b6ccc54e1ecd70d@bfloat16,348,12,2561138490098971,2561138490318517,2561138490538582,2561138499413194,2561138499428135,2561138508019151,2561138511565210,2561138514142076,8.874612,8.605957,6.938251,1.056979,0.610727,14.728882,0.0,0.0,6.938251
minji-sync-capacity-bd3212ff2cdb43cfacad8a099fe3715f:qwen4b-shaped-capacity-test@1@0@33b21358a0c419dd@bfloat16,349,12,2561138490201542,2561138490446748,2561138490520225,2561138496403475,2561138496417032,2561138508019151,2561138511565210,2561138514172287,5.88325,11.615676,9.94797,1.056979,0.610727,17.768812,0.0,0.0,9.94797
minji-sync-capacity-bd3212ff2cdb43cfacad8a099fe3715f:qwen4b-shaped-capacity-test@1@0@-3065b8fa3952fbd9@bfloat16,350,12,2561138490957235,2561138493756270,2561138494114749,2561138503329370,2561138503344783,2561138508019151,2561138511565210,2561138514200514,9.214621,4.689781,3.022075,1.056979,0.610727,10.871144,0.0,0.0,3.022075
minji-sync-capacity-bd3212ff2cdb43cfacad8a099fe3715f:qwen4b-shaped-capacity-test@1@0@-5428e95b5195997e@bfloat16,351,13,2561138491436575,2561138494517385,2561138494676695,2561138505324484,2561138505341235,2561138528987444,2561138531182144,2561138531378466,10.647789,23.66296,22.614006,0.874086,0.174868,26.053982,3.114872,1.167902,18.331232
minji-sync-capacity-bd3212ff2cdb43cfacad8a099fe3715f:qwen4b-shaped-capacity-test@1@0@64134714620645d0@bfloat16,352,13,2561138491491856,2561138491744770,2561138491789028,2561138498512434,2561138498522947,2561138528987444,2561138531182144,2561138531408585,6.723406,30.47501,29.426056,0.874086,0.174868,32.896151,9.926922,1.167902,18.331232
minji-sync-capacity-bd3212ff2cdb43cfacad8a099fe3715f:qwen4b-shaped-capacity-test@1@0@-598218edbcffdc42@bfloat16,353,13,2561138492342236,2561138492577589,2561138493347555,2561138499250500,2561138499266915,2561138528987444,2561138531182144,2561138531435279,5.902945,29.736944,28.68799,0.874086,0.174868,32.184779,9.188856,1.167902,18.331232
minji-sync-capacity-bd3212ff2cdb43cfacad8a099fe3715f:qwen4b-shaped-capacity-test@1@0@-52af02b0957e1b22@bfloat16,354,13,2561138493283756,2561138494348083,2561138494421796,2561138503677673,2561138503691728,2561138528987444,2561138531182144,2561138531503199,9.255877,25.309771,24.260817,0.874086,0.174868,27.825526,4.761683,1.167902,18.331232
minji-sync-capacity-bd3212ff2cdb43cfacad8a099fe3715f:qwen4b-shaped-capacity-test@1@0@4a6a2070faab8a0d@bfloat16,355,13,2561138493948659,2561138494628971,2561138494723228,2561138502103854,2561138502119572,2561138528987444,2561138531182144,2561138531949596,7.380626,26.88359,25.834636,0.874086,0.174868,29.845742,6.335502,1.167902,18.331232
minji-sync-capacity-bd3212ff2cdb43cfacad8a099fe3715f:qwen4b-shaped-capacity-test@1@0@7860f9a1628d4f6c@bfloat16,356,13,2561138494044666,2561138494938309,2561138494975638,2561138505103555,2561138505115794,2561138528987444,2561138531182144,2561138532215491,10.127917,23.883889,22.834935,0.874086,0.174868,27.111936,3.335801,1.167902,18.331232
minji-sync-capacity-bd3212ff2cdb43cfacad8a099fe3715f:qwen4b-shaped-capacity-test@1@0@7296281578471ee9@bfloat16,357,13,2561138494895643,2561138495248238,2561138495290084,2561138506468764,2561138506481557,2561138528987444,2561138531182144,2561138532317139,11.17868,22.51868,21.469726,0.874086,0.174868,25.848375,1.970592,1.167902,18.331232
minji-sync-capacity-bd3212ff2cdb43cfacad8a099fe3715f:qwen4b-shaped-capacity-test@1@0@11ff0a249758591f@bfloat16,358,13,2561138495540421,2561138495911224,2561138495954873,2561138503949419,2561138503972022,2561138528987444,2561138531182144,2561138533099478,7.994546,25.038025,23.989071,0.874086,0.174868,29.150059,4.489937,1.167902,18.331232
minji-sync-capacity-bd3212ff2cdb43cfacad8a099fe3715f:qwen4b-shaped-capacity-test@1@0@-602f8e829db9f939@bfloat16,359,13,2561138496433791,2561138498562538,2561138498602108,2561138508404598,2561138508419522,2561138528987444,2561138531182144,2561138533319451,9.80249,20.582846,19.533892,0.874086,0.174868,24.914853,0.034758,1.167902,18.331232
minji-sync-capacity-bd3212ff2cdb43cfacad8a099fe3715f:qwen4b-shaped-capacity-test@1@0@6aaea239eda1ba24@bfloat16,360,13,2561138497572656,2561138497872505,2561138497902070,2561138508226369,2561138508238568,2561138528987444,2561138531182144,2561138533351262,10.324299,20.761075,19.712121,0.874086,0.174868,25.124893,0.212987,1.167902,18.331232
minji-sync-capacity-bd3212ff2cdb43cfacad8a099fe3715f:qwen4b-shaped-capacity-test@1@0@-7f5bfd5ebef23905@bfloat16,361,13,2561138498535794,2561138501464149,2561138501487382,2561138508322054,2561138508332682,2561138528987444,2561138531182144,2561138533420015,6.834672,20.66539,19.616436,0.874086,0.174868,25.097961,0.117302,1.167902,18.331232
minji-sync-capacity-bd3212ff2cdb43cfacad8a099fe3715f:qwen4b-shaped-capacity-test@1@0@-1fbd4aa3b29630e@bfloat16,362,13,2561138499284306,2561138502168426,2561138502362579,2561138508854931,2561138508870010,2561138528987444,2561138531182144,2561138533443091,6.492352,20.132513,19.083559,0.874086,0.174868,24.58816,0.0,0.752327,18.331232
minji-sync-capacity-bd3212ff2cdb43cfacad8a099fe3715f:qwen4b-shaped-capacity-test@1@0@c390813d409640a@bfloat16,363,13,2561138499445492,2561138499755822,2561138499789506,2561138508657983,2561138508670190,2561138528987444,2561138531182144,2561138533467329,8.868477,20.329461,19.280507,0.874086,0.174868,24.809346,0.0,0.949275,18.331232
minji-sync-capacity-bd3212ff2cdb43cfacad8a099fe3715f:qwen4b-shaped-capacity-test@1@0@2272ac1434e50c74@bfloat16,364,13,2561138502134783,2561138502519344,2561138502787981,2561138510386200,2561138510398922,2561138528987444,2561138531182144,2561138533492470,7.598219,18.601244,17.55229,0.874086,0.174868,23.10627,0.0,0.0,17.55229
minji-sync-capacity-bd3212ff2cdb43cfacad8a099fe3715f:qwen4b-shaped-capacity-test@1@0@-44c35c9944d17c1d@bfloat16,365,13,2561138502233856,2561138505396105,2561138505647295,2561138513216579,2561138513229642,2561138528987444,2561138531182144,2561138533515151,7.569284,15.770865,14.721911,0.874086,0.174868,20.298572,0.0,0.0,14.721911
minji-sync-capacity-bd3212ff2cdb43cfacad8a099fe3715f:qwen4b-shaped-capacity-test@1@0@-13e2cd6c48baa945@bfloat16,366,13,2561138502316406,2561138502624742,2561138502767206,2561138511112672,2561138511128035,2561138528987444,2561138531182144,2561138533536553,8.345466,17.874772,16.825818,0.874086,0.174868,22.423881,0.0,0.0,16.825818
minji-sync-capacity-bd3212ff2cdb43cfacad8a099fe3715f:qwen4b-shaped-capacity-test@1@0@44d42d13ec2d0e6d@bfloat16,367,13,2561138502720137,2561138502964042,2561138502997250,2561138509087133,2561138509099956,2561138528987444,2561138531182144,2561138533558001,6.089883,19.900311,18.851357,0.874086,0.174868,24.470868,0.0,0.520125,18.331232
minji-sync-capacity-bd3212ff2cdb43cfacad8a099fe3715f:qwen4b-shaped-capacity-test@1@0@4604bff329139cc7@bfloat16,368,13,2561138503363180,2561138505046158,2561138505079063,2561138510571314,2561138510586716,2561138528987444,2561138531182144,2561138533582772,5.492251,18.41613,17.367176,0.874086,0.174868,23.011458,0.0,0.0,17.367176
minji-sync-capacity-bd3212ff2cdb43cfacad8a099fe3715f:qwen4b-shaped-capacity-test@1@0@5839fea3f5202bdd@bfloat16,369,13,2561138503705321,2561138506234567,2561138506264194,2561138514995858,2561138515015689,2561138528987444,2561138531182144,2561138533605762,8.731664,13.991586,12.942632,0.874086,0.174868,18.609904,0.0,0.0,12.942632
minji-sync-capacity-bd3212ff2cdb43cfacad8a099fe3715f:qwen4b-shaped-capacity-test@1@0@80ff7c729e0616d@bfloat16,370,13,2561138503993741,2561138504295938,2561138504330707,2561138514275977,2561138514292207,2561138528987444,2561138531182144,2561138533629917,9.94527,14.711467,13.662513,0.874086,0.174868,19.35394,0.0,0.0,13.662513
minji-sync-capacity-bd3212ff2cdb43cfacad8a099fe3715f:qwen4b-shaped-capacity-test@1@0@58079fc0be3159b6@bfloat16,371,13,2561138505131600,2561138505619301,2561138505864959,2561138511993576,2561138512012143,2561138528987444,2561138531182144,2561138533651883,6.128617,16.993868,15.944914,0.874086,0.174868,21.658307,0.0,0.0,15.944914
minji-sync-capacity-bd3212ff2cdb43cfacad8a099fe3715f:qwen4b-shaped-capacity-test@1@0@5307ae6b5b89e439@bfloat16,372,13,2561138505362828,2561138505802086,2561138505890188,2561138518020827,2561138518035544,2561138528987444,2561138531182144,2561138533674260,12.130639,10.966617,9.917663,0.874086,0.174868,15.653433,0.0,0.0,9.917663
minji-sync-capacity-bd3212ff2cdb43cfacad8a099fe3715f:qwen4b-shaped-capacity-test@1@0@-7192c8cdaaec5a52@bfloat16,373,13,2561138506392158,2561138506826494,2561138507022238,2561138512451320,2561138512462596,2561138528987444,2561138531182144,2561138533696890,5.429082,16.536124,15.48717,0.874086,0.174868,21.24557,0.0,0.0,15.48717
minji-sync-capacity-bd3212ff2cdb43cfacad8a099fe3715f:qwen4b-shaped-capacity-test@1@0@4bd52f92851a4253@bfloat16,374,13,2561138506500912,2561138506950644,2561138506997976,2561138513065663,2561138513084359,2561138528987444,2561138531182144,2561138533719042,6.067687,15.921781,14.872827,0.874086,0.174868,20.653379,0.0,0.0,14.872827
minji-sync-capacity-bd3212ff2cdb43cfacad8a099fe3715f:qwen4b-shaped-capacity-test@1@0@-75a0787de8368d20@bfloat16,375,13,2561138508253774,2561138508563028,2561138509549798,2561138516046829,2561138516065061,2561138528987444,2561138531182144,2561138533740997,6.497031,12.940615,11.891661,0.874086,0.174868,17.694168,0.0,0.0,11.891661
minji-sync-capacity-bd3212ff2cdb43cfacad8a099fe3715f:qwen4b-shaped-capacity-test@1@0@769bc6f9649f2d5c@bfloat16,376,13,2561138508345170,2561138508823914,2561138509380020,2561138516421844,2561138516431153,2561138528987444,2561138531182144,2561138533762977,7.041824,12.5656,11.516646,0.874086,0.174868,17.341133,0.0,0.0,11.516646
minji-sync-capacity-bd3212ff2cdb43cfacad8a099fe3715f:qwen4b-shaped-capacity-test@1@0@-7809acf54e64e716@bfloat16,377,13,2561138508439356,2561138509354440,2561138509607258,2561138527938490,2561138527953433,2561138528987444,2561138531182144,2561138533784592,18.331232,1.048954,0.0,0.874086,0.174868,5.846102,0.0,0.0,0.0
minji-sync-capacity-bd3212ff2cdb43cfacad8a099fe3715f:qwen4b-shaped-capacity-test@1@0@2e7ed972fd132ca0@bfloat16,378,14,2561138508684102,2561138509577619,2561138510478720,2561138520498637,2561138520511403,2561138540080031,2561138541692083,2561138541819728,10.019917,19.581394,17.319386,1.651577,0.610431,21.321091,5.90781,0.303897,11.107679
minji-sync-capacity-bd3212ff2cdb43cfacad8a099fe3715f:qwen4b-shaped-capacity-test@1@0@-74edaefa33b22ac4@bfloat16,379,14,2561138508891860,2561138509816533,2561138510503534,2561138527996469,2561138528015429,2561138540080031,2561138541692083,2561138541847176,17.492935,12.083562,9.821554,1.651577,0.610431,13.850707,0.0,0.0,9.821554
minji-sync-capacity-bd3212ff2cdb43cfacad8a099fe3715f:qwen4b-shaped-capacity-test@1@0@-7143775ac7d07cd5@bfloat16,380,14,2561138509115752,2561138509992634,2561138510449814,2561138524563971,2561138524578721,2561138540080031,2561138541692083,2561138541872827,14.114157,15.51606,13.254052,1.651577,0.610431,17.308856,1.842476,0.303897,11.107679
minji-sync-capacity-bd3212ff2cdb43cfacad8a099fe3715f:qwen4b-shaped-capacity-test@1@0@637f588ac560edd@bfloat16,381,14,2561138510419096,2561138510834693,2561138511181382,2561138517951756,2561138517964354,2561138540080031,2561138541692083,2561138541897791,6.770374,22.128275,19.866267,1.651577,0.610431,23.946035,8.454691,0.303897,11.107679
minji-sync-capacity-bd3212ff2cdb43cfacad8a099fe3715f:qwen4b-shaped-capacity-test@1@0@-485f412243750757@bfloat16,382,14,2561138510604747,2561138511204085,2561138511239764,2561138517795910,2561138517811477,2561138540080031,2561138541692083,2561138541921528,6.556146,22.284121,20.022113,1.651577,0.610431,24.125618,8.610537,0.303897,11.107679
minji-sync-capacity-bd3212ff2cdb43cfacad8a099fe3715f:qwen4b-shaped-capacity-test@1@0@-5b72598fd6f36ec@bfloat16,383,14,2561138511145674,2561138512744631,2561138513173628,2561138520153381,2561138520164457,2561138540080031,2561138541692083,2561138541949302,6.979753,19.92665,17.664642,1.651577,0.610431,21.795921,6.253066,0.303897,11.107679
minji-sync-capacity-bd3212ff2cdb43cfacad8a099fe3715f:qwen4b-shaped-capacity-test@1@0@ecbc1d47599aed7@bfloat16,384,14,2561138512043427,2561138512412912,2561138512964276,2561138520234690,2561138520250872,2561138540080031,2561138541692083,2561138541977716,7.270414,19.845341,17.583333,1.651577,0.610431,21.743026,6.171757,0.303897,11.107679
minji-sync-capacity-bd3212ff2cdb43cfacad8a099fe3715f:qwen4b-shaped-capacity-test@1@0@-572c54de95420994@bfloat16,385,14,2561138512479159,2561138512919431,2561138513277712,2561138523756539,2561138523771762,2561138540080031,2561138541692083,2561138542007446,10.478827,16.323492,14.061484,1.651577,0.610431,18.250907,2.649908,0.303897,11.107679
minji-sync-capacity-bd3212ff2cdb43cfacad8a099fe3715f:qwen4b-shaped-capacity-test@1@0@70d7f29d53aebac1@bfloat16,386,14,2561138513105610,2561138513522281,2561138513956334,2561138531617364,2561138531633660,2561138540080031,2561138541692083,2561138542030861,17.66103,8.462667,6.200659,1.651577,0.610431,10.413497,0.0,0.0,6.200659
minji-sync-capacity-bd3212ff2cdb43cfacad8a099fe3715f:qwen4b-shaped-capacity-test@1@0@-4b5797a1820a9886@bfloat16,387,14,2561138513249033,2561138513769351,2561138513992591,2561138523149366,2561138523165608,2561138540080031,2561138541692083,2561138542053779,9.156775,16.930665,14.668657,1.651577,0.610431,18.904413,3.257081,0.303897,11.107679
minji-sync-capacity-bd3212ff2cdb43cfacad8a099fe3715f:qwen4b-shaped-capacity-test@1@0@-d589fb46cdcaf32@bfloat16,388,14,2561138514310406,2561138514577115,2561138514612256,2561138521548402,2561138521561656,2561138540080031,2561138541692083,2561138542080868,6.936146,18.531629,16.269621,1.651577,0.610431,20.532466,4.858045,0.303897,11.107679
minji-sync-capacity-bd3212ff2cdb43cfacad8a099fe3715f:qwen4b-shaped-capacity-test@1@0@7abd79773589c2da@bfloat16,389,14,2561138515035768,2561138518475476,2561138518998944,2561138526756955,2561138526767748,2561138540080031,2561138541692083,2561138542106491,7.758011,13.323076,11.061068,1.651577,0.610431,15.349536,0.0,0.0,11.061068
minji-sync-capacity-bd3212ff2cdb43cfacad8a099fe3715f:qwen4b-shaped-capacity-test@1@0@2fb628a2fe1686f3@bfloat16,390,14,2561138516081308,2561138516476835,2561138516502285,2561138523454397,2561138523468063,2561138540080031,2561138541692083,2561138542128986,6.952112,16.625634,14.363626,1.651577,0.610431,18.674589,2.95205,0.303897,11.107679
minji-sync-capacity-bd3212ff2cdb43cfacad8a099fe3715f:qwen4b-shaped-capacity-test@1@0@696a50148d9c3c89@bfloat16,391,14,2561138516444029,2561138517020927,2561138517047609,2561138526374707,2561138526389336,2561138540080031,2561138541692083,2561138542150900,9.327098,13.705324,11.443316,1.651577,0.610431,15.776193,0.03174,0.303897,11.107679
minji-sync-capacity-bd3212ff2cdb43cfacad8a099fe3715f:qwen4b-shaped-capacity-test@1@0@-4edcccc7e964cc4d@bfloat16,392,14,2561138517831331,2561138518609024,2561138518953114,2561138525066091,2561138525080487,2561138540080031,2561138541692083,2561138542173242,6.112977,15.01394,12.751932,1.651577,0.610431,17.107151,1.340356,0.303897,11.107679
minji-sync-capacity-bd3212ff2cdb43cfacad8a099fe3715f:qwen4b-shaped-capacity-test@1@0@-10c4c02dd8425ee7@bfloat16,393,14,2561138517981991,2561138518743067,2561138519079436,2561138529809574,2561138529821131,2561138540080031,2561138541692083,2561138542195198,10.730138,10.270457,8.008449,1.651577,0.610431,12.385624,0.0,0.0,8.008449
minji-sync-capacity-bd3212ff2cdb43cfacad8a099fe3715f:qwen4b-shaped-capacity-test@1@0@32b9297da829fed5@bfloat16,394,14,2561138518056235,2561138518974963,2561138519063664,2561138528441686,2561138528452421,2561138540080031,2561138541692083,2561138542217255,9.378022,11.638345,9.376337,1.651577,0.610431,13.775569,0.0,0.0,9.376337
minji-sync-capacity-bd3212ff2cdb43cfacad8a099fe3715f:qwen4b-shaped-capacity-test@1@0@-4e347a7ebe94423e@bfloat16,395,14,2561138520180346,2561138520461079,2561138520576764,2561138534553350,2561138534568719,2561138540080031,2561138541692083,2561138542238508,13.976586,5.526681,3.264673,1.651577,0.610431,7.685158,0.0,0.0,3.264673
minji-sync-capacity-bd3212ff2cdb43cfacad8a099fe3715f:qwen4b-shaped-capacity-test@1@0@-2884558b9c309bd8@bfloat16,396,14,2561138520269571,2561138520770286,2561138520941558,2561138534195985,2561138534213700,2561138540080031,2561138541692083,2561138542263037,13.254427,5.884046,3.622038,1.651577,0.610431,8.067052,0.0,0.0,3.622038
minji-sync-capacity-bd3212ff2cdb43cfacad8a099fe3715f:qwen4b-shaped-capacity-test@1@0@-4f888c4a709a12f0@bfloat16,397,14,2561138520535280,2561138520968355,2561138521010866,2561138527304560,2561138527317085,2561138540080031,2561138541692083,2561138542286876,6.293694,12.775471,10.513463,1.651577,0.610431,14.982316,0.0,0.0,10.513463
minji-sync-capacity-bd3212ff2cdb43cfacad8a099fe3715f:qwen4b-shaped-capacity-test@1@0@-33fe2d4eb609b499@bfloat16,398,14,2561138521578575,2561138521816530,2561138521845437,2561138534032602,2561138534047959,2561138540080031,2561138541692083,2561138542307722,12.187165,6.047429,3.785421,1.651577,0.610431,8.27512,0.0,0.0,3.785421
minji-sync-capacity-bd3212ff2cdb43cfacad8a099fe3715f:qwen4b-shaped-capacity-test@1@0@7eb251b0969a106e@bfloat16,399,14,2561138523186437,2561138523527397,2561138523568357,2561138530188932,2561138530206422,2561138540080031,2561138541692083,2561138542328277,6.620575,9.891099,7.629091,1.651577,0.610431,12.139345,0.0,0.0,7.629091
minji-sync-capacity-bd3212ff2cdb43cfacad8a099fe3715f:qwen4b-shaped-capacity-test@1@0@579acb6c581069c2@bfloat16,400,14,2561138523484459,2561138523712287,2561138523739032,2561138537818023,2561138537833764,2561138540080031,2561138541692083,2561138542349007,14.078991,2.262008,0.0,1.651577,0.610431,4.530984,0.0,0.0,0.0
minji-sync-capacity-bd3212ff2cdb43cfacad8a099fe3715f:qwen4b-shaped-capacity-test@1@0@48e414f959f37e0a@bfloat16,401,14,2561138523788802,2561138526438112,2561138526475102,2561138532462930,2561138532478245,2561138540080031,2561138541692083,2561138542370804,5.987828,7.617101,5.355093,1.651577,0.610431,9.907874,0.0,0.0,5.355093
minji-sync-capacity-bd3212ff2cdb43cfacad8a099fe3715f:qwen4b-shaped-capacity-test@1@0@48463e8d5a3c7f76@bfloat16,402,14,2561138524596046,2561138524841862,2561138524866707,2561138531277996,2561138531289634,2561138540080031,2561138541692083,2561138542462969,6.411289,8.802035,6.540027,1.651577,0.610431,11.184973,0.0,0.0,6.540027
minji-sync-capacity-bd3212ff2cdb43cfacad8a099fe3715f:qwen4b-shaped-capacity-test@1@0@2994b8468630355c@bfloat16,403,14,2561138525097195,2561138525363793,2561138525397466,2561138531770784,2561138531783204,2561138540080031,2561138541692083,2561138542488501,6.373318,8.309247,6.047239,1.651577,0.610431,10.717717,0.0,0.0,6.047239
minji-sync-capacity-bd3212ff2cdb43cfacad8a099fe3715f:qwen4b-shaped-capacity-test@1@0@774476aac7bc0a1a@bfloat16,404,14,2561138526406447,2561138526677116,2561138526710344,2561138532655250,2561138532671075,2561138540080031,2561138541692083,2561138542512577,5.944906,7.424781,5.162773,1.651577,0.610431,9.857327,0.0,0.0,5.162773
minji-sync-capacity-bd3212ff2cdb43cfacad8a099fe3715f:qwen4b-shaped-capacity-test@1@0@-66d86ff2fa204843@bfloat16,405,15,2561138526783624,2561138529646615,2561138530109533,2561138536259018,2561138536271983,2561138566883615,2561138570275231,2561138570888547,6.149485,30.624597,26.310285,1.46039,2.853922,34.629529,6.825298,5.094707,14.39028
minji-sync-capacity-bd3212ff2cdb43cfacad8a099fe3715f:qwen4b-shaped-capacity-test@1@0@-5b3f46abd0130980@bfloat16,406,15,2561138527332559,2561138528492285,2561138528751264,2561138537397462,2561138537408931,2561138566883615,2561138570275231,2561138570919924,8.646198,29.486153,25.171841,1.46039,2.853922,33.522462,5.686854,5.094707,14.39028
minji-sync-capacity-bd3212ff2cdb43cfacad8a099fe3715f:qwen4b-shaped-capacity-test@1@0@66dad7c9e78de6a7@bfloat16,407,15,2561138527973551,2561138528633112,2561138528713379,2561138537881082,2561138537893040,2561138566883615,2561138570275231,2561138570956081,9.167703,29.002533,24.688221,1.46039,2.853922,33.074999,5.203234,5.094707,14.39028
minji-sync-capacity-bd3212ff2cdb43cfacad8a099fe3715f:qwen4b-shaped-capacity-test@1@0@66f2e58a6d9670ed@bfloat16,408,15,2561138528038314,2561138529960979,2561138530609562,2561138543041907,2561138543058533,2561138566883615,2561138570275231,2561138570985673,12.432345,23.841708,19.527396,1.46039,2.853922,27.943766,0.042409,5.094707,14.39028
minji-sync-capacity-bd3212ff2cdb43cfacad8a099fe3715f:qwen4b-shaped-capacity-test@1@0@30b3642234de0f0d@bfloat16,409,15,2561138528467964,2561138530645895,2561138531032629,2561138538296336,2561138538308896,2561138566883615,2561138570275231,2561138571014942,7.263707,28.587279,24.272967,1.46039,2.853922,32.718606,4.78798,5.094707,14.39028
minji-sync-capacity-bd3212ff2cdb43cfacad8a099fe3715f:qwen4b-shaped-capacity-test@1@0@8b2a25881f60c05@bfloat16,410,15,2561138529837923,2561138530154269,2561138530927790,2561138537758328,2561138537771532,2561138566883615,2561138570275231,2561138571036886,6.830538,29.125287,24.810975,1.46039,2.853922,33.278558,5.325988,5.094707,14.39028
minji-sync-capacity-bd3212ff2cdb43cfacad8a099fe3715f:qwen4b-shaped-capacity-test@1@0@6834dce74684a045@bfloat16,411,15,2561138530232112,2561138531005898,2561138531157071,2561138540656018,2561138540673561,2561138566883615,2561138570275231,2561138571128586,9.498947,26.227597,21.913285,1.46039,2.853922,30.472568,2.428298,5.094707,14.39028
minji-sync-capacity-bd3212ff2cdb43cfacad8a099fe3715f:qwen4b-shaped-capacity-test@1@0@3e9cefc0f8630cfa@bfloat16,412,15,2561138531306083,2561138531695861,2561138531749686,2561138539036978,2561138539051971,2561138566883615,2561138570275231,2561138571152931,7.287292,27.846637,23.532325,1.46039,2.853922,32.115953,4.047338,5.094707,14.39028
minji-sync-capacity-bd3212ff2cdb43cfacad8a099fe3715f:qwen4b-shaped-capacity-test@1@0@-370b7caddadf288b@bfloat16,413,15,2561138531657826,2561138532106797,2561138532261921,2561138543758248,2561138543772665,2561138566883615,2561138570275231,2561138571176993,11.496327,23.125367,18.811055,1.46039,2.853922,27.418745,0.0,4.420775,14.39028
minji-sync-capacity-bd3212ff2cdb43cfacad8a099fe3715f:qwen4b-shaped-capacity-test@1@0@-129bb3fdd3a3bf37@bfloat16,414,15,2561138531799524,2561138532437498,2561138532544549,2561138540539908,2561138540557091,2561138566883615,2561138570275231,2561138571876356,7.995359,26.343707,22.029395,1.46039,2.853922,31.336448,2.544408,5.094707,14.39028
minji-sync-capacity-bd3212ff2cdb43cfacad8a099fe3715f:qwen4b-shaped-capacity-test@1@0@3aa1df3677ce9d17@bfloat16,415,15,2561138532495806,2561138532990841,2561138533216723,2561138543114059,2561138543129816,2561138566883615,2561138570275231,2561138572368990,9.897336,23.769556,19.455244,1.46039,2.853922,29.254931,0.0,5.064964,14.39028
minji-sync-capacity-bd3212ff2cdb43cfacad8a099fe3715f:qwen4b-shaped-capacity-test@1@0@11d87fad0d1b8570@bfloat16,416,15,2561138532689150,2561138533261126,2561138533381341,2561138540153469,2561138540166911,2561138566883615,2561138570275231,2561138572449429,6.772128,26.730146,22.415834,1.46039,2.853922,32.29596,2.930847,5.094707,14.39028
minji-sync-capacity-bd3212ff2cdb43cfacad8a099fe3715f:qwen4b-shaped-capacity-test@1@0@-1d0bfe89450071a0@bfloat16,417,15,2561138534066268,2561138534397604,2561138534696258,2561138543224893,2561138543240802,2561138566883615,2561138570275231,2561138572532297,8.528635,23.658722,19.34441,1.46039,2.853922,29.307404,0.0,4.95413,14.39028
minji-sync-capacity-bd3212ff2cdb43cfacad8a099fe3715f:qwen4b-shaped-capacity-test@1@0@-470c7b5aaf29f94b@bfloat16,418,15,2561138534232702,2561138534680036,2561138535063303,2561138544526984,2561138544542648,2561138566883615,2561138570275231,2561138572671829,9.463681,22.356631,18.042319,1.46039,2.853922,28.144845,0.0,3.652039,14.39028
minji-sync-capacity-bd3212ff2cdb43cfacad8a099fe3715f:qwen4b-shaped-capacity-test@1@0@3254517095c8167b@bfloat16,419,15,2561138534604883,2561138534918879,2561138535086884,2561138542381653,2561138542394452,2561138566883615,2561138570275231,2561138572710719,7.294769,24.501962,20.18765,1.46039,2.853922,30.329066,0.702663,5.094707,14.39028
minji-sync-capacity-bd3212ff2cdb43cfacad8a099fe3715f:qwen4b-shaped-capacity-test@1@0@1945839703c9c9f0@bfloat16,420,15,2561138536291542,2561138536504283,2561138536527564,2561138543949299,2561138543963888,2561138566883615,2561138570275231,2561138572743362,7.421735,22.934316,18.620004,1.46039,2.853922,28.794063,0.0,4.229724,14.39028
minji-sync-capacity-bd3212ff2cdb43cfacad8a099fe3715f:qwen4b-shaped-capacity-test@1@0@-44d2a4bd9bc35021@bfloat16,421,15,2561138537425391,2561138537743293,2561138538582343,2561138546113012,2561138546128790,2561138566883615,2561138570275231,2561138572808696,7.530669,20.770603,16.456291,1.46039,2.853922,26.695684,0.0,2.066011,14.39028
minji-sync-capacity-bd3212ff2cdb43cfacad8a099fe3715f:qwen4b-shaped-capacity-test@1@0@38216d78e795e4c1@bfloat16,422,15,2561138537789009,2561138539841974,2561138539888902,2561138546995154,2561138547028976,2561138566883615,2561138570275231,2561138572838052,7.106252,19.888461,15.574149,1.46039,2.853922,25.842898,0.0,1.183869,14.39028
minji-sync-capacity-bd3212ff2cdb43cfacad8a099fe3715f:qwen4b-shaped-capacity-test@1@0@356fd9a74647cb0b@bfloat16,423,15,2561138537855365,2561138538564075,2561138539509800,2561138546646795,2561138546663560,2561138566883615,2561138570275231,2561138572891153,7.136995,20.23682,15.922508,1.46039,2.853922,26.244358,0.0,1.532228,14.39028
minji-sync-capacity-bd3212ff2cdb43cfacad8a099fe3715f:qwen4b-shaped-capacity-test@1@0@-69de7fb6ad9b9ee1@bfloat16,424,15,2561138537908452,2561138538264343,2561138539113218,2561138546342597,2561138546357779,2561138566883615,2561138570275231,2561138572925111,7.229379,20.541018,16.226706,1.46039,2.853922,26.582514,0.0,1.836426,14.39028
minji-sync-capacity-bd3212ff2cdb43cfacad8a099fe3715f:qwen4b-shaped-capacity-test@1@0@-343de570b383d758@bfloat16,425,15,2561138538326497,2561138538726471,2561138539142875,2561138547192580,2561138547207365,2561138566883615,2561138570275231,2561138572996454,8.049705,19.691035,15.376723,1.46039,2.853922,25.803874,0.0,0.986443,14.39028
minji-sync-capacity-bd3212ff2cdb43cfacad8a099fe3715f:qwen4b-shaped-capacity-test@1@0@34d7071cd88b63c7@bfloat16,426,15,2561138539069410,2561138539718773,2561138539960517,2561138550109552,2561138550124031,2561138566883615,2561138570275231,2561138573030336,10.149035,16.774063,12.459751,1.46039,2.853922,22.920784,0.0,0.0,12.459751
minji-sync-capacity-bd3212ff2cdb43cfacad8a099fe3715f:qwen4b-shaped-capacity-test@1@0@33a9011a939f3096@bfloat16,427,15,2561138540182185,2561138540399733,2561138540486811,2561138550189683,2561138550204031,2561138566883615,2561138570275231,2561138573066966,9.702872,16.693932,12.37962,1.46039,2.853922,22.877283,0.0,0.0,12.37962
minji-sync-capacity-bd3212ff2cdb43cfacad8a099fe3715f:qwen4b-shaped-capacity-test@1@0@6229c5f15c475817@bfloat16,428,15,2561138540577210,2561138541211849,2561138541347566,2561138550267487,2561138550283422,2561138566883615,2561138570275231,2561138573103681,8.919921,16.616128,12.301816,1.46039,2.853922,22.836194,0.0,0.0,12.301816
minji-sync-capacity-bd3212ff2cdb43cfacad8a099fe3715f:qwen4b-shaped-capacity-test@1@0@798855e5d556f01e@bfloat16,429,15,2561138540695242,2561138541089529,2561138541255000,2561138551089810,2561138551101669,2561138566883615,2561138570275231,2561138573134085,9.83481,15.793805,11.479493,1.46039,2.853922,22.044275,0.0,0.0,11.479493
minji-sync-capacity-bd3212ff2cdb43cfacad8a099fe3715f:qwen4b-shaped-capacity-test@1@0@5b7bc0a803126d63@bfloat16,430,15,2561138542411181,2561138547748565,2561138548179023,2561138562569303,2561138562581492,2561138566883615,2561138570275231,2561138573165141,14.39028,4.314312,0.0,1.46039,2.853922,10.595838,0.0,0.0,0.0
minji-sync-capacity-bd3212ff2cdb43cfacad8a099fe3715f:qwen4b-shaped-capacity-test@1@0@37382785988eaa49@bfloat16,431,15,2561138543084316,2561138543453847,2561138543494489,2561138550556575,2561138550574367,2561138566883615,2561138570275231,2561138573203025,7.062086,16.32704,12.012728,1.46039,2.853922,22.64645,0.0,0.0,12.012728
minji-sync-capacity-bd3212ff2cdb43cfacad8a099fe3715f:qwen4b-shaped-capacity-test@1@0@27522bbf206bafab@bfloat16,432,16,2561138543150743,2561138548066852,2561138548148453,2561138554371918,2561138554387897,2561138574519203,2561138575331946,2561138575449098,6.223465,20.147285,16.673947,2.346455,1.126883,21.07718,8.229138,1.282199,7.16261
minji-sync-capacity-bd3212ff2cdb43cfacad8a099fe3715f:qwen4b-shaped-capacity-test@1@0@-12bfffa608879348@bfloat16,433,16,2561138543262251,2561138547280046,2561138547625798,2561138562762055,2561138562777157,2561138574519203,2561138575331946,2561138575479594,15.136257,11.757148,8.28381,2.346455,1.126883,12.717539,0.0,1.1212,7.16261
minji-sync-capacity-bd3212ff2cdb43cfacad8a099fe3715f:qwen4b-shaped-capacity-test@1@0@111ebc6d6a6a5f9b@bfloat16,434,16,2561138543800436,2561138547526253,2561138548005440,2561138552819398,2561138552832453,2561138574519203,2561138575331946,2561138575505184,4.813958,21.699805,18.226467,2.346455,1.126883,22.685786,9.781658,1.282199,7.16261
minji-sync-capacity-bd3212ff2cdb43cfacad8a099fe3715f:qwen4b-shaped-capacity-test@1@0@-7bef48b00964ffc7@bfloat16,435,16,2561138543980958,2561138548301388,2561138549080377,2561138562998800,2561138563020110,2561138574519203,2561138575331946,2561138575528552,13.918423,11.520403,8.047065,2.346455,1.126883,12.529752,0.0,0.884455,7.16261
minji-sync-capacity-bd3212ff2cdb43cfacad8a099fe3715f:qwen4b-shaped-capacity-test@1@0@447dca968942bf7e@bfloat16,436,16,2561138544564364,2561138546936487,2561138548111811,2561138552981777,2561138552991293,2561138574519203,2561138575331946,2561138575557838,4.869966,21.537426,18.064088,2.346455,1.126883,22.576061,9.619279,1.282199,7.16261
minji-sync-capacity-bd3212ff2cdb43cfacad8a099fe3715f:qwen4b-shaped-capacity-test@1@0@-1c0ffe36a374d6da@bfloat16,437,16,2561138546149605,2561138548583898,2561138549061926,2561138553673407,2561138553687341,2561138574519203,2561138575331946,2561138575660649,4.611481,20.845796,17.372458,2.346455,1.126883,21.987242,8.927649,1.282199,7.16261
minji-sync-capacity-bd3212ff2cdb43cfacad8a099fe3715f:qwen4b-shaped-capacity-test@1@0@-6794d6c15afe7dfa@bfloat16,438,16,2561138546377745,2561138548674096,2561138550345477,2561138555982123,2561138555996689,2561138574519203,2561138575331946,2561138575762803,5.636646,18.53708,15.063742,2.346455,1.126883,19.78068,6.618933,1.282199,7.16261
minji-sync-capacity-bd3212ff2cdb43cfacad8a099fe3715f:qwen4b-shaped-capacity-test@1@0@5e9581f3a78741cf@bfloat16,439,16,2561138546681557,2561138548427783,2561138548563404,2561138562320707,2561138562334796,2561138574519203,2561138575331946,2561138575799308,13.757303,12.198496,8.725158,2.346455,1.126883,13.478601,0.280349,1.282199,7.16261
minji-sync-capacity-bd3212ff2cdb43cfacad8a099fe3715f:qwen4b-shaped-capacity-test@1@0@-467ca104e676038c@bfloat16,440,16,2561138547046582,2561138548966106,2561138550367175,2561138556956520,2561138556967134,2561138574519203,2561138575331946,2561138575827686,6.589345,17.562683,14.089345,2.346455,1.126883,18.871166,5.644536,1.282199,7.16261
minji-sync-capacity-bd3212ff2cdb43cfacad8a099fe3715f:qwen4b-shaped-capacity-test@1@0@347d6a398d685ea9@bfloat16,441,16,2561138547225525,2561138548823110,2561138550249533,2561138563331502,2561138563350243,2561138574519203,2561138575331946,2561138576575302,13.081969,11.187701,7.714363,2.346455,1.126883,13.2438,0.0,0.551753,7.16261
minji-sync-capacity-bd3212ff2cdb43cfacad8a099fe3715f:qwen4b-shaped-capacity-test@1@0@-5f4536cb8aeb9119@bfloat16,442,16,2561138550143201,2561138550787276,2561138551172669,2561138557095099,2561138557105661,2561138574519203,2561138575331946,2561138576988638,5.92243,17.424104,13.950766,2.346455,1.126883,19.893539,5.505957,1.282199,7.16261
minji-sync-capacity-bd3212ff2cdb43cfacad8a099fe3715f:qwen4b-shaped-capacity-test@1@0@6e0a184e9bbf15b3@bfloat16,443,16,2561138550219466,2561138550659703,2561138551032657,2561138557983892,2561138557995174,2561138574519203,2561138575331946,2561138577114605,6.951235,16.535311,13.061973,2.346455,1.126883,19.130713,4.617164,1.282199,7.16261
minji-sync-capacity-bd3212ff2cdb43cfacad8a099fe3715f:qwen4b-shaped-capacity-test@1@0@-3f557ad56d73b6b0@bfloat16,444,16,2561138550307229,2561138551152170,2561138551384737,2561138561672983,2561138561684624,2561138574519203,2561138575331946,2561138577317148,10.288246,12.84622,9.372882,2.346455,1.126883,15.644165,0.928073,1.282199,7.16261
minji-sync-capacity-bd3212ff2cdb43cfacad8a099fe3715f:qwen4b-shaped-capacity-test@1@0@37a861ae48d5ce47@bfloat16,445,16,2561138550594298,2561138551403900,2561138551570989,2561138564983394,2561138564998185,2561138574519203,2561138575331946,2561138577345881,13.412405,9.535809,6.062471,2.346455,1.126883,12.362487,0.0,0.0,6.062471
minji-sync-capacity-bd3212ff2cdb43cfacad8a099fe3715f:qwen4b-shaped-capacity-test@1@0@-41470c40fca6231e@bfloat16,446,16,2561138551123985,2561138551513834,2561138551551477,2561138559777708,2561138559796141,2561138574519203,2561138575331946,2561138577370656,8.226231,14.741495,11.268157,2.346455,1.126883,17.592948,2.823348,1.282199,7.16261
minji-sync-capacity-bd3212ff2cdb43cfacad8a099fe3715f:qwen4b-shaped-capacity-test@1@0@-bd60057c7bd5a2@bfloat16,447,16,2561138552853046,2561138553177507,2561138553293936,2561138565439680,2561138565460730,2561138574519203,2561138575331946,2561138577390669,12.145744,9.079523,5.606185,2.346455,1.126883,11.950989,0.0,0.0,5.606185
minji-sync-capacity-bd3212ff2cdb43cfacad8a099fe3715f:qwen4b-shaped-capacity-test@1@0@-5cd76cdf6f0ac33@bfloat16,448,16,2561138553010417,2561138553313082,2561138553337750,2561138562665101,2561138562680603,2561138574519203,2561138575331946,2561138577413017,9.327351,11.854102,8.380764,2.346455,1.126883,14.747916,0.0,1.218154,7.16261
minji-sync-capacity-bd3212ff2cdb43cfacad8a099fe3715f:qwen4b-shaped-capacity-test@1@0@6f371690acf356f4@bfloat16,449,16,2561138553703827,2561138554039840,2561138554066921,2561138565224905,2561138565241894,2561138574519203,2561138575331946,2561138577434249,11.157984,9.294298,5.82096,2.346455,1.126883,12.209344,0.0,0.0,5.82096
minji-sync-capacity-bd3212ff2cdb43cfacad8a099fe3715f:qwen4b-shaped-capacity-test@1@0@-3bb30dce94b1b6ce@bfloat16,450,16,2561138554409856,2561138554671920,2561138554705190,2561138564686676,2561138564700405,2561138574519203,2561138575331946,2561138577455651,9.981486,9.832527,6.359189,2.346455,1.126883,12.768975,0.0,0.0,6.359189
minji-sync-capacity-bd3212ff2cdb43cfacad8a099fe3715f:qwen4b-shaped-capacity-test@1@0@12ad75b722ce2ab5@bfloat16,451,16,2561138556017920,2561138556812957,2561138556846387,2561138566456748,2561138566471551,2561138574519203,2561138575331946,2561138577478879,9.610361,8.062455,4.589117,2.346455,1.126883,11.022131,0.0,0.0,4.589117
minji-sync-capacity-bd3212ff2cdb43cfacad8a099fe3715f:qwen4b-shaped-capacity-test@1@0@d01c38f11df3f71@bfloat16,452,16,2561138556982568,2561138557230576,2561138557355562,2561138564906012,2561138564919341,2561138574519203,2561138575331946,2561138577500732,7.55045,9.613191,6.139853,2.346455,1.126883,12.59472,0.0,0.0,6.139853
minji-sync-capacity-bd3212ff2cdb43cfacad8a099fe3715f:qwen4b-shaped-capacity-test@1@0@7851aa831c6009b9@bfloat16,453,16,2561138557122414,2561138557368635,2561138557399998,2561138564334954,2561138564342283,2561138574519203,2561138575331946,2561138577523013,6.934956,10.184249,6.710911,2.346455,1.126883,13.188059,0.0,0.0,6.710911
minji-sync-capacity-bd3212ff2cdb43cfacad8a099fe3715f:qwen4b-shaped-capacity-test@1@0@-735084b42c20229@bfloat16,454,16,2561138558013481,2561138562127448,2561138562159035,2561138568466653,2561138568480218,2561138574519203,2561138575331946,2561138577545508,6.307618,6.05255,2.579212,2.346455,1.126883,9.078855,0.0,0.0,2.579212
minji-sync-capacity-bd3212ff2cdb43cfacad8a099fe3715f:qwen4b-shaped-capacity-test@1@0@23a8d8fb5c41fed7@bfloat16,455,16,2561138559818134,2561138561511757,2561138561549118,2561138568326587,2561138568341281,2561138574519203,2561138575331946,2561138577566478,6.777469,6.192616,2.719278,2.346455,1.126883,9.239891,0.0,0.0,2.719278
minji-sync-capacity-bd3212ff2cdb43cfacad8a099fe3715f:qwen4b-shaped-capacity-test@1@0@2663b3c9fe4f232e@bfloat16,456,16,2561138561701182,2561138561944687,2561138561974515,2561138568637207,2561138568651127,2561138574519203,2561138575331946,2561138577591988,6.662692,5.881996,2.408658,2.346455,1.126883,8.954781,0.0,0.0,2.408658
minji-sync-capacity-bd3212ff2cdb43cfacad8a099fe3715f:qwen4b-shaped-capacity-test@1@0@509cb44448f0e3cb@bfloat16,457,16,2561138562350703,2561138562626458,2561138562742138,2561138569040191,2561138569052986,2561138574519203,2561138575331946,2561138577696397,6.298053,5.479012,2.005674,2.346455,1.126883,8.656206,0.0,0.0,2.005674
minji-sync-capacity-bd3212ff2cdb43cfacad8a099fe3715f:qwen4b-shaped-capacity-test@1@0@6e073b5f502917c7@bfloat16,458,16,2561138562601056,2561138563811696,2561138563883255,2561138571045865,2561138571057628,2561138574519203,2561138575331946,2561138577724942,7.16261,3.473338,0.0,2.346455,1.126883,6.679077,0.0,0.0,0.0
minji-sync-capacity-bd3212ff2cdb43cfacad8a099fe3715f:qwen4b-shaped-capacity-test@1@0@-72ee4d602fc2e938@bfloat16,459,17,2561138562701402,2561138564669005,2561138565969244,2561138571462150,2561138571476159,2561138635554823,2561138636343700,2561138636491329,5.492906,64.092673,62.364616,0.797161,0.930896,65.029179,8.142685,1.853822,52.368109
minji-sync-capacity-bd3212ff2cdb43cfacad8a099fe3715f:qwen4b-shaped-capacity-test@1@0@-4444b9f790513bf4@bfloat16,460,17,2561138562798116,2561138565089542,2561138565893564,2561138571402203,2561138571417083,2561138635554823,2561138636343700,2561138636519190,5.508639,64.15262,62.424563,0.797161,0.930896,65.116987,8.202632,1.853822,52.368109
minji-sync-capacity-bd3212ff2cdb43cfacad8a099fe3715f:qwen4b-shaped-capacity-test@1@0@6b39fa9bcc1a0bb2@bfloat16,461,17,2561138563039103,2561138566308547,2561138566829765,2561138575679391,2561138575692548,2561138635554823,2561138636343700,2561138636543751,8.849626,59.875432,58.147375,0.797161,0.930896,60.86436,3.925444,1.853822,52.368109
minji-sync-capacity-bd3212ff2cdb43cfacad8a099fe3715f:qwen4b-shaped-capacity-test@1@0@-721d3af17c89a7dd@bfloat16,462,17,2561138563369082,2561138564297626,2561138565921243,2561138577620099,2561138577638034,2561138635554823,2561138636343700,2561138636570607,11.698856,57.934724,56.206667,0.797161,0.930896,58.950508,1.984736,1.853822,52.368109
minji-sync-capacity-bd3212ff2cdb43cfacad8a099fe3715f:qwen4b-shaped-capacity-test@1@0@121ff396ddb2a60@bfloat16,463,17,2561138564354032,2561138569371264,2561138570654540,2561138578257629,2561138578276525,2561138635554823,2561138636343700,2561138636593550,7.603089,57.297194,55.569137,0.797161,0.930896,58.335921,1.347206,1.853822,52.368109
minji-sync-capacity-bd3212ff2cdb43cfacad8a099fe3715f:qwen4b-shaped-capacity-test@1@0@66ec2334490088d9@bfloat16,464,17,2561138564718171,2561138565989058,2561138566063117,2561138575585775,2561138575602833,2561138635554823,2561138636343700,2561138636616394,9.522658,59.969048,58.240991,0.797161,0.930896,61.030619,4.01906,1.853822,52.368109
minji-sync-capacity-bd3212ff2cdb43cfacad8a099fe3715f:qwen4b-shaped-capacity-test@1@0@-7dce04f99cebb065@bfloat16,465,17,2561138564936718,2561138567859727,2561138569011676,2561138576203629,2561138576222725,2561138635554823,2561138636343700,2561138636638101,7.191953,59.351194,57.623137,0.797161,0.930896,60.434472,3.401206,1.853822,52.368109
minji-sync-capacity-bd3212ff2cdb43cfacad8a099fe3715f:qwen4b-shaped-capacity-test@1@0@-21852ed03e44d046@bfloat16,466,17,2561138565023441,2561138567381524,2561138567558754,2561138577877037,2561138577893423,2561138635554823,2561138636343700,2561138636662919,10.318283,57.677786,55.949729,0.797161,0.930896,58.785882,1.727798,1.853822,52.368109
minji-sync-capacity-bd3212ff2cdb43cfacad8a099fe3715f:qwen4b-shaped-capacity-test@1@0@746899dfab860879@bfloat16,467,17,2561138565260582,2561138567090621,2561138567278902,2561138574217118,2561138574231955,2561138635554823,2561138636343700,2561138636684476,6.938216,61.337705,59.609648,0.797161,0.930896,62.467358,5.387717,1.853822,52.368109
minji-sync-capacity-bd3212ff2cdb43cfacad8a099fe3715f:qwen4b-shaped-capacity-test@1@0@-773c5c93697defc@bfloat16,468,17,2561138565483796,2561138568047648,2561138568274390,2561138633826766,2561138633841329,2561138635554823,2561138636343700,2561138636705672,65.552376,1.728057,0.0,0.797161,0.930896,2.878906,0.0,0.0,0.0
minji-sync-capacity-bd3212ff2cdb43cfacad8a099fe3715f:qwen4b-shaped-capacity-test@1@0@-690546ebf38b0ac1@bfloat16,469,17,2561138566492896,2561138569530875,2561138569922784,2561138580957568,2561138580973553,2561138635554823,2561138636343700,2561138636726019,11.034784,54.597255,52.869198,0.797161,0.930896,55.768451,0.0,0.501089,52.368109
minji-sync-capacity-bd3212ff2cdb43cfacad8a099fe3715f:qwen4b-shaped-capacity-test@1@0@64226c8ea47fdb8@bfloat16,470,17,2561138568359366,2561138569782498,2561138570231714,2561138576067053,2561138576086004,2561138635554823,2561138636343700,2561138636748451,5.835339,59.48777,57.759713,0.797161,0.930896,60.681398,3.537782,1.853822,52.368109
minji-sync-capacity-bd3212ff2cdb43cfacad8a099fe3715f:qwen4b-shaped-capacity-test@1@0@29ad5433cd55ba83@bfloat16,471,17,2561138568503224,2561138570002094,2561138570711383,2561138589380491,2561138589395051,2561138635554823,2561138636343700,2561138636768131,18.669108,46.174332,44.446275,0.797161,0.930896,47.38764,0.0,0.0,44.446275
minji-sync-capacity-bd3212ff2cdb43cfacad8a099fe3715f:qwen4b-shaped-capacity-test@1@0@-160597d36be5628f@bfloat16,472,17,2561138568669977,2561138570318440,2561138570686866,2561138579569018,2561138579585837,2561138635554823,2561138636343700,2561138636787801,8.882152,55.985805,54.257748,0.797161,0.930896,57.218783,0.035817,1.853822,52.368109
minji-sync-capacity-bd3212ff2cdb43cfacad8a099fe3715f:qwen4b-shaped-capacity-test@1@0@-53a81a4694ca269@bfloat16,473,17,2561138569070032,2561138570535165,2561138570751642,2561138583838182,2561138583853301,2561138635554823,2561138636343700,2561138636808690,13.08654,51.716641,49.988584,0.797161,0.930896,52.970508,0.0,0.0,49.988584
minji-sync-capacity-bd3212ff2cdb43cfacad8a099fe3715f:qwen4b-shaped-capacity-test@1@0@-6d4d110aa126527d@bfloat16,474,17,2561138571079385,2561138571684714,2561138571857752,2561138582439650,2561138582450865,2561138635554823,2561138636343700,2561138636831047,10.581898,53.115173,51.387116,0.797161,0.930896,54.391397,0.0,0.0,51.387116
minji-sync-capacity-bd3212ff2cdb43cfacad8a099fe3715f:qwen4b-shaped-capacity-test@1@0@-4695165c8090d6f9@bfloat16,475,17,2561138571434306,2561138571992275,2561138572585363,2561138579635435,2561138579648165,2561138635554823,2561138636343700,2561138636851753,7.050072,55.919388,54.191331,0.797161,0.930896,57.216318,0.0,1.823222,52.368109
minji-sync-capacity-bd3212ff2cdb43cfacad8a099fe3715f:qwen4b-shaped-capacity-test@1@0@67f0280e780fcd1c@bfloat16,476,17,2561138571496605,2561138572216555,2561138572489223,2561138587275222,2561138587288222,2561138635554823,2561138636343700,2561138636873320,14.785999,48.279601,46.551544,0.797161,0.930896,49.598098,0.0,0.0,46.551544
minji-sync-capacity-bd3212ff2cdb43cfacad8a099fe3715f:qwen4b-shaped-capacity-test@1@0@354bc6dcc7714b6a@bfloat16,477,17,2561138574249480,2561138574629044,2561138574680118,2561138581321753,2561138581333895,2561138635554823,2561138636343700,2561138636897882,6.641635,54.23307,52.505013,0.797161,0.930896,55.576129,0.0,0.136904,52.368109
minji-sync-capacity-bd3212ff2cdb43cfacad8a099fe3715f:qwen4b-shaped-capacity-test@1@0@-4f05d2d62be67897@bfloat16,478,17,2561138575622210,2561138576476744,2561138576748253,2561138586798119,2561138586811810,2561138635554823,2561138636343700,2561138636924155,10.049866,48.756704,47.028647,0.797161,0.930896,50.126036,0.0,0.0,47.028647
minji-sync-capacity-bd3212ff2cdb43cfacad8a099fe3715f:qwen4b-shaped-capacity-test@1@0@1530611cae4a621d@bfloat16,479,17,2561138575711361,2561138575995170,2561138576285072,2561138582760647,2561138582772486,2561138635554823,2561138636343700,2561138636948530,6.475575,52.794176,51.066119,0.797161,0.930896,54.187883,0.0,0.0,51.066119
minji-sync-capacity-bd3212ff2cdb43cfacad8a099fe3715f:qwen4b-shaped-capacity-test@1@0@9fbe3b8147be48c@bfloat16,480,17,2561138576109763,2561138576768251,2561138577237615,2561138589308328,2561138589326055,2561138635554823,2561138636343700,2561138636970839,12.070713,46.246495,44.518438,0.797161,0.930896,47.662511,0.0,0.0,44.518438
minji-sync-capacity-bd3212ff2cdb43cfacad8a099fe3715f:qwen4b-shaped-capacity-test@1@0@-111320a47f154ab6@bfloat16,481,17,2561138576243995,2561138576916178,2561138577154583,2561138582977317,2561138582988515,2561138635554823,2561138636343700,2561138636991567,5.822734,52.577506,50.849449,0.797161,0.930896,54.01425,0.0,0.0,50.849449
minji-sync-capacity-bd3212ff2cdb43cfacad8a099fe3715f:qwen4b-shaped-capacity-test@1@0@512183f151142620@bfloat16,482,17,2561138577662604,2561138578120294,2561138578429329,2561138584282040,2561138584293235,2561138635554823,2561138636343700,2561138637015431,5.852711,51.272783,49.544726,0.797161,0.930896,52.733391,0.0,0.0,49.544726
minji-sync-capacity-bd3212ff2cdb43cfacad8a099fe3715f:qwen4b-shaped-capacity-test@1@0@-728e141c1446d8b9@bfloat16,483,17,2561138577912667,2561138578369820,2561138578500393,2561138587846284,2561138587860711,2561138635554823,2561138636343700,2561138637034935,9.345891,47.708539,45.980482,0.797161,0.930896,49.188651,0.0,0.0,45.980482
minji-sync-capacity-bd3212ff2cdb43cfacad8a099fe3715f:qwen4b-shaped-capacity-test@1@0@-3ebb99f8302c3502@bfloat16,484,17,2561138578303233,2561138579409677,2561138579443559,2561138585278344,2561138585292739,2561138635554823,2561138636343700,2561138637055775,5.834785,50.276479,48.548422,0.797161,0.930896,51.777431,0.0,0.0,48.548422
minji-sync-capacity-bd3212ff2cdb43cfacad8a099fe3715f:qwen4b-shaped-capacity-test@1@0@586fd653076e1a5c@bfloat16,485,17,2561138579604835,2561138581133927,2561138581458657,2561138590450344,2561138590466117,2561138635554823,2561138636343700,2561138637077916,8.991687,45.104479,43.376422,0.797161,0.930896,46.627572,0.0,0.0,43.376422
minji-sync-capacity-bd3212ff2cdb43cfacad8a099fe3715f:qwen4b-shaped-capacity-test@1@0@2e81c3d5dffd19fd@bfloat16,486,18,2561138579664682,2561138579889748,2561138579937215,2561138585841379,2561138585855542,2561138644054535,2561138644934384,2561138645086621,5.904164,58.213156,57.447441,0.519953,0.245762,59.245242,11.031387,0.392091,46.023963
minji-sync-capacity-bd3212ff2cdb43cfacad8a099fe3715f:qwen4b-shaped-capacity-test@1@0@-76d7984d106868c6@bfloat16,487,18,2561138580990965,2561138581379775,2561138581428805,2561138591754644,2561138591768790,2561138644054535,2561138644934384,2561138645115409,10.325839,52.299891,51.534176,0.519953,0.245762,53.360765,5.118122,0.392091,46.023963
minji-sync-capacity-bd3212ff2cdb43cfacad8a099fe3715f:qwen4b-shaped-capacity-test@1@0@37cd8c902dd89f09@bfloat16,488,18,2561138581348890,2561138582201136,2561138582224623,2561138594515280,2561138594530870,2561138644054535,2561138644934384,2561138645139540,12.290657,49.539255,48.77354,0.519953,0.245762,50.62426,2.357486,0.392091,46.023963
minji-sync-capacity-bd3212ff2cdb43cfacad8a099fe3715f:qwen4b-shaped-capacity-test@1@0@-618f25df4bf9a58@bfloat16,489,18,2561138582465824,2561138582698490,2561138582724692,2561138602552204,2561138602565707,2561138644054535,2561138644934384,2561138645160974,19.827512,41.502331,40.736616,0.519953,0.245762,42.60877,0.0,0.0,40.736616
minji-sync-capacity-bd3212ff2cdb43cfacad8a099fe3715f:qwen4b-shaped-capacity-test@1@0@2a2f4fbc5a627a94@bfloat16,490,18,2561138582785979,2561138583028351,2561138583058190,2561138588724743,2561138588739210,2561138644054535,2561138644934384,2561138645186309,5.666553,55.329792,54.564077,0.519953,0.245762,56.461566,8.148023,0.392091,46.023963
minji-sync-capacity-bd3212ff2cdb43cfacad8a099fe3715f:qwen4b-shaped-capacity-test@1@0@451caf05fc95bfa@bfloat16,491,18,2561138583005956,2561138583230304,2561138583255274,2561138589792359,2561138589804436,2561138644054535,2561138644934384,2561138645207786,6.537085,54.262176,53.496461,0.519953,0.245762,55.415427,7.080407,0.392091,46.023963
minji-sync-capacity-bd3212ff2cdb43cfacad8a099fe3715f:qwen4b-shaped-capacity-test@1@0@658356116b8655b9@bfloat16,492,18,2561138583869101,2561138584188284,2561138584220451,2561138640352375,2561138640371417,2561138644054535,2561138644934384,2561138645227017,56.131924,3.70216,2.936445,0.519953,0.245762,4.874642,0.0,0.0,2.936445
minji-sync-capacity-bd3212ff2cdb43cfacad8a099fe3715f:qwen4b-shaped-capacity-test@1@0@51bfe336b387934f@bfloat16,493,18,2561138584308076,2561138584484424,2561138584507171,2561138605775854,2561138605789514,2561138644054535,2561138644934384,2561138645246609,21.268683,38.278681,37.512966,0.519953,0.245762,39.470755,0.0,0.0,37.512966
minji-sync-capacity-bd3212ff2cdb43cfacad8a099fe3715f:qwen4b-shaped-capacity-test@1@0@40b24318d46694dd@bfloat16,494,18,2561138585308144,2561138585560170,2561138585602024,2561138642569282,2561138642586650,2561138644054535,2561138644934384,2561138645267144,56.967258,1.485253,0.719538,0.519953,0.245762,2.697862,0.0,0.0,0.719538
minji-sync-capacity-bd3212ff2cdb43cfacad8a099fe3715f:qwen4b-shaped-capacity-test@1@0@3aeca45ee8d32e36@bfloat16,495,18,2561138585875704,2561138586115968,2561138586142456,2561138592581082,2561138592595994,2561138644054535,2561138644934384,2561138645287033,6.438626,51.473453,50.707738,0.519953,0.245762,52.705951,4.291684,0.392091,46.023963
minji-sync-capacity-bd3212ff2cdb43cfacad8a099fe3715f:qwen4b-shaped-capacity-test@1@0@-7f15f171c61afbc2@bfloat16,496,18,2561138586826249,2561138587148747,2561138587183291,2561138592887805,2561138592897805,2561138644054535,2561138644934384,2561138645309299,5.704514,51.16673,50.401015,0.519953,0.245762,52.421494,3.984961,0.392091,46.023963
minji-sync-capacity-bd3212ff2cdb43cfacad8a099fe3715f:qwen4b-shaped-capacity-test@1@0@148d6781569bcbe4@bfloat16,497,18,2561138587304301,2561138587512371,2561138587612624,2561138596786651,2561138596800343,2561138644054535,2561138644934384,2561138645330659,9.174027,47.267884,46.502169,0.519953,0.245762,48.544008,0.086115,0.392091,46.023963
minji-sync-capacity-bd3212ff2cdb43cfacad8a099fe3715f:qwen4b-shaped-capacity-test@1@0@-5b2714b9440b0cac@bfloat16,498,18,2561138587879421,2561138588590739,2561138588623152,2561138594379754,2561138594392514,2561138644054535,2561138644934384,2561138645351580,5.756602,49.674781,48.909066,0.519953,0.245762,50.971826,2.493012,0.392091,46.023963
minji-sync-capacity-bd3212ff2cdb43cfacad8a099fe3715f:qwen4b-shaped-capacity-test@1@0@5fcd8d6283bd047d@bfloat16,499,18,2561138588755529,2561138589034765,2561138589066400,2561138643239339,2561138643257376,2561138644054535,2561138644934384,2561138645373551,54.172939,0.815196,0.049481,0.519953,0.245762,2.134212,0.0,0.0,0.049481
minji-sync-capacity-bd3212ff2cdb43cfacad8a099fe3715f:qwen4b-shaped-capacity-test@1@0@5458fc2a14820634@bfloat16,500,18,2561138589349347,2561138589633626,2561138589850836,2561138595474094,2561138595489968,2561138644054535,2561138644934384,2561138645395991,5.623258,48.580441,47.814726,0.519953,0.245762,49.921897,1.398672,0.392091,46.023963
minji-sync-capacity-bd3212ff2cdb43cfacad8a099fe3715f:qwen4b-shaped-capacity-test@1@0@4f5d90bfc173c6d9@bfloat16,501,18,2561138589411330,2561138589877071,2561138589909488,2561138605987963,2561138606007701,2561138644054535,2561138644934384,2561138645419339,16.078475,38.066572,37.300857,0.519953,0.245762,39.431376,0.0,0.0,37.300857
minji-sync-capacity-bd3212ff2cdb43cfacad8a099fe3715f:qwen4b-shaped-capacity-test@1@0@-5fdca48730b0533b@bfloat16,502,18,2561138589818682,2561138590059588,2561138590085261,2561138643288820,2561138643305089,2561138644054535,2561138644934384,2561138645441565,53.203559,0.765715,0.0,0.519953,0.245762,2.152745,0.0,0.0,0.0
minji-sync-capacity-bd3212ff2cdb43cfacad8a099fe3715f:qwen4b-shaped-capacity-test@1@0@7685dd3fe4aa665d@bfloat16,503,18,2561138590484235,2561138590799688,2561138590826795,2561138605814919,2561138605829598,2561138644054535,2561138644934384,2561138645463221,14.988124,38.239616,37.473901,0.519953,0.245762,39.648302,0.0,0.0,37.473901
minji-sync-capacity-bd3212ff2cdb43cfacad8a099fe3715f:qwen4b-shaped-capacity-test@1@0@-38c652ac4e77602f@bfloat16,504,18,2561138591788949,2561138592032421,2561138592061789,2561138596843647,2561138596857059,2561138644054535,2561138644934384,2561138645484277,4.781858,47.210888,46.445173,0.519953,0.245762,48.64063,0.029119,0.392091,46.023963
minji-sync-capacity-bd3212ff2cdb43cfacad8a099fe3715f:qwen4b-shaped-capacity-test@1@0@3dc7e6c77a4f8521@bfloat16,505,18,2561138592614179,2561138592938053,2561138592970449,2561138599875394,2561138599885617,2561138644054535,2561138644934384,2561138645505695,6.904945,44.179141,43.413426,0.519953,0.245762,45.630301,0.0,0.0,43.413426
minji-sync-capacity-bd3212ff2cdb43cfacad8a099fe3715f:qwen4b-shaped-capacity-test@1@0@-71d199fd98da3192@bfloat16,506,18,2561138592912123,2561138593138268,2561138593167056,2561138597943382,2561138597954672,2561138644054535,2561138644934384,2561138645526603,4.776326,46.111153,45.345438,0.519953,0.245762,47.583221,0.0,0.0,45.345438
minji-sync-capacity-bd3212ff2cdb43cfacad8a099fe3715f:qwen4b-shaped-capacity-test@1@0@2dc7b5cd3a90149b@bfloat16,507,18,2561138594408032,2561138594714859,2561138594931971,2561138601209719,2561138601219980,2561138644054535,2561138644934384,2561138645549576,6.277748,42.844816,42.079101,0.519953,0.245762,44.339857,0.0,0.0,42.079101
minji-sync-capacity-bd3212ff2cdb43cfacad8a099fe3715f:qwen4b-shaped-capacity-test@1@0@-2bc58115ce64d216@bfloat16,508,18,2561138594552224,2561138594906112,2561138594969385,2561138601409828,2561138601423472,2561138644054535,2561138644934384,2561138645570288,6.440443,42.644707,41.878992,0.519953,0.245762,44.16046,0.0,0.0,41.878992
minji-sync-capacity-bd3212ff2cdb43cfacad8a099fe3715f:qwen4b-shaped-capacity-test@1@0@4d54e1188606550d@bfloat16,509,18,2561138595509447,2561138595797751,2561138595828963,2561138602329746,2561138602349532,2561138644054535,2561138644934384,2561138645590709,6.500783,41.724789,40.959074,0.519953,0.245762,43.260963,0.0,0.0,40.959074
minji-sync-capacity-bd3212ff2cdb43cfacad8a099fe3715f:qwen4b-shaped-capacity-test@1@0@490b0e6be723c483@bfloat16,510,18,2561138596816258,2561138597075397,2561138597118487,2561138603477433,2561138603492494,2561138644054535,2561138644934384,2561138645611604,6.358946,40.577102,39.811387,0.519953,0.245762,42.134171,0.0,0.0,39.811387
minji-sync-capacity-bd3212ff2cdb43cfacad8a099fe3715f:qwen4b-shaped-capacity-test@1@0@3b6b39f5a198768f@bfloat16,511,18,2561138596872766,2561138597235847,2561138597264857,2561138604931475,2561138604946164,2561138644054535,2561138644934384,2561138645638541,7.666618,39.12306,38.357345,0.519953,0.245762,40.707066,0.0,0.0,38.357345
