ms,used_mib,ready_mib,copying_mib,post_copy_mib,workers,payload_fetches,pending_windows
0.0,0.0,0.0,0.0,0.0,0,0,0
0.237553,0.0,0.0,0.0,0.0,0,0,1
0.290468,0.0,0.0,0.0,0.0,0,0,1
0.475465,0.0,0.0,0.0,0.0,0,0,1
0.490811,0.0,0.0,0.0,0.0,0,0,2
0.833215,0.0,0.0,0.0,0.0,0,0,2
0.863959,0.0,0.0,0.0,0.0,0,0,3
1.171474,0.0,0.0,0.0,0.0,0,0,3
1.28682,0.0,0.0,0.0,0.0,0,0,4
2.12092,0.0,0.0,0.0,0.0,1,0,4
2.284426,0.0,0.0,0.0,0.0,2,0,4
2.705766,18.0,0.0,0.0,0.0,2,0,4
3.159334,36.0,0.0,0.0,0.0,2,0,4
3.816684,36.0,0.0,0.0,0.0,2,1,4
4.449333,36.0,0.0,0.0,0.0,2,2,4
4.56811,36.0,0.0,0.0,0.0,3,2,4
4.681766,36.0,0.0,0.0,0.0,4,2,4
4.799807,36.0,0.0,0.0,0.0,5,2,4
5.021223,54.0,0.0,0.0,0.0,5,2,4
5.09394,54.0,0.0,0.0,0.0,6,2,4
5.165361,54.0,0.0,0.0,0.0,6,3,4
5.475796,72.0,0.0,0.0,0.0,6,3,4
5.52253,72.0,0.0,0.0,0.0,7,3,4
5.588691,72.0,0.0,0.0,0.0,8,3,4
5.641032,72.0,0.0,0.0,0.0,8,4,4
5.854028,72.0,0.0,0.0,0.0,9,4,4
6.027667,72.0,0.0,0.0,0.0,10,4,4
6.126134,90.0,0.0,0.0,0.0,10,4,4
6.335613,90.0,0.0,0.0,0.0,10,5,4
6.364505,108.0,0.0,0.0,0.0,10,5,4
6.519695,126.0,0.0,0.0,0.0,10,5,4
6.674451,144.0,0.0,0.0,0.0,10,5,4
6.84654,144.0,0.0,0.0,0.0,11,5,4
6.899875,162.0,0.0,0.0,0.0,11,5,4
6.946048,162.0,0.0,0.0,0.0,11,6,4
7.182413,162.0,0.0,0.0,0.0,11,7,4
7.420865,162.0,0.0,0.0,0.0,12,7,4
7.458161,162.0,0.0,0.0,0.0,12,8,4
7.474403,162.0,0.0,0.0,0.0,12,9,4
7.507134,180.0,0.0,0.0,0.0,12,9,4
7.570531,180.0,0.0,0.0,0.0,13,9,4
7.958636,198.0,0.0,0.0,0.0,13,9,4
8.020506,198.0,0.0,0.0,0.0,13,10,4
8.273819,216.0,0.0,0.0,0.0,13,10,4
8.314876,216.0,0.0,0.0,0.0,13,11,4
8.545213,216.0,0.0,0.0,0.0,13,12,4
8.579979,216.0,18.0,0.0,0.0,13,11,4
8.598654,216.0,18.0,0.0,0.0,12,11,4
8.61722,216.0,18.0,0.0,0.0,13,11,4
9.013899,216.0,18.0,0.0,0.0,14,11,4
9.133641,216.0,18.0,0.0,0.0,15,11,4
9.213653,216.0,18.0,0.0,0.0,16,11,4
9.291392,216.0,36.0,0.0,0.0,16,10,4
9.307111,216.0,36.0,0.0,0.0,15,10,4
9.325604,216.0,36.0,0.0,0.0,16,10,4
9.411755,234.0,36.0,0.0,0.0,16,10,4
9.625699,252.0,36.0,0.0,0.0,16,10,4
9.939009,252.0,54.0,0.0,0.0,16,9,4
9.958032,252.0,54.0,0.0,0.0,15,9,4
9.984397,252.0,54.0,0.0,0.0,16,9,4
10.057671,270.0,54.0,0.0,0.0,16,9,4
10.227862,288.0,54.0,0.0,0.0,16,9,4
10.430349,288.0,54.0,0.0,0.0,16,10,4
10.486274,288.0,54.0,0.0,0.0,16,11,4
10.5042,288.0,54.0,0.0,0.0,16,12,4
10.599076,306.0,54.0,0.0,0.0,16,12,4
10.758581,324.0,54.0,0.0,0.0,16,12,4
10.893416,342.0,54.0,0.0,0.0,16,12,4
10.982802,342.0,54.0,0.0,0.0,16,13,4
11.012868,342.0,54.0,0.0,0.0,16,14,4
11.028612,342.0,54.0,0.0,0.0,16,15,4
11.123174,342.0,54.0,0.0,0.0,16,16,4
11.950641,342.0,72.0,0.0,0.0,16,15,4
11.964752,342.0,72.0,0.0,0.0,15,15,4
11.982471,342.0,72.0,0.0,0.0,16,15,4
12.204704,360.0,72.0,0.0,0.0,16,15,4
12.229826,360.0,72.0,0.0,0.0,16,16,4
12.839243,360.0,90.0,0.0,0.0,16,15,4
12.860059,360.0,90.0,0.0,0.0,15,15,4
12.882821,360.0,90.0,0.0,0.0,16,15,4
13.160258,378.0,90.0,0.0,0.0,16,15,4
13.195784,378.0,90.0,0.0,0.0,16,16,4
13.479201,378.0,108.0,0.0,0.0,16,15,4
13.499955,378.0,108.0,0.0,0.0,15,15,4
13.5199,378.0,108.0,0.0,0.0,16,15,4
14.75371,378.0,126.0,0.0,0.0,16,14,4
14.773865,378.0,126.0,0.0,0.0,15,14,4
14.802983,378.0,126.0,0.0,0.0,16,14,4
15.073674,396.0,126.0,0.0,0.0,16,14,4
15.10784,396.0,126.0,0.0,0.0,16,15,4
15.660688,414.0,126.0,0.0,0.0,16,15,4
15.771916,414.0,144.0,0.0,0.0,16,14,4
15.789933,414.0,144.0,0.0,0.0,15,14,4
15.809043,414.0,144.0,0.0,0.0,16,14,4
15.852648,414.0,144.0,0.0,0.0,16,15,4
16.114705,432.0,144.0,0.0,0.0,16,15,4
16.156477,432.0,144.0,0.0,0.0,16,16,4
16.455172,432.0,162.0,0.0,0.0,16,15,4
16.467484,432.0,162.0,0.0,0.0,15,15,4
16.482845,432.0,162.0,0.0,0.0,16,15,4
16.786106,432.0,180.0,0.0,0.0,16,14,4
16.802031,432.0,180.0,0.0,0.0,15,14,4
16.819543,432.0,180.0,0.0,0.0,16,14,4
17.218818,432.0,198.0,0.0,0.0,16,13,4
17.235206,432.0,198.0,0.0,0.0,15,13,4
17.255285,432.0,198.0,0.0,0.0,16,13,4
18.010754,450.0,198.0,0.0,0.0,16,13,4
18.052389,450.0,198.0,0.0,0.0,16,14,4
18.126385,450.0,216.0,0.0,0.0,16,13,4
18.143515,450.0,216.0,0.0,0.0,15,13,4
18.165513,450.0,216.0,0.0,0.0,16,13,4
18.461533,468.0,216.0,0.0,0.0,16,13,4
18.494807,468.0,216.0,0.0,0.0,16,14,4
19.286565,486.0,216.0,0.0,0.0,16,14,4
19.341581,486.0,216.0,0.0,0.0,16,15,4
19.465386,486.0,234.0,0.0,0.0,16,14,4
19.484108,486.0,234.0,0.0,0.0,15,14,4
19.503871,486.0,234.0,0.0,0.0,16,14,4
19.542315,504.0,234.0,0.0,0.0,16,14,4
19.57743,504.0,234.0,0.0,0.0,16,15,4
20.600359,504.0,252.0,0.0,0.0,16,14,4
20.617597,504.0,252.0,0.0,0.0,15,14,4
20.636236,504.0,252.0,0.0,0.0,16,14,4
20.899948,522.0,252.0,0.0,0.0,16,14,4
20.986379,522.0,252.0,0.0,0.0,16,15,4
21.651237,522.0,270.0,0.0,0.0,16,14,4
21.666379,522.0,270.0,0.0,0.0,15,14,4
21.684374,522.0,270.0,0.0,0.0,16,14,4
22.213462,522.0,288.0,0.0,0.0,16,13,4
22.228355,522.0,288.0,0.0,0.0,15,13,4
22.2443,522.0,288.0,0.0,0.0,16,13,4
22.270907,522.0,306.0,0.0,0.0,16,12,4
22.289663,522.0,306.0,0.0,0.0,15,12,4
22.307216,522.0,306.0,0.0,0.0,16,12,4
22.477077,522.0,324.0,0.0,0.0,16,11,4
22.494331,522.0,324.0,0.0,0.0,15,11,4
22.514124,522.0,324.0,0.0,0.0,16,11,4
22.594304,540.0,324.0,0.0,0.0,16,11,4
22.806464,558.0,324.0,0.0,0.0,16,11,4
22.838231,558.0,342.0,0.0,0.0,16,10,4
22.853998,558.0,342.0,0.0,0.0,15,10,4
22.874308,558.0,342.0,0.0,0.0,16,10,4
23.036933,558.0,360.0,0.0,0.0,16,9,4
23.048529,558.0,360.0,0.0,0.0,15,9,4
23.065815,558.0,360.0,0.0,0.0,16,9,4
23.09629,558.0,378.0,0.0,0.0,16,8,4
23.112294,558.0,378.0,0.0,0.0,15,8,4
23.129692,558.0,378.0,0.0,0.0,16,8,4
23.368631,558.0,378.0,0.0,0.0,16,9,4
23.395111,558.0,396.0,0.0,0.0,16,8,4
23.41135,558.0,396.0,0.0,0.0,15,8,4
23.433549,558.0,396.0,0.0,0.0,16,8,4
23.467167,576.0,396.0,0.0,0.0,16,8,4
23.631443,594.0,396.0,0.0,0.0,16,8,4
23.661202,594.0,396.0,0.0,0.0,16,9,4
23.908079,612.0,396.0,0.0,0.0,16,9,4
24.088651,612.0,396.0,0.0,0.0,16,10,4
24.108884,630.0,396.0,0.0,0.0,16,10,4
24.26757,630.0,396.0,0.0,0.0,16,11,4
24.285513,648.0,396.0,0.0,0.0,16,11,4
24.331894,648.0,396.0,0.0,0.0,16,12,4
24.356425,648.0,396.0,0.0,0.0,16,13,4
24.389023,648.0,396.0,0.0,0.0,16,14,4
24.54995,648.0,414.0,0.0,0.0,16,13,4
24.564642,648.0,414.0,0.0,0.0,15,13,4
24.586003,648.0,414.0,0.0,0.0,16,13,4
24.763199,666.0,414.0,0.0,0.0,16,13,4
24.890302,666.0,432.0,0.0,0.0,16,12,4
24.90519,666.0,432.0,0.0,0.0,15,12,4
24.92158,666.0,432.0,0.0,0.0,16,12,4
25.021746,684.0,432.0,0.0,0.0,16,12,4
25.11967,684.0,450.0,0.0,0.0,16,11,4
25.134288,684.0,450.0,0.0,0.0,15,11,4
25.158806,684.0,450.0,0.0,0.0,16,11,4
25.190431,684.0,450.0,0.0,0.0,16,12,4
25.209992,684.0,450.0,0.0,0.0,16,13,4
25.328603,684.0,468.0,0.0,0.0,16,12,4
25.343355,684.0,468.0,0.0,0.0,15,12,4
25.360686,684.0,468.0,0.0,0.0,16,12,4
25.425763,702.0,468.0,0.0,0.0,16,12,4
25.635304,720.0,468.0,0.0,0.0,16,12,4
25.797017,738.0,468.0,0.0,0.0,16,12,4
25.992443,756.0,468.0,0.0,0.0,16,12,4
26.008178,756.0,468.0,0.0,0.0,16,13,4
26.04912,756.0,468.0,0.0,0.0,16,14,4
26.069094,756.0,468.0,0.0,0.0,16,15,4
26.160224,756.0,468.0,0.0,0.0,16,16,4
27.607519,756.0,486.0,0.0,0.0,16,15,4
27.62491,756.0,486.0,0.0,0.0,15,15,4
27.646504,756.0,486.0,0.0,0.0,16,15,4
27.671947,756.0,504.0,0.0,0.0,16,14,4
27.682863,756.0,504.0,0.0,0.0,15,14,4
27.69626,756.0,504.0,0.0,0.0,16,14,4
27.957668,774.0,504.0,0.0,0.0,16,14,4
28.094124,792.0,504.0,0.0,0.0,16,14,4
28.146294,792.0,504.0,0.0,0.0,16,15,4
28.173685,792.0,504.0,0.0,0.0,16,16,4
30.261932,792.0,522.0,0.0,0.0,16,15,4
30.271909,792.0,522.0,0.0,0.0,15,15,4
30.285781,792.0,522.0,0.0,0.0,16,15,4
30.505088,792.0,540.0,0.0,0.0,16,14,4
30.517978,792.0,540.0,0.0,0.0,15,14,4
30.532011,792.0,540.0,0.0,0.0,16,14,4
30.558059,810.0,540.0,0.0,0.0,16,14,4
30.586417,810.0,540.0,0.0,0.0,16,15,4
30.63232,810.0,558.0,0.0,0.0,16,14,4
30.642738,810.0,558.0,0.0,0.0,15,14,4
30.656239,810.0,558.0,0.0,0.0,16,14,4
30.783405,828.0,558.0,0.0,0.0,16,14,4
30.816616,828.0,558.0,0.0,0.0,16,15,4
30.835698,828.0,576.0,0.0,0.0,16,14,4
30.850147,828.0,576.0,0.0,0.0,15,14,4
30.867592,828.0,576.0,0.0,0.0,16,14,4
31.080619,846.0,576.0,0.0,0.0,16,14,4
31.107153,846.0,576.0,0.0,0.0,16,15,4
33.345036,846.0,594.0,0.0,0.0,16,14,4
33.360317,846.0,594.0,0.0,0.0,15,14,4
33.378716,846.0,594.0,0.0,0.0,16,14,4
33.659748,846.0,612.0,0.0,0.0,16,13,4
33.671901,846.0,612.0,0.0,0.0,15,13,4
33.686862,846.0,612.0,0.0,0.0,16,13,4
33.884863,864.0,612.0,0.0,0.0,16,13,4
33.92976,864.0,612.0,0.0,0.0,16,14,4
34.007692,864.0,630.0,0.0,0.0,16,13,4
34.018798,864.0,630.0,0.0,0.0,15,13,4
34.037757,864.0,630.0,0.0,0.0,16,13,4
34.0671,882.0,630.0,0.0,0.0,16,13,4
34.101269,882.0,648.0,0.0,0.0,16,12,4
34.118712,882.0,648.0,0.0,0.0,15,12,4
34.142596,882.0,648.0,0.0,0.0,16,12,4
34.317105,882.0,648.0,0.0,0.0,16,13,4
34.413072,900.0,648.0,0.0,0.0,16,13,4
34.58337,918.0,648.0,0.0,0.0,16,13,4
34.624855,918.0,666.0,0.0,0.0,16,12,4
34.639412,918.0,666.0,0.0,0.0,15,12,4
34.65656,918.0,666.0,0.0,0.0,16,12,4
34.824492,936.0,666.0,0.0,0.0,16,12,4
35.011461,954.0,666.0,0.0,0.0,16,12,4
35.026619,954.0,684.0,0.0,0.0,16,11,4
35.038018,954.0,684.0,0.0,0.0,15,11,4
35.050684,954.0,684.0,0.0,0.0,16,11,4
35.247485,972.0,684.0,0.0,0.0,16,11,4
35.425234,972.0,684.0,0.0,0.0,16,12,4
35.500884,972.0,684.0,0.0,0.0,16,13,4
35.538983,972.0,684.0,0.0,0.0,16,14,4
35.56266,972.0,684.0,0.0,0.0,16,15,4
35.595575,972.0,684.0,0.0,0.0,16,16,4
35.76347,972.0,702.0,0.0,0.0,16,15,4
35.781893,972.0,702.0,0.0,0.0,15,15,4
35.800732,972.0,702.0,0.0,0.0,16,15,4
36.105023,972.0,702.0,0.0,0.0,16,15,4
36.811891,972.0,720.0,0.0,0.0,16,14,4
36.828151,972.0,720.0,0.0,0.0,15,14,4
36.8516,972.0,720.0,0.0,0.0,16,14,4
36.934288,972.0,720.0,0.0,0.0,16,14,4
37.010264,972.0,234.0,486.0,0.0,16,14,4
37.497492,990.0,234.0,486.0,0.0,16,14,4
37.68714,990.0,252.0,486.0,0.0,16,13,4
37.699226,990.0,252.0,486.0,0.0,15,13,4
37.716458,990.0,252.0,486.0,0.0,16,13,4
37.757209,1008.0,252.0,486.0,0.0,16,13,4
37.783589,1008.0,270.0,486.0,0.0,16,12,4
37.802775,1008.0,270.0,486.0,0.0,15,12,4
37.824971,1008.0,270.0,486.0,0.0,16,12,4
37.954285,1026.0,270.0,486.0,0.0,16,12,4
38.010554,1026.0,288.0,486.0,0.0,16,11,4
38.025805,1026.0,288.0,486.0,0.0,15,11,4
38.04124,1026.0,288.0,486.0,0.0,16,11,4
38.184196,1026.0,288.0,486.0,0.0,16,12,4
38.235987,1026.0,306.0,486.0,0.0,16,11,4
38.247666,1026.0,306.0,486.0,0.0,15,11,4
38.259728,1026.0,306.0,486.0,0.0,16,11,4
38.463188,1044.0,306.0,486.0,0.0,16,11,4
38.529509,1044.0,306.0,486.0,0.0,16,12,4
38.590971,1044.0,306.0,486.0,0.0,16,13,4
38.752254,1062.0,306.0,486.0,0.0,16,13,4
38.884379,1062.0,306.0,486.0,0.0,16,14,4
38.903676,1062.0,306.0,486.0,0.0,16,15,4
39.402223,1062.0,324.0,486.0,0.0,16,14,4
39.416237,1062.0,324.0,486.0,0.0,15,14,4
39.430449,1062.0,324.0,486.0,0.0,16,14,4
39.481689,1062.0,342.0,486.0,0.0,16,13,4
39.494642,1062.0,342.0,486.0,0.0,15,13,4
39.513911,1062.0,342.0,486.0,0.0,16,13,4
39.720712,1080.0,342.0,486.0,0.0,16,13,4
39.871364,1080.0,342.0,486.0,0.0,16,14,4
39.886223,1098.0,342.0,486.0,0.0,16,14,4
39.946288,1098.0,342.0,486.0,0.0,16,15,4
40.042421,1098.0,342.0,0.0,486.0,16,15,4
40.099754,1098.0,342.0,0.0,486.0,16,15,4
40.205344,1080.0,342.0,0.0,468.0,16,15,4
40.240197,1062.0,342.0,0.0,450.0,16,15,4
40.268562,1044.0,342.0,0.0,432.0,16,15,4
40.301173,1026.0,342.0,0.0,414.0,16,15,4
40.333554,1008.0,342.0,0.0,396.0,16,15,4
40.359448,990.0,342.0,0.0,378.0,16,15,4
40.384208,972.0,342.0,0.0,360.0,16,15,4
40.389829,972.0,360.0,0.0,360.0,16,14,4
40.399731,972.0,360.0,0.0,360.0,15,14,4
40.41291,972.0,360.0,0.0,360.0,16,14,4
40.461098,954.0,360.0,0.0,342.0,16,14,4
40.4888,936.0,360.0,0.0,324.0,16,14,4
40.514588,918.0,360.0,0.0,306.0,16,14,4
40.540693,900.0,360.0,0.0,288.0,16,14,4
40.597195,882.0,360.0,0.0,270.0,16,14,4
40.699101,900.0,360.0,0.0,270.0,16,14,4
40.789115,882.0,360.0,0.0,252.0,16,14,4
40.929146,882.0,378.0,0.0,252.0,16,13,4
40.943112,882.0,378.0,0.0,252.0,15,13,4
40.958308,882.0,378.0,0.0,252.0,16,13,4
41.006043,900.0,378.0,0.0,252.0,16,13,4
41.057619,900.0,396.0,0.0,252.0,16,12,4
41.068938,900.0,396.0,0.0,252.0,15,12,4
41.085098,900.0,396.0,0.0,252.0,16,12,4
41.181764,882.0,396.0,0.0,234.0,16,12,4
41.3461,882.0,396.0,0.0,234.0,16,13,4
41.3672,882.0,396.0,0.0,234.0,16,14,4
41.382759,900.0,396.0,0.0,234.0,16,14,4
41.522194,918.0,396.0,0.0,234.0,16,14,4
41.628743,918.0,396.0,0.0,234.0,16,15,4
41.670938,900.0,396.0,0.0,216.0,16,15,4
41.725078,900.0,396.0,0.0,216.0,16,16,4
41.737145,882.0,396.0,0.0,198.0,16,16,4
41.764957,864.0,396.0,0.0,180.0,16,16,4
41.792502,846.0,396.0,0.0,162.0,16,16,4
41.815217,828.0,396.0,0.0,144.0,16,16,4
41.836977,810.0,396.0,0.0,126.0,16,16,4
41.864442,792.0,396.0,0.0,108.0,16,16,4
41.888499,774.0,396.0,0.0,90.0,16,16,4
41.913099,756.0,396.0,0.0,72.0,16,16,4
41.935466,738.0,396.0,0.0,54.0,16,16,4
41.947406,738.0,414.0,0.0,54.0,16,15,4
41.959885,738.0,414.0,0.0,54.0,15,15,4
41.974167,738.0,414.0,0.0,54.0,16,15,4
42.017857,720.0,414.0,0.0,36.0,16,15,4
42.04077,702.0,414.0,0.0,18.0,16,15,4
42.076709,684.0,414.0,0.0,0.0,16,15,4
42.093895,684.0,414.0,0.0,0.0,16,15,3
42.12732,684.0,414.0,0.0,0.0,16,15,4
42.288278,684.0,432.0,0.0,0.0,16,14,4
42.302986,684.0,432.0,0.0,0.0,15,14,4
42.321024,684.0,432.0,0.0,0.0,16,14,4
42.477973,684.0,432.0,0.0,0.0,16,14,4
42.494787,702.0,432.0,0.0,0.0,16,14,4
42.808194,702.0,432.0,0.0,0.0,16,15,4
42.891803,720.0,432.0,0.0,0.0,16,15,4
42.915551,720.0,432.0,0.0,0.0,16,16,4
43.696466,720.0,450.0,0.0,0.0,16,15,4
43.710141,720.0,450.0,0.0,0.0,15,15,4
43.72546,720.0,450.0,0.0,0.0,16,15,4
43.963091,738.0,450.0,0.0,0.0,16,15,4
43.994805,738.0,450.0,0.0,0.0,16,16,4
44.780677,738.0,468.0,0.0,0.0,16,15,4
44.793519,738.0,468.0,0.0,0.0,15,15,4
44.811235,738.0,468.0,0.0,0.0,16,15,4
45.325887,738.0,486.0,0.0,0.0,16,14,4
45.336931,738.0,486.0,0.0,0.0,15,14,4
45.348933,738.0,486.0,0.0,0.0,16,14,4
45.464116,738.0,504.0,0.0,0.0,16,13,4
45.476795,738.0,504.0,0.0,0.0,15,13,4
45.490725,738.0,504.0,0.0,0.0,16,13,4
45.598428,756.0,504.0,0.0,0.0,16,13,4
45.624891,756.0,504.0,0.0,0.0,16,14,4
46.53375,756.0,522.0,0.0,0.0,16,13,4
46.546856,756.0,522.0,0.0,0.0,15,13,4
46.559968,756.0,522.0,0.0,0.0,16,13,4
46.604768,756.0,540.0,0.0,0.0,16,12,4
46.616888,756.0,540.0,0.0,0.0,15,12,4
46.629934,756.0,540.0,0.0,0.0,16,12,4
46.806396,774.0,540.0,0.0,0.0,16,12,4
46.991434,774.0,540.0,0.0,0.0,16,13,4
47.009053,792.0,540.0,0.0,0.0,16,13,4
47.035168,792.0,540.0,0.0,0.0,16,14,4
47.35057,792.0,558.0,0.0,0.0,16,13,4
47.366323,792.0,558.0,0.0,0.0,15,13,4
47.389168,792.0,558.0,0.0,0.0,16,13,4
47.729531,792.0,558.0,0.0,0.0,16,13,4
48.17052,810.0,558.0,0.0,0.0,16,13,4
48.281428,828.0,558.0,0.0,0.0,16,13,4
48.313747,828.0,558.0,0.0,0.0,16,14,4
48.341876,828.0,576.0,0.0,0.0,16,13,4
48.357424,828.0,576.0,0.0,0.0,15,13,4
48.374783,828.0,576.0,0.0,0.0,16,13,4
48.417302,828.0,576.0,0.0,0.0,16,14,4
48.639655,846.0,576.0,0.0,0.0,16,14,4
48.661703,846.0,594.0,0.0,0.0,16,13,4
48.676325,846.0,594.0,0.0,0.0,15,13,4
48.690284,846.0,594.0,0.0,0.0,16,13,4
48.860285,864.0,594.0,0.0,0.0,16,13,4
49.004713,882.0,594.0,0.0,0.0,16,13,4
49.13894,882.0,594.0,0.0,0.0,16,14,4
49.155937,882.0,594.0,0.0,0.0,16,15,4
49.204376,882.0,594.0,0.0,0.0,16,16,4
49.251643,882.0,594.0,0.0,0.0,16,16,4
49.293878,882.0,108.0,486.0,0.0,16,16,4
49.466282,882.0,126.0,486.0,0.0,16,15,4
49.480921,882.0,126.0,486.0,0.0,15,15,4
49.497964,882.0,126.0,486.0,0.0,16,15,4
49.835428,900.0,126.0,486.0,0.0,16,15,4
49.9667,900.0,126.0,486.0,0.0,16,16,4
50.364691,900.0,126.0,0.0,486.0,16,16,4
50.394226,900.0,144.0,0.0,486.0,16,15,4
50.406542,900.0,144.0,0.0,486.0,15,15,4
50.422661,900.0,144.0,0.0,486.0,16,15,4
50.473253,900.0,144.0,0.0,486.0,16,15,4
50.587119,882.0,144.0,0.0,468.0,16,15,4
50.687627,900.0,144.0,0.0,468.0,16,15,4
50.758098,882.0,144.0,0.0,450.0,16,15,4
50.793971,864.0,144.0,0.0,432.0,16,15,4
50.823818,864.0,144.0,0.0,432.0,16,16,4
50.858925,846.0,144.0,0.0,414.0,16,16,4
50.885454,828.0,144.0,0.0,396.0,16,16,4
50.90924,810.0,144.0,0.0,378.0,16,16,4
50.935863,792.0,144.0,0.0,360.0,16,16,4
50.961161,774.0,144.0,0.0,342.0,16,16,4
50.988685,756.0,144.0,0.0,324.0,16,16,4
51.014479,738.0,144.0,0.0,306.0,16,16,4
51.038969,720.0,144.0,0.0,288.0,16,16,4
51.074418,720.0,162.0,0.0,288.0,16,15,4
51.091821,720.0,162.0,0.0,288.0,15,15,4
51.115699,720.0,162.0,0.0,288.0,16,15,4
51.155437,702.0,162.0,0.0,270.0,16,15,4
51.216412,684.0,162.0,0.0,252.0,16,15,4
51.241053,666.0,162.0,0.0,234.0,16,15,4
51.267768,648.0,162.0,0.0,216.0,16,15,4
51.294228,630.0,162.0,0.0,198.0,16,15,4
51.470754,648.0,162.0,0.0,198.0,16,15,4
51.523716,648.0,162.0,0.0,198.0,16,16,4
51.587296,630.0,162.0,0.0,180.0,16,16,4
51.615741,612.0,162.0,0.0,162.0,16,16,4
51.638817,594.0,162.0,0.0,144.0,16,16,4
51.664015,576.0,162.0,0.0,126.0,16,16,4
51.687881,558.0,162.0,0.0,108.0,16,16,4
51.712226,540.0,162.0,0.0,90.0,16,16,4
51.73872,522.0,162.0,0.0,72.0,16,16,4
51.763391,504.0,162.0,0.0,54.0,16,16,4
51.787487,486.0,162.0,0.0,36.0,16,16,4
51.809574,468.0,162.0,0.0,18.0,16,16,4
51.830352,450.0,162.0,0.0,0.0,16,16,4
51.841614,450.0,162.0,0.0,0.0,16,16,3
51.871044,450.0,162.0,0.0,0.0,16,16,4
51.886457,450.0,180.0,0.0,0.0,16,15,4
51.899013,450.0,180.0,0.0,0.0,15,15,4
51.912503,450.0,180.0,0.0,0.0,16,15,4
52.024874,450.0,180.0,0.0,0.0,16,15,4
52.343386,468.0,180.0,0.0,0.0,16,15,4
52.374869,468.0,180.0,0.0,0.0,16,16,4
53.348608,468.0,198.0,0.0,0.0,16,15,4
53.362333,468.0,198.0,0.0,0.0,15,15,4
53.376207,468.0,198.0,0.0,0.0,16,15,4
53.4626,468.0,216.0,0.0,0.0,16,14,4
53.475201,468.0,216.0,0.0,0.0,15,14,4
53.488578,468.0,216.0,0.0,0.0,16,14,4
53.713467,486.0,216.0,0.0,0.0,16,14,4
53.743881,486.0,216.0,0.0,0.0,16,15,4
54.530177,486.0,234.0,0.0,0.0,16,14,4
54.542575,486.0,234.0,0.0,0.0,15,14,4
54.557654,486.0,234.0,0.0,0.0,16,14,4
54.772001,504.0,234.0,0.0,0.0,16,14,4
54.801533,504.0,234.0,0.0,0.0,16,15,4
54.855916,504.0,252.0,0.0,0.0,16,14,4
54.869452,504.0,252.0,0.0,0.0,15,14,4
54.885235,504.0,252.0,0.0,0.0,16,14,4
54.96168,504.0,270.0,0.0,0.0,16,13,4
54.977509,504.0,270.0,0.0,0.0,15,13,4
54.999071,504.0,270.0,0.0,0.0,16,13,4
55.255862,522.0,270.0,0.0,0.0,16,13,4
55.283942,522.0,270.0,0.0,0.0,16,14,4
55.679467,522.0,288.0,0.0,0.0,16,13,4
55.690951,522.0,288.0,0.0,0.0,15,13,4
55.706193,522.0,288.0,0.0,0.0,16,13,4
56.57946,522.0,306.0,0.0,0.0,16,12,4
56.594136,522.0,306.0,0.0,0.0,15,12,4
56.614786,522.0,306.0,0.0,0.0,16,12,4
56.833644,540.0,306.0,0.0,0.0,16,12,4
56.867737,540.0,306.0,0.0,0.0,16,13,4
57.187698,540.0,324.0,0.0,0.0,16,12,4
57.196903,540.0,324.0,0.0,0.0,15,12,4
57.209407,540.0,324.0,0.0,0.0,16,12,4
57.391694,558.0,324.0,0.0,0.0,16,12,4
57.533564,576.0,324.0,0.0,0.0,16,12,4
57.563555,576.0,342.0,0.0,0.0,16,11,4
57.575154,576.0,342.0,0.0,0.0,15,11,4
57.590355,576.0,342.0,0.0,0.0,16,11,4
57.628518,576.0,342.0,0.0,0.0,16,12,4
57.657403,576.0,342.0,0.0,0.0,16,13,4
57.860377,594.0,342.0,0.0,0.0,16,13,4
57.890124,594.0,342.0,0.0,0.0,16,14,4
58.058269,594.0,360.0,0.0,0.0,16,13,4
58.074246,594.0,360.0,0.0,0.0,15,13,4
58.092124,594.0,360.0,0.0,0.0,16,13,4
58.127285,612.0,360.0,0.0,0.0,16,13,4
58.171236,612.0,360.0,0.0,0.0,16,14,4
58.362409,630.0,360.0,0.0,0.0,16,14,4
58.395635,630.0,360.0,0.0,0.0,16,15,4
58.921338,630.0,378.0,0.0,0.0,16,14,4
58.936401,630.0,378.0,0.0,0.0,15,14,4
58.952356,630.0,378.0,0.0,0.0,16,14,4
59.098809,648.0,378.0,0.0,0.0,16,14,4
59.281577,666.0,378.0,0.0,0.0,16,14,4
59.321395,666.0,378.0,0.0,0.0,16,15,4
59.357242,666.0,378.0,0.0,0.0,16,16,4
59.746222,666.0,396.0,0.0,0.0,16,15,4
59.757824,666.0,396.0,0.0,0.0,15,15,4
59.774143,666.0,396.0,0.0,0.0,16,15,4
59.980453,684.0,396.0,0.0,0.0,16,15,4
59.997142,684.0,414.0,0.0,0.0,16,14,4
60.008773,684.0,414.0,0.0,0.0,15,14,4
60.023582,684.0,414.0,0.0,0.0,16,14,4
60.057268,684.0,414.0,0.0,0.0,16,15,4
60.080211,684.0,432.0,0.0,0.0,16,14,4
60.090898,684.0,432.0,0.0,0.0,15,14,4
60.105862,684.0,432.0,0.0,0.0,16,14,4
60.275797,702.0,432.0,0.0,0.0,16,14,4
60.378874,720.0,432.0,0.0,0.0,16,14,4
60.420395,720.0,432.0,0.0,0.0,16,15,4
60.439737,720.0,432.0,0.0,0.0,16,16,4
60.8462,720.0,450.0,0.0,0.0,16,15,4
60.859799,720.0,450.0,0.0,0.0,15,15,4
60.876561,720.0,450.0,0.0,0.0,16,15,4
60.898609,720.0,468.0,0.0,0.0,16,14,4
60.910691,720.0,468.0,0.0,0.0,15,14,4
60.928395,720.0,468.0,0.0,0.0,16,14,4
60.979032,720.0,486.0,0.0,0.0,16,13,4
60.992751,720.0,486.0,0.0,0.0,15,13,4
61.009633,720.0,486.0,0.0,0.0,16,13,4
61.209788,738.0,486.0,0.0,0.0,16,13,4
61.34229,756.0,486.0,0.0,0.0,16,13,4
61.490191,756.0,504.0,0.0,0.0,16,12,4
61.50432,756.0,504.0,0.0,0.0,15,12,4
61.521919,756.0,504.0,0.0,0.0,16,12,4
61.553409,756.0,504.0,0.0,0.0,16,13,4
61.584609,774.0,504.0,0.0,0.0,16,13,4
61.621726,774.0,504.0,0.0,0.0,16,14,4
61.6396,774.0,504.0,0.0,0.0,16,15,4
61.781887,792.0,504.0,0.0,0.0,16,15,4
61.81024,792.0,504.0,0.0,0.0,16,16,4
63.631553,792.0,522.0,0.0,0.0,16,15,4
63.642873,792.0,522.0,0.0,0.0,15,15,4
63.654562,792.0,522.0,0.0,0.0,16,15,4
64.008302,792.0,540.0,0.0,0.0,16,14,4
64.022264,792.0,540.0,0.0,0.0,15,14,4
64.035504,792.0,540.0,0.0,0.0,16,14,4
64.106932,792.0,558.0,0.0,0.0,16,13,4
64.116671,792.0,558.0,0.0,0.0,15,13,4
64.130006,792.0,558.0,0.0,0.0,16,13,4
64.267483,810.0,558.0,0.0,0.0,16,13,4
64.372554,828.0,558.0,0.0,0.0,16,13,4
64.401596,828.0,558.0,0.0,0.0,16,14,4
64.425465,828.0,558.0,0.0,0.0,16,15,4
65.088755,828.0,576.0,0.0,0.0,16,14,4
65.100506,828.0,576.0,0.0,0.0,15,14,4
65.113427,828.0,576.0,0.0,0.0,16,14,4
65.292672,846.0,576.0,0.0,0.0,16,14,4
65.314159,846.0,576.0,0.0,0.0,16,15,4
65.37333,846.0,594.0,0.0,0.0,16,14,4
65.39101,846.0,594.0,0.0,0.0,15,14,4
65.414087,846.0,594.0,0.0,0.0,16,14,4
65.527314,846.0,612.0,0.0,0.0,16,13,4
65.541094,846.0,612.0,0.0,0.0,15,13,4
65.55889,846.0,612.0,0.0,0.0,16,13,4
65.788347,864.0,612.0,0.0,0.0,16,13,4
65.889952,864.0,612.0,0.0,0.0,16,14,4
66.015578,864.0,612.0,0.0,0.0,16,14,4
66.750421,864.0,630.0,0.0,0.0,16,13,4
66.76637,864.0,630.0,0.0,0.0,15,13,4
66.787576,864.0,630.0,0.0,0.0,16,13,4
66.816896,882.0,630.0,0.0,0.0,16,13,4
66.866865,882.0,630.0,0.0,0.0,16,14,4
66.931069,882.0,630.0,0.0,0.0,16,14,4
66.969098,882.0,144.0,486.0,0.0,16,14,4
67.494811,882.0,162.0,486.0,0.0,16,13,4
67.505083,882.0,162.0,486.0,0.0,15,13,4
67.517713,882.0,162.0,486.0,0.0,16,13,4
67.554454,900.0,162.0,486.0,0.0,16,13,4
67.868561,900.0,180.0,486.0,0.0,16,12,4
67.88034,900.0,180.0,486.0,0.0,15,12,4
67.895023,900.0,180.0,486.0,0.0,16,12,4
67.939843,918.0,180.0,486.0,0.0,16,12,4
67.971743,918.0,180.0,486.0,0.0,16,13,4
68.144137,936.0,180.0,486.0,0.0,16,13,4
68.235619,936.0,180.0,486.0,0.0,16,14,4
68.346353,954.0,180.0,486.0,0.0,16,14,4
68.467938,954.0,180.0,486.0,0.0,16,15,4
68.535789,954.0,198.0,486.0,0.0,16,14,4
68.547262,954.0,198.0,486.0,0.0,15,14,4
68.562302,954.0,198.0,486.0,0.0,16,14,4
68.626978,954.0,216.0,486.0,0.0,16,13,4
68.639295,954.0,216.0,486.0,0.0,15,13,4
68.654551,954.0,216.0,486.0,0.0,16,13,4
68.822335,972.0,216.0,486.0,0.0,16,13,4
69.006971,972.0,216.0,486.0,0.0,16,14,4
69.031478,990.0,216.0,486.0,0.0,16,14,4
69.126919,990.0,216.0,486.0,0.0,16,15,4
69.154914,990.0,216.0,486.0,0.0,16,16,4
69.300222,990.0,216.0,0.0,486.0,16,16,4
69.352034,990.0,216.0,0.0,486.0,16,16,4
69.424964,972.0,216.0,0.0,468.0,16,16,4
69.452721,954.0,216.0,0.0,450.0,16,16,4
69.477497,936.0,216.0,0.0,432.0,16,16,4
69.505993,918.0,216.0,0.0,414.0,16,16,4
69.5328,900.0,216.0,0.0,396.0,16,16,4
69.556502,882.0,216.0,0.0,378.0,16,16,4
69.578873,864.0,216.0,0.0,360.0,16,16,4
69.604392,846.0,216.0,0.0,342.0,16,16,4
69.631713,828.0,216.0,0.0,324.0,16,16,4
69.659227,810.0,216.0,0.0,306.0,16,16,4
69.688627,792.0,216.0,0.0,288.0,16,16,4
69.711645,774.0,216.0,0.0,270.0,16,16,4
69.733519,756.0,216.0,0.0,252.0,16,16,4
69.754765,738.0,216.0,0.0,234.0,16,16,4
69.784793,738.0,234.0,0.0,234.0,16,15,4
69.799986,738.0,234.0,0.0,234.0,15,15,4
69.818978,738.0,234.0,0.0,234.0,16,15,4
69.852649,720.0,234.0,0.0,216.0,16,15,4
69.883705,702.0,234.0,0.0,198.0,16,15,4
69.909311,684.0,234.0,0.0,180.0,16,15,4
69.931473,666.0,234.0,0.0,162.0,16,15,4
69.95531,648.0,234.0,0.0,144.0,16,15,4
69.97979,630.0,234.0,0.0,126.0,16,15,4
70.041815,612.0,234.0,0.0,108.0,16,15,4
70.194877,630.0,234.0,0.0,108.0,16,15,4
70.298029,630.0,234.0,0.0,108.0,16,16,4
70.317447,612.0,234.0,0.0,90.0,16,16,4
70.331634,612.0,252.0,0.0,90.0,16,15,4
70.345241,612.0,252.0,0.0,90.0,15,15,4
70.362152,612.0,252.0,0.0,90.0,16,15,4
70.420047,594.0,252.0,0.0,72.0,16,15,4
70.443783,576.0,252.0,0.0,54.0,16,15,4
70.468063,558.0,252.0,0.0,36.0,16,15,4
70.490804,540.0,252.0,0.0,18.0,16,15,4
70.620368,558.0,252.0,0.0,18.0,16,15,4
70.676374,540.0,252.0,0.0,0.0,16,15,4
70.688326,540.0,252.0,0.0,0.0,16,15,3
70.713671,540.0,252.0,0.0,0.0,16,16,3
70.745226,540.0,252.0,0.0,0.0,16,16,4
70.774614,540.0,252.0,0.0,0.0,16,16,4
71.454015,540.0,270.0,0.0,0.0,16,15,4
71.466369,540.0,270.0,0.0,0.0,15,15,4
71.481126,540.0,270.0,0.0,0.0,16,15,4
71.744758,558.0,270.0,0.0,0.0,16,15,4
71.771389,558.0,270.0,0.0,0.0,16,16,4
72.649059,558.0,288.0,0.0,0.0,16,15,4
72.663575,558.0,288.0,0.0,0.0,15,15,4
72.67906,558.0,288.0,0.0,0.0,16,15,4
72.921129,558.0,306.0,0.0,0.0,16,14,4
72.936842,558.0,306.0,0.0,0.0,15,14,4
72.956045,558.0,306.0,0.0,0.0,16,14,4
72.991081,576.0,306.0,0.0,0.0,16,14,4
73.060305,576.0,306.0,0.0,0.0,16,15,4
74.485531,576.0,324.0,0.0,0.0,16,14,4
74.496911,576.0,324.0,0.0,0.0,15,14,4
74.512413,576.0,324.0,0.0,0.0,16,14,4
74.764158,594.0,324.0,0.0,0.0,16,14,4
74.794791,594.0,324.0,0.0,0.0,16,15,4
75.956619,594.0,342.0,0.0,0.0,16,14,4
75.968824,594.0,342.0,0.0,0.0,15,14,4
75.986137,594.0,342.0,0.0,0.0,16,14,4
76.014986,612.0,342.0,0.0,0.0,16,14,4
76.05257,612.0,342.0,0.0,0.0,16,15,4
76.120209,612.0,360.0,0.0,0.0,16,14,4
76.131849,612.0,360.0,0.0,0.0,15,14,4
76.145168,612.0,360.0,0.0,0.0,16,14,4
76.186199,612.0,378.0,0.0,0.0,16,13,4
76.201007,612.0,378.0,0.0,0.0,15,13,4
76.219724,612.0,378.0,0.0,0.0,16,13,4
76.358002,630.0,378.0,0.0,0.0,16,13,4
76.536654,648.0,378.0,0.0,0.0,16,13,4
76.723546,666.0,378.0,0.0,0.0,16,13,4
76.767228,666.0,378.0,0.0,0.0,16,14,4
76.824262,666.0,378.0,0.0,0.0,16,15,4
76.850944,666.0,378.0,0.0,0.0,16,16,4
76.865302,666.0,396.0,0.0,0.0,16,15,4
76.880364,666.0,396.0,0.0,0.0,15,15,4
76.896206,666.0,396.0,0.0,0.0,16,15,4
76.922441,666.0,414.0,0.0,0.0,16,14,4
76.934641,666.0,414.0,0.0,0.0,15,14,4
76.949243,666.0,414.0,0.0,0.0,16,14,4
76.971919,666.0,432.0,0.0,0.0,16,13,4
76.985198,666.0,432.0,0.0,0.0,15,13,4
77.003798,666.0,432.0,0.0,0.0,16,13,4
77.38047,684.0,432.0,0.0,0.0,16,13,4
77.494056,702.0,432.0,0.0,0.0,16,13,4
77.545655,702.0,432.0,0.0,0.0,16,14,4
77.567598,702.0,432.0,0.0,0.0,16,15,4
78.114945,720.0,432.0,0.0,0.0,16,15,4
78.145293,720.0,432.0,0.0,0.0,16,16,4
78.244132,720.0,450.0,0.0,0.0,16,15,4
78.262049,720.0,450.0,0.0,0.0,15,15,4
78.283557,720.0,450.0,0.0,0.0,16,15,4
78.317504,720.0,468.0,0.0,0.0,16,14,4
78.334837,720.0,468.0,0.0,0.0,15,14,4
78.351357,720.0,468.0,0.0,0.0,16,14,4
78.596102,738.0,468.0,0.0,0.0,16,14,4
78.6267,738.0,468.0,0.0,0.0,16,15,4
79.628471,738.0,486.0,0.0,0.0,16,14,4
79.646124,738.0,486.0,0.0,0.0,15,14,4
79.666289,738.0,486.0,0.0,0.0,16,14,4
79.938535,738.0,504.0,0.0,0.0,16,13,4
79.956381,738.0,504.0,0.0,0.0,15,13,4
79.97574,738.0,504.0,0.0,0.0,16,13,4
80.569739,756.0,504.0,0.0,0.0,16,13,4
80.600948,756.0,504.0,0.0,0.0,16,14,4
80.862138,756.0,522.0,0.0,0.0,16,13,4
80.876373,756.0,522.0,0.0,0.0,15,13,4
80.897369,756.0,522.0,0.0,0.0,16,13,4
80.932429,774.0,522.0,0.0,0.0,16,13,4
80.953643,774.0,540.0,0.0,0.0,16,12,4
80.965285,774.0,540.0,0.0,0.0,15,12,4
80.979887,774.0,540.0,0.0,0.0,16,12,4
81.218747,792.0,540.0,0.0,0.0,16,12,4
81.432487,792.0,558.0,0.0,0.0,16,11,4
81.446459,792.0,558.0,0.0,0.0,15,11,4
81.462656,792.0,558.0,0.0,0.0,16,11,4
81.581004,810.0,558.0,0.0,0.0,16,11,4
81.827704,810.0,576.0,0.0,0.0,16,10,4
81.839249,810.0,576.0,0.0,0.0,15,10,4
81.851343,810.0,576.0,0.0,0.0,16,10,4
81.871641,810.0,576.0,0.0,0.0,16,11,4
81.891883,828.0,576.0,0.0,0.0,16,11,4
81.951564,828.0,576.0,0.0,0.0,16,12,4
82.101769,846.0,576.0,0.0,0.0,16,12,4
82.189928,846.0,576.0,0.0,0.0,16,13,4
82.210489,846.0,576.0,0.0,0.0,16,14,4
82.23869,846.0,576.0,0.0,0.0,16,15,4
82.686846,846.0,594.0,0.0,0.0,16,14,4
82.699546,846.0,594.0,0.0,0.0,15,14,4
82.717776,846.0,594.0,0.0,0.0,16,14,4
83.002881,864.0,594.0,0.0,0.0,16,14,4
83.129365,882.0,594.0,0.0,0.0,16,14,4
83.167071,882.0,594.0,0.0,0.0,16,15,4
83.365297,882.0,594.0,0.0,0.0,16,15,4
83.448803,882.0,594.0,0.0,0.0,16,16,4
83.58705,882.0,594.0,0.0,0.0,16,16,4
83.669739,882.0,108.0,486.0,0.0,16,16,4
84.407677,882.0,126.0,486.0,0.0,16,15,4
84.419252,882.0,126.0,486.0,0.0,15,15,4
84.434566,882.0,126.0,486.0,0.0,16,15,4
84.507528,882.0,126.0,0.0,486.0,16,15,4
84.523243,882.0,144.0,0.0,486.0,16,14,4
84.536313,882.0,144.0,0.0,486.0,15,14,4
84.551954,882.0,144.0,0.0,486.0,16,14,4
84.615974,882.0,144.0,0.0,486.0,16,14,4
84.70441,864.0,144.0,0.0,468.0,16,14,4
84.770158,846.0,144.0,0.0,450.0,16,14,4
84.882927,864.0,144.0,0.0,450.0,16,14,4
84.955678,864.0,144.0,0.0,450.0,16,15,4
84.966843,846.0,144.0,0.0,432.0,16,15,4
85.004087,828.0,144.0,0.0,414.0,16,15,4
85.030547,810.0,144.0,0.0,396.0,16,15,4
85.054544,792.0,144.0,0.0,378.0,16,15,4
85.077845,774.0,144.0,0.0,360.0,16,15,4
85.106753,756.0,144.0,0.0,342.0,16,15,4
85.132211,738.0,144.0,0.0,324.0,16,15,4
85.161731,720.0,144.0,0.0,306.0,16,15,4
85.189273,702.0,144.0,0.0,288.0,16,15,4
85.214263,684.0,144.0,0.0,270.0,16,15,4
85.237005,666.0,144.0,0.0,252.0,16,15,4
85.260737,648.0,144.0,0.0,234.0,16,15,4
85.288126,630.0,144.0,0.0,216.0,16,15,4
85.3102,612.0,144.0,0.0,198.0,16,15,4
85.326892,612.0,162.0,0.0,198.0,16,14,4
85.343746,612.0,162.0,0.0,198.0,15,14,4
85.362698,612.0,162.0,0.0,198.0,16,14,4
85.427037,594.0,162.0,0.0,180.0,16,14,4
85.452606,576.0,162.0,0.0,162.0,16,14,4
85.475265,558.0,162.0,0.0,144.0,16,14,4
85.499619,540.0,162.0,0.0,126.0,16,14,4
85.655518,558.0,162.0,0.0,126.0,16,14,4
85.736539,540.0,162.0,0.0,108.0,16,14,4
85.775845,522.0,162.0,0.0,90.0,16,14,4
85.812973,504.0,162.0,0.0,72.0,16,14,4
85.846354,486.0,162.0,0.0,54.0,16,14,4
85.887374,486.0,162.0,0.0,54.0,16,15,4
85.928138,468.0,162.0,0.0,36.0,16,15,4
85.956071,450.0,162.0,0.0,18.0,16,15,4
85.980814,432.0,162.0,0.0,0.0,16,15,4
85.991501,432.0,162.0,0.0,0.0,16,15,3
86.030182,432.0,162.0,0.0,0.0,16,15,4
86.071466,432.0,162.0,0.0,0.0,16,15,4
86.656984,432.0,180.0,0.0,0.0,16,14,4
86.668861,432.0,180.0,0.0,0.0,15,14,4
86.680765,432.0,180.0,0.0,0.0,16,14,4
86.702419,432.0,198.0,0.0,0.0,16,13,4
86.71478,432.0,198.0,0.0,0.0,15,13,4
86.728657,432.0,198.0,0.0,0.0,16,13,4
86.755016,432.0,216.0,0.0,0.0,16,12,4
86.768699,432.0,216.0,0.0,0.0,15,12,4
86.783428,432.0,216.0,0.0,0.0,16,12,4
86.809132,432.0,234.0,0.0,0.0,16,11,4
86.822492,432.0,234.0,0.0,0.0,15,11,4
86.839391,432.0,234.0,0.0,0.0,16,11,4
87.01472,450.0,234.0,0.0,0.0,16,11,4
87.18679,468.0,234.0,0.0,0.0,16,11,4
87.336349,486.0,234.0,0.0,0.0,16,11,4
87.352238,486.0,252.0,0.0,0.0,16,10,4
87.363786,486.0,252.0,0.0,0.0,15,10,4
87.377182,486.0,252.0,0.0,0.0,16,10,4
87.558917,486.0,270.0,0.0,0.0,16,9,4
87.575736,486.0,270.0,0.0,0.0,15,9,4
87.60045,486.0,270.0,0.0,0.0,16,9,4
87.639583,504.0,270.0,0.0,0.0,16,9,4
88.176377,504.0,270.0,0.0,0.0,16,10,4
88.196092,504.0,270.0,0.0,0.0,16,11,4
88.411939,504.0,270.0,0.0,0.0,16,12,4
88.430559,504.0,288.0,0.0,0.0,16,11,4
88.445675,504.0,288.0,0.0,0.0,15,11,4
88.465875,504.0,288.0,0.0,0.0,16,11,4
88.598325,504.0,288.0,0.0,0.0,16,12,4
88.614834,504.0,306.0,0.0,0.0,16,11,4
88.632224,504.0,306.0,0.0,0.0,15,11,4
88.655626,504.0,306.0,0.0,0.0,16,11,4
88.704116,522.0,306.0,0.0,0.0,16,11,4
88.847124,522.0,306.0,0.0,0.0,16,12,4
89.213083,540.0,306.0,0.0,0.0,16,12,4
89.3248,558.0,306.0,0.0,0.0,16,12,4
89.469536,576.0,306.0,0.0,0.0,16,12,4
89.503307,576.0,306.0,0.0,0.0,16,13,4
89.531477,576.0,306.0,0.0,0.0,16,14,4
89.696136,594.0,306.0,0.0,0.0,16,14,4
89.754919,594.0,324.0,0.0,0.0,16,13,4
89.766677,594.0,324.0,0.0,0.0,15,13,4
89.779772,594.0,324.0,0.0,0.0,16,13,4
89.8761,594.0,324.0,0.0,0.0,16,14,4
89.892888,594.0,324.0,0.0,0.0,16,15,4
90.02163,594.0,342.0,0.0,0.0,16,14,4
90.032934,594.0,342.0,0.0,0.0,15,14,4
90.048713,594.0,342.0,0.0,0.0,16,14,4
90.078912,612.0,342.0,0.0,0.0,16,14,4
90.104503,612.0,342.0,0.0,0.0,16,15,4
90.300244,630.0,342.0,0.0,0.0,16,15,4
90.329726,630.0,342.0,0.0,0.0,16,16,4
90.564563,630.0,360.0,0.0,0.0,16,15,4
90.574949,630.0,360.0,0.0,0.0,15,15,4
90.586335,630.0,360.0,0.0,0.0,16,15,4
90.774627,648.0,360.0,0.0,0.0,16,15,4
90.801112,648.0,360.0,0.0,0.0,16,16,4
92.176442,648.0,378.0,0.0,0.0,16,15,4
92.191892,648.0,378.0,0.0,0.0,15,15,4
92.20993,648.0,378.0,0.0,0.0,16,15,4
92.46788,666.0,378.0,0.0,0.0,16,15,4
92.500216,666.0,378.0,0.0,0.0,16,16,4
93.04848,666.0,396.0,0.0,0.0,16,15,4
93.063882,666.0,396.0,0.0,0.0,15,15,4
93.080679,666.0,396.0,0.0,0.0,16,15,4
93.499556,666.0,414.0,0.0,0.0,16,14,4
93.514657,666.0,414.0,0.0,0.0,15,14,4
93.540971,666.0,414.0,0.0,0.0,16,14,4
93.574054,666.0,432.0,0.0,0.0,16,13,4
93.59337,666.0,432.0,0.0,0.0,15,13,4
93.614167,666.0,432.0,0.0,0.0,16,13,4
93.793843,684.0,432.0,0.0,0.0,16,13,4
93.822596,684.0,432.0,0.0,0.0,16,14,4
94.646785,684.0,450.0,0.0,0.0,16,13,4
94.661224,684.0,450.0,0.0,0.0,15,13,4
94.676712,684.0,450.0,0.0,0.0,16,13,4
95.975946,684.0,468.0,0.0,0.0,16,12,4
95.987586,684.0,468.0,0.0,0.0,15,12,4
96.002904,684.0,468.0,0.0,0.0,16,12,4
96.026404,702.0,468.0,0.0,0.0,16,12,4
96.067045,702.0,468.0,0.0,0.0,16,13,4
96.228296,720.0,468.0,0.0,0.0,16,13,4
96.416256,720.0,468.0,0.0,0.0,16,14,4
96.435116,738.0,468.0,0.0,0.0,16,14,4
96.549566,738.0,486.0,0.0,0.0,16,13,4
96.560559,738.0,486.0,0.0,0.0,15,13,4
96.579395,738.0,486.0,0.0,0.0,16,13,4
96.6181,756.0,486.0,0.0,0.0,16,13,4
96.685944,756.0,486.0,0.0,0.0,16,14,4
96.801723,756.0,486.0,0.0,0.0,16,15,4
96.82005,774.0,486.0,0.0,0.0,16,15,4
96.843986,774.0,486.0,0.0,0.0,16,16,4
96.963521,774.0,504.0,0.0,0.0,16,15,4
96.977046,774.0,504.0,0.0,0.0,15,15,4
96.991885,774.0,504.0,0.0,0.0,16,15,4
97.219035,792.0,504.0,0.0,0.0,16,15,4
97.254995,792.0,504.0,0.0,0.0,16,16,4
98.43908,792.0,522.0,0.0,0.0,16,15,4
98.454486,792.0,522.0,0.0,0.0,15,15,4
98.471405,792.0,522.0,0.0,0.0,16,15,4
98.500036,792.0,540.0,0.0,0.0,16,14,4
98.513835,792.0,540.0,0.0,0.0,15,14,4
98.529119,792.0,540.0,0.0,0.0,16,14,4
98.732142,810.0,540.0,0.0,0.0,16,14,4
98.760558,810.0,540.0,0.0,0.0,16,15,4
98.881196,810.0,558.0,0.0,0.0,16,14,4
98.899578,810.0,558.0,0.0,0.0,15,14,4
98.92401,810.0,558.0,0.0,0.0,16,14,4
99.216001,828.0,558.0,0.0,0.0,16,14,4
99.255199,828.0,576.0,0.0,0.0,16,13,4
99.267559,828.0,576.0,0.0,0.0,15,13,4
99.283565,828.0,576.0,0.0,0.0,16,13,4
99.410632,828.0,576.0,0.0,0.0,16,14,4
99.497355,828.0,594.0,0.0,0.0,16,13,4
99.514015,828.0,594.0,0.0,0.0,15,13,4
99.534934,828.0,594.0,0.0,0.0,16,13,4
99.699909,846.0,594.0,0.0,0.0,16,13,4
99.84336,864.0,594.0,0.0,0.0,16,13,4
99.975828,864.0,612.0,0.0,0.0,16,12,4
99.990029,864.0,612.0,0.0,0.0,15,12,4
100.004884,864.0,612.0,0.0,0.0,16,12,4
100.033284,864.0,630.0,0.0,0.0,16,11,4
100.046903,864.0,630.0,0.0,0.0,15,11,4
100.065902,864.0,630.0,0.0,0.0,16,11,4
100.107277,864.0,630.0,0.0,0.0,16,12,4
100.144908,864.0,630.0,0.0,0.0,16,13,4
100.323218,882.0,630.0,0.0,0.0,16,13,4
100.360084,882.0,630.0,0.0,0.0,16,14,4
100.445917,882.0,630.0,0.0,0.0,16,14,4
100.839576,900.0,630.0,0.0,0.0,16,14,4
100.895901,900.0,630.0,0.0,0.0,16,15,4
100.998699,900.0,648.0,0.0,0.0,16,14,4
101.012169,900.0,648.0,0.0,0.0,15,14,4
101.026692,900.0,648.0,0.0,0.0,16,14,4
101.251893,918.0,648.0,0.0,0.0,16,14,4
101.282426,918.0,648.0,0.0,0.0,16,15,4
101.502998,918.0,648.0,0.0,0.0,16,15,4
101.588945,918.0,162.0,486.0,0.0,16,15,4
102.185749,918.0,180.0,486.0,0.0,16,14,4
102.19593,918.0,180.0,486.0,0.0,15,14,4
102.210264,918.0,180.0,486.0,0.0,16,14,4
102.524356,936.0,180.0,486.0,0.0,16,14,4
102.585145,936.0,180.0,486.0,0.0,16,15,4
102.657063,936.0,180.0,0.0,486.0,16,15,4
102.718528,936.0,180.0,0.0,486.0,16,15,4
102.816101,918.0,180.0,0.0,468.0,16,15,4
102.851288,900.0,180.0,0.0,450.0,16,15,4
102.883782,882.0,180.0,0.0,432.0,16,15,4
102.943214,864.0,180.0,0.0,414.0,16,15,4
103.048951,864.0,198.0,0.0,414.0,16,14,4
103.061534,864.0,198.0,0.0,414.0,15,14,4
103.072476,864.0,198.0,0.0,414.0,16,14,4
103.092847,882.0,198.0,0.0,414.0,16,14,4
103.153003,864.0,198.0,0.0,396.0,16,14,4
103.186309,846.0,198.0,0.0,378.0,16,14,4
103.19804,846.0,216.0,0.0,378.0,16,13,4
103.21256,846.0,216.0,0.0,378.0,15,13,4
103.228758,846.0,216.0,0.0,378.0,16,13,4
103.287582,828.0,216.0,0.0,360.0,16,13,4
103.434982,828.0,234.0,0.0,360.0,16,12,4
103.448062,828.0,234.0,0.0,360.0,15,12,4
103.464271,828.0,234.0,0.0,360.0,16,12,4
103.536049,846.0,234.0,0.0,360.0,16,12,4
103.610642,846.0,234.0,0.0,360.0,16,13,4
103.654006,828.0,234.0,0.0,342.0,16,13,4
103.769202,846.0,234.0,0.0,342.0,16,13,4
103.923409,864.0,234.0,0.0,342.0,16,13,4
103.938527,864.0,234.0,0.0,342.0,16,14,4
103.986679,846.0,234.0,0.0,324.0,16,14,4
104.033037,846.0,234.0,0.0,324.0,16,15,4
104.079401,828.0,234.0,0.0,306.0,16,15,4
104.109359,828.0,234.0,0.0,306.0,16,16,4
104.124453,810.0,234.0,0.0,288.0,16,16,4
104.156593,792.0,234.0,0.0,270.0,16,16,4
104.180008,774.0,234.0,0.0,252.0,16,16,4
104.204131,756.0,234.0,0.0,234.0,16,16,4
104.22919,738.0,234.0,0.0,216.0,16,16,4
104.253278,720.0,234.0,0.0,198.0,16,16,4
104.277239,702.0,234.0,0.0,180.0,16,16,4
104.302539,684.0,234.0,0.0,162.0,16,16,4
104.325138,666.0,234.0,0.0,144.0,16,16,4
104.346804,648.0,234.0,0.0,126.0,16,16,4
104.367254,630.0,234.0,0.0,108.0,16,16,4
104.389088,612.0,234.0,0.0,90.0,16,16,4
104.41093,594.0,234.0,0.0,72.0,16,16,4
104.4341,576.0,234.0,0.0,54.0,16,16,4
104.455966,558.0,234.0,0.0,36.0,16,16,4
104.47825,540.0,234.0,0.0,18.0,16,16,4
104.500107,522.0,234.0,0.0,0.0,16,16,4
104.51004,522.0,234.0,0.0,0.0,16,16,3
104.541437,522.0,234.0,0.0,0.0,16,16,4
104.670096,522.0,234.0,0.0,0.0,16,16,4
105.729414,522.0,252.0,0.0,0.0,16,15,4
105.745326,522.0,252.0,0.0,0.0,15,15,4
105.757645,522.0,252.0,0.0,0.0,16,15,4
105.979861,540.0,252.0,0.0,0.0,16,15,4
106.012632,540.0,252.0,0.0,0.0,16,16,4
106.067428,540.0,270.0,0.0,0.0,16,15,4
106.079904,540.0,270.0,0.0,0.0,15,15,4
106.095463,540.0,270.0,0.0,0.0,16,15,4
106.339361,540.0,288.0,0.0,0.0,16,14,4
106.355847,540.0,288.0,0.0,0.0,15,14,4
106.375647,540.0,288.0,0.0,0.0,16,14,4
106.407089,558.0,288.0,0.0,0.0,16,14,4
106.439216,558.0,306.0,0.0,0.0,16,13,4
106.451431,558.0,306.0,0.0,0.0,15,13,4
106.467961,558.0,306.0,0.0,0.0,16,13,4
106.67003,576.0,306.0,0.0,0.0,16,13,4
106.81494,576.0,306.0,0.0,0.0,16,14,4
106.833059,576.0,324.0,0.0,0.0,16,13,4
106.844663,576.0,324.0,0.0,0.0,15,13,4
106.857462,576.0,324.0,0.0,0.0,16,13,4
106.93633,576.0,324.0,0.0,0.0,16,14,4
106.957257,594.0,324.0,0.0,0.0,16,14,4
106.985182,594.0,324.0,0.0,0.0,16,15,4
107.092969,612.0,324.0,0.0,0.0,16,15,4
107.11803,612.0,324.0,0.0,0.0,16,16,4
108.127342,612.0,342.0,0.0,0.0,16,15,4
108.141158,612.0,342.0,0.0,0.0,15,15,4
108.16679,612.0,342.0,0.0,0.0,16,15,4
108.20038,612.0,360.0,0.0,0.0,16,14,4
108.216777,612.0,360.0,0.0,0.0,15,14,4
108.234975,612.0,360.0,0.0,0.0,16,14,4
108.418645,630.0,360.0,0.0,0.0,16,14,4
108.452251,630.0,360.0,0.0,0.0,16,15,4
109.487457,630.0,378.0,0.0,0.0,16,14,4
109.50574,630.0,378.0,0.0,0.0,15,14,4
109.526819,630.0,378.0,0.0,0.0,16,14,4
109.562299,630.0,396.0,0.0,0.0,16,13,4
109.574377,630.0,396.0,0.0,0.0,15,13,4
109.591657,630.0,396.0,0.0,0.0,16,13,4
109.625265,648.0,396.0,0.0,0.0,16,13,4
109.641264,648.0,414.0,0.0,0.0,16,12,4
109.654375,648.0,414.0,0.0,0.0,15,12,4
109.67085,648.0,414.0,0.0,0.0,16,12,4
109.951685,648.0,414.0,0.0,0.0,16,13,4
110.00747,666.0,414.0,0.0,0.0,16,13,4
110.161304,684.0,414.0,0.0,0.0,16,13,4
110.209288,684.0,414.0,0.0,0.0,16,14,4
110.398966,702.0,414.0,0.0,0.0,16,14,4
110.424179,702.0,414.0,0.0,0.0,16,15,4
110.467119,702.0,414.0,0.0,0.0,16,16,4
110.669111,702.0,432.0,0.0,0.0,16,15,4
110.680206,702.0,432.0,0.0,0.0,15,15,4
110.691916,702.0,432.0,0.0,0.0,16,15,4
110.888902,702.0,450.0,0.0,0.0,16,14,4
110.902379,702.0,450.0,0.0,0.0,15,14,4
110.916577,702.0,450.0,0.0,0.0,16,14,4
110.938795,720.0,450.0,0.0,0.0,16,14,4
110.961344,720.0,450.0,0.0,0.0,16,15,4
112.632993,720.0,468.0,0.0,0.0,16,14,4
112.644037,720.0,468.0,0.0,0.0,15,14,4
112.657792,720.0,468.0,0.0,0.0,16,14,4
112.679982,738.0,468.0,0.0,0.0,16,14,4
112.706029,738.0,486.0,0.0,0.0,16,13,4
112.718195,738.0,486.0,0.0,0.0,15,13,4
112.735707,738.0,486.0,0.0,0.0,16,13,4
112.778945,738.0,486.0,0.0,0.0,16,14,4
112.910143,756.0,486.0,0.0,0.0,16,14,4
112.937931,756.0,486.0,0.0,0.0,16,15,4
113.463509,774.0,486.0,0.0,0.0,16,15,4
113.492655,774.0,504.0,0.0,0.0,16,14,4
113.507265,774.0,504.0,0.0,0.0,15,14,4
113.526153,774.0,504.0,0.0,0.0,16,14,4
113.560982,774.0,504.0,0.0,0.0,16,15,4
113.589373,774.0,522.0,0.0,0.0,16,14,4
113.605896,774.0,522.0,0.0,0.0,15,14,4
113.624387,774.0,522.0,0.0,0.0,16,14,4
113.770498,792.0,522.0,0.0,0.0,16,14,4
113.810296,792.0,522.0,0.0,0.0,16,15,4
114.058493,792.0,522.0,0.0,0.0,16,15,4
114.557977,792.0,522.0,0.0,0.0,16,15,4
114.595524,792.0,36.0,486.0,0.0,16,15,4
115.371487,792.0,36.0,0.0,486.0,16,15,4
115.382312,792.0,54.0,0.0,486.0,16,14,4
115.395519,792.0,54.0,0.0,486.0,15,14,4
115.410948,792.0,54.0,0.0,486.0,16,14,4
115.473131,792.0,54.0,0.0,486.0,16,14,4
115.541836,774.0,54.0,0.0,468.0,16,14,4
115.572187,756.0,54.0,0.0,450.0,16,14,4
115.597515,738.0,54.0,0.0,432.0,16,14,4
115.623305,720.0,54.0,0.0,414.0,16,14,4
115.649685,702.0,54.0,0.0,396.0,16,14,4
115.671691,684.0,54.0,0.0,378.0,16,14,4
115.697811,666.0,54.0,0.0,360.0,16,14,4
115.723199,648.0,54.0,0.0,342.0,16,14,4
115.745784,630.0,54.0,0.0,324.0,16,14,4
115.768588,612.0,54.0,0.0,306.0,16,14,4
115.792903,594.0,54.0,0.0,288.0,16,14,4
115.799125,594.0,72.0,0.0,288.0,16,13,4
115.811604,594.0,72.0,0.0,288.0,15,13,4
115.829683,594.0,72.0,0.0,288.0,16,13,4
115.895821,576.0,72.0,0.0,270.0,16,13,4
115.919517,558.0,72.0,0.0,252.0,16,13,4
115.941577,540.0,72.0,0.0,234.0,16,13,4
115.994769,522.0,72.0,0.0,216.0,16,13,4
116.103393,540.0,72.0,0.0,216.0,16,13,4
116.239063,540.0,72.0,0.0,216.0,16,14,4
116.261698,540.0,90.0,0.0,216.0,16,13,4
116.273656,540.0,90.0,0.0,216.0,15,13,4
116.2911,540.0,90.0,0.0,216.0,16,13,4
116.324231,522.0,90.0,0.0,198.0,16,13,4
116.463974,522.0,108.0,0.0,198.0,16,12,4
116.479164,522.0,108.0,0.0,198.0,15,12,4
116.50072,522.0,108.0,0.0,198.0,16,12,4
116.553863,522.0,126.0,0.0,198.0,16,11,4
116.56969,522.0,126.0,0.0,198.0,15,11,4
116.588278,522.0,126.0,0.0,198.0,16,11,4
116.663775,540.0,126.0,0.0,198.0,16,11,4
116.722935,540.0,144.0,0.0,198.0,16,10,4
116.738528,540.0,144.0,0.0,198.0,15,10,4
116.756197,540.0,144.0,0.0,198.0,16,10,4
117.034412,540.0,144.0,0.0,198.0,16,11,4
117.055348,558.0,144.0,0.0,198.0,16,11,4
117.139132,558.0,144.0,0.0,198.0,16,12,4
117.157242,540.0,144.0,0.0,180.0,16,12,4
117.294424,558.0,144.0,0.0,180.0,16,12,4
117.457932,576.0,144.0,0.0,180.0,16,12,4
117.563831,558.0,144.0,0.0,162.0,16,12,4
117.602472,558.0,144.0,0.0,162.0,16,13,4
117.633642,558.0,144.0,0.0,162.0,16,14,4
117.676655,540.0,144.0,0.0,144.0,16,14,4
117.699248,522.0,144.0,0.0,126.0,16,14,4
117.720859,504.0,144.0,0.0,108.0,16,14,4
117.74335,486.0,144.0,0.0,90.0,16,14,4
117.765825,468.0,144.0,0.0,72.0,16,14,4
117.78994,450.0,144.0,0.0,54.0,16,14,4
117.816421,432.0,144.0,0.0,36.0,16,14,4
117.841459,414.0,144.0,0.0,18.0,16,14,4
117.864145,396.0,144.0,0.0,0.0,16,14,4
117.874162,396.0,144.0,0.0,0.0,16,14,3
117.908247,396.0,144.0,0.0,0.0,16,14,4
117.997491,396.0,162.0,0.0,0.0,16,13,4
118.01332,396.0,162.0,0.0,0.0,15,13,4
118.028425,396.0,162.0,0.0,0.0,16,13,4
118.085463,396.0,162.0,0.0,0.0,16,13,4
118.289597,414.0,162.0,0.0,0.0,16,13,4
118.323752,414.0,180.0,0.0,0.0,16,12,4
118.341533,414.0,180.0,0.0,0.0,15,12,4
118.36146,414.0,180.0,0.0,0.0,16,12,4
118.407816,414.0,198.0,0.0,0.0,16,11,4
118.420308,414.0,198.0,0.0,0.0,15,11,4
118.435248,414.0,198.0,0.0,0.0,16,11,4
118.474688,414.0,198.0,0.0,0.0,16,12,4
118.626889,432.0,198.0,0.0,0.0,16,12,4
118.656901,432.0,198.0,0.0,0.0,16,13,4
118.945283,450.0,198.0,0.0,0.0,16,13,4
119.059989,450.0,216.0,0.0,0.0,16,12,4
119.07152,450.0,216.0,0.0,0.0,15,12,4
119.087673,450.0,216.0,0.0,0.0,16,12,4
119.173841,450.0,216.0,0.0,0.0,16,13,4
119.193158,468.0,216.0,0.0,0.0,16,13,4
119.350546,486.0,216.0,0.0,0.0,16,13,4
119.395157,486.0,216.0,0.0,0.0,16,14,4
119.419702,486.0,216.0,0.0,0.0,16,15,4
119.580467,486.0,234.0,0.0,0.0,16,14,4
119.591742,486.0,234.0,0.0,0.0,15,14,4
119.610533,486.0,234.0,0.0,0.0,16,14,4
119.894035,504.0,234.0,0.0,0.0,16,14,4
119.927418,504.0,234.0,0.0,0.0,16,15,4
120.032264,504.0,252.0,0.0,0.0,16,14,4
120.046115,504.0,252.0,0.0,0.0,15,14,4
120.06527,504.0,252.0,0.0,0.0,16,14,4
120.348163,522.0,252.0,0.0,0.0,16,14,4
120.389093,522.0,252.0,0.0,0.0,16,15,4
121.24371,540.0,252.0,0.0,0.0,16,15,4
121.294957,540.0,252.0,0.0,0.0,16,16,4
121.311011,540.0,270.0,0.0,0.0,16,15,4
121.326084,540.0,270.0,0.0,0.0,15,15,4
121.345528,540.0,270.0,0.0,0.0,16,15,4
122.273367,558.0,270.0,0.0,0.0,16,15,4
122.316884,558.0,270.0,0.0,0.0,16,16,4
122.347254,558.0,288.0,0.0,0.0,16,15,4
122.360322,558.0,288.0,0.0,0.0,15,15,4
122.378978,558.0,288.0,0.0,0.0,16,15,4
122.683261,576.0,288.0,0.0,0.0,16,15,4
122.723682,576.0,288.0,0.0,0.0,16,16,4
123.068971,576.0,306.0,0.0,0.0,16,15,4
123.083982,576.0,306.0,0.0,0.0,15,15,4
123.103649,576.0,306.0,0.0,0.0,16,15,4
123.587701,594.0,306.0,0.0,0.0,16,15,4
123.60867,594.0,324.0,0.0,0.0,16,14,4
123.627138,594.0,324.0,0.0,0.0,15,14,4
123.653739,594.0,324.0,0.0,0.0,16,14,4
123.767398,594.0,324.0,0.0,0.0,16,15,4
123.975616,612.0,324.0,0.0,0.0,16,15,4
124.020691,612.0,324.0,0.0,0.0,16,16,4
124.192627,612.0,342.0,0.0,0.0,16,15,4
124.209105,612.0,342.0,0.0,0.0,15,15,4
124.227711,612.0,342.0,0.0,0.0,16,15,4
124.758863,612.0,360.0,0.0,0.0,16,14,4
124.772728,612.0,360.0,0.0,0.0,15,14,4
124.788012,612.0,360.0,0.0,0.0,16,14,4
124.998569,630.0,360.0,0.0,0.0,16,14,4
125.073898,630.0,360.0,0.0,0.0,16,15,4
125.412992,630.0,378.0,0.0,0.0,16,14,4
125.426374,630.0,378.0,0.0,0.0,15,14,4
125.445974,630.0,378.0,0.0,0.0,16,14,4
125.709437,648.0,378.0,0.0,0.0,16,14,4
125.789115,648.0,396.0,0.0,0.0,16,13,4
125.802688,648.0,396.0,0.0,0.0,15,13,4
125.823847,648.0,396.0,0.0,0.0,16,13,4
125.86076,648.0,396.0,0.0,0.0,16,14,4
126.093431,666.0,396.0,0.0,0.0,16,14,4
126.120297,666.0,396.0,0.0,0.0,16,15,4
126.352617,666.0,414.0,0.0,0.0,16,14,4
126.366335,666.0,414.0,0.0,0.0,15,14,4
126.38134,666.0,414.0,0.0,0.0,16,14,4
126.47918,666.0,432.0,0.0,0.0,16,13,4
126.495652,666.0,432.0,0.0,0.0,15,13,4
126.517574,666.0,432.0,0.0,0.0,16,13,4
126.701602,684.0,432.0,0.0,0.0,16,13,4
126.744966,684.0,432.0,0.0,0.0,16,14,4
126.885392,702.0,432.0,0.0,0.0,16,14,4
126.926857,702.0,432.0,0.0,0.0,16,15,4
127.97439,702.0,450.0,0.0,0.0,16,14,4
127.985184,702.0,450.0,0.0,0.0,15,14,4
128.011942,702.0,450.0,0.0,0.0,16,14,4
128.24289,702.0,468.0,0.0,0.0,16,13,4
128.259187,702.0,468.0,0.0,0.0,15,13,4
128.277895,702.0,468.0,0.0,0.0,16,13,4
128.356701,720.0,468.0,0.0,0.0,16,13,4
128.52242,738.0,468.0,0.0,0.0,16,13,4
128.726879,738.0,486.0,0.0,0.0,16,12,4
128.744204,738.0,486.0,0.0,0.0,15,12,4
128.764756,738.0,486.0,0.0,0.0,16,12,4
128.80792,738.0,504.0,0.0,0.0,16,11,4
128.820165,738.0,504.0,0.0,0.0,15,11,4
128.836153,738.0,504.0,0.0,0.0,16,11,4
128.89583,756.0,504.0,0.0,0.0,16,11,4
129.084971,774.0,504.0,0.0,0.0,16,11,4
129.123018,774.0,522.0,0.0,0.0,16,10,4
129.135258,774.0,522.0,0.0,0.0,15,10,4
129.157178,774.0,522.0,0.0,0.0,16,10,4
129.419029,774.0,522.0,0.0,0.0,16,11,4
129.446445,792.0,522.0,0.0,0.0,16,11,4
129.639232,792.0,522.0,0.0,0.0,16,12,4
129.700857,810.0,522.0,0.0,0.0,16,12,4
129.716993,810.0,522.0,0.0,0.0,16,13,4
129.736621,810.0,522.0,0.0,0.0,16,14,4
129.770276,810.0,522.0,0.0,0.0,16,15,4
129.798619,810.0,522.0,0.0,0.0,16,16,4
130.37646,810.0,540.0,0.0,0.0,16,15,4
130.390749,810.0,540.0,0.0,0.0,15,15,4
130.408094,810.0,540.0,0.0,0.0,16,15,4
130.65961,828.0,540.0,0.0,0.0,16,15,4
130.68519,828.0,540.0,0.0,0.0,16,16,4
130.839647,828.0,558.0,0.0,0.0,16,15,4
130.858947,828.0,558.0,0.0,0.0,15,15,4
130.888146,828.0,558.0,0.0,0.0,16,15,4
131.274556,828.0,576.0,0.0,0.0,16,14,4
131.297481,828.0,576.0,0.0,0.0,15,14,4
131.327681,828.0,576.0,0.0,0.0,16,14,4
131.370175,846.0,576.0,0.0,0.0,16,14,4
131.748675,864.0,576.0,0.0,0.0,16,14,4
131.820224,864.0,576.0,0.0,0.0,16,15,4
131.861278,864.0,576.0,0.0,0.0,16,16,4
132.061388,864.0,576.0,0.0,0.0,16,16,4
132.37993,864.0,576.0,0.0,0.0,16,16,4
132.414188,864.0,594.0,0.0,0.0,16,15,4
132.433655,864.0,594.0,0.0,0.0,15,15,4
132.455797,864.0,594.0,0.0,0.0,16,15,4
132.521368,864.0,108.0,486.0,0.0,16,15,4
132.796635,882.0,108.0,486.0,0.0,16,15,4
132.927387,882.0,108.0,486.0,0.0,16,16,4
134.061437,882.0,126.0,486.0,0.0,16,15,4
134.074906,882.0,126.0,486.0,0.0,15,15,4
134.094629,882.0,126.0,486.0,0.0,16,15,4
134.491225,882.0,126.0,0.0,486.0,16,15,4
134.590671,882.0,126.0,0.0,486.0,16,15,4
134.718757,864.0,126.0,0.0,468.0,16,15,4
134.768794,846.0,126.0,0.0,450.0,16,15,4
134.811817,828.0,126.0,0.0,432.0,16,15,4
134.850558,810.0,126.0,0.0,414.0,16,15,4
134.888392,792.0,126.0,0.0,396.0,16,15,4
134.925185,774.0,126.0,0.0,378.0,16,15,4
134.961565,756.0,126.0,0.0,360.0,16,15,4
134.998289,738.0,126.0,0.0,342.0,16,15,4
135.034116,720.0,126.0,0.0,324.0,16,15,4
135.070178,702.0,126.0,0.0,306.0,16,15,4
135.112122,684.0,126.0,0.0,288.0,16,15,4
135.170122,666.0,126.0,0.0,270.0,16,15,4
135.210415,648.0,126.0,0.0,252.0,16,15,4
135.24793,630.0,126.0,0.0,234.0,16,15,4
135.284985,612.0,126.0,0.0,216.0,16,15,4
135.321236,594.0,126.0,0.0,198.0,16,15,4
135.403662,576.0,126.0,0.0,180.0,16,15,4
135.530991,594.0,126.0,0.0,180.0,16,15,4
135.596747,576.0,126.0,0.0,162.0,16,15,4
135.6493,576.0,144.0,0.0,162.0,16,14,4
135.664147,576.0,144.0,0.0,162.0,15,14,4
135.68158,576.0,144.0,0.0,162.0,16,14,4
135.713011,576.0,144.0,0.0,162.0,16,15,4
135.77129,558.0,144.0,0.0,144.0,16,15,4
135.819409,540.0,144.0,0.0,126.0,16,15,4
135.871849,540.0,162.0,0.0,126.0,16,14,4
135.887688,540.0,162.0,0.0,126.0,15,14,4
135.908326,540.0,162.0,0.0,126.0,16,14,4
135.943848,522.0,162.0,0.0,108.0,16,14,4
136.045583,504.0,162.0,0.0,90.0,16,14,4
136.252208,522.0,162.0,0.0,90.0,16,14,4
136.397272,522.0,180.0,0.0,90.0,16,13,4
136.411717,522.0,180.0,0.0,90.0,15,13,4
136.43049,522.0,180.0,0.0,90.0,16,13,4
136.494115,540.0,180.0,0.0,90.0,16,13,4
136.642536,522.0,180.0,0.0,72.0,16,13,4
136.696242,522.0,180.0,0.0,72.0,16,14,4
136.73139,522.0,180.0,0.0,72.0,16,15,4
136.908448,540.0,180.0,0.0,72.0,16,15,4
136.941919,540.0,180.0,0.0,72.0,16,16,4
137.212689,522.0,180.0,0.0,54.0,16,16,4
137.308203,504.0,180.0,0.0,36.0,16,16,4
137.344241,486.0,180.0,0.0,18.0,16,16,4
137.373065,486.0,198.0,0.0,18.0,16,15,4
137.39468,486.0,198.0,0.0,18.0,15,15,4
137.424156,486.0,198.0,0.0,18.0,16,15,4
137.77159,504.0,198.0,0.0,18.0,16,15,4
137.810402,504.0,198.0,0.0,18.0,16,16,4
137.969071,486.0,198.0,0.0,0.0,16,16,4
138.001449,486.0,198.0,0.0,0.0,16,16,3
138.054347,486.0,198.0,0.0,0.0,16,16,4
138.108212,486.0,198.0,0.0,0.0,16,16,4
138.688742,486.0,216.0,0.0,0.0,16,15,4
138.704881,486.0,216.0,0.0,0.0,15,15,4
138.726062,486.0,216.0,0.0,0.0,16,15,4
138.86373,486.0,234.0,0.0,0.0,16,14,4
138.878066,486.0,234.0,0.0,0.0,15,14,4
138.891884,486.0,234.0,0.0,0.0,16,14,4
139.044968,486.0,252.0,0.0,0.0,16,13,4
139.061934,486.0,252.0,0.0,0.0,15,13,4
139.083324,486.0,252.0,0.0,0.0,16,13,4
139.120203,486.0,270.0,0.0,0.0,16,12,4
139.142854,486.0,270.0,0.0,0.0,15,12,4
139.171972,486.0,270.0,0.0,0.0,16,12,4
139.215395,504.0,270.0,0.0,0.0,16,12,4
139.386826,504.0,288.0,0.0,0.0,16,11,4
139.402065,504.0,288.0,0.0,0.0,15,11,4
139.422022,504.0,288.0,0.0,0.0,16,11,4
139.540974,504.0,288.0,0.0,0.0,16,12,4
139.745636,522.0,288.0,0.0,0.0,16,12,4
139.882704,522.0,306.0,0.0,0.0,16,11,4
139.904088,522.0,306.0,0.0,0.0,15,11,4
139.923644,522.0,306.0,0.0,0.0,16,11,4
139.968955,540.0,306.0,0.0,0.0,16,11,4
140.005215,540.0,306.0,0.0,0.0,16,12,4
140.040869,540.0,306.0,0.0,0.0,16,13,4
140.507867,558.0,306.0,0.0,0.0,16,13,4
140.671084,576.0,306.0,0.0,0.0,16,13,4
140.716033,576.0,306.0,0.0,0.0,16,14,4
140.918401,576.0,306.0,0.0,0.0,16,15,4
141.540873,576.0,324.0,0.0,0.0,16,14,4
141.563205,576.0,324.0,0.0,0.0,15,14,4
141.589109,576.0,324.0,0.0,0.0,16,14,4
141.791155,576.0,342.0,0.0,0.0,16,13,4
141.804628,576.0,342.0,0.0,0.0,15,13,4
141.821367,576.0,342.0,0.0,0.0,16,13,4
142.066495,594.0,342.0,0.0,0.0,16,13,4
142.240115,612.0,342.0,0.0,0.0,16,13,4
142.290817,612.0,342.0,0.0,0.0,16,14,4
142.563393,612.0,342.0,0.0,0.0,16,15,4
142.589388,630.0,342.0,0.0,0.0,16,15,4
142.651622,630.0,342.0,0.0,0.0,16,16,4
143.516847,630.0,360.0,0.0,0.0,16,15,4
143.533312,630.0,360.0,0.0,0.0,15,15,4
143.557514,630.0,360.0,0.0,0.0,16,15,4
143.61579,630.0,378.0,0.0,0.0,16,14,4
143.632891,630.0,378.0,0.0,0.0,15,14,4
143.658078,630.0,378.0,0.0,0.0,16,14,4
143.950025,648.0,378.0,0.0,0.0,16,14,4
144.000764,648.0,378.0,0.0,0.0,16,15,4
144.02493,648.0,396.0,0.0,0.0,16,14,4
144.045322,648.0,396.0,0.0,0.0,15,14,4
144.067041,648.0,396.0,0.0,0.0,16,14,4
144.274507,648.0,414.0,0.0,0.0,16,13,4
144.288707,648.0,414.0,0.0,0.0,15,13,4
144.308226,648.0,414.0,0.0,0.0,16,13,4
144.342054,666.0,414.0,0.0,0.0,16,13,4
144.375082,666.0,432.0,0.0,0.0,16,12,4
144.389099,666.0,432.0,0.0,0.0,15,12,4
144.408526,666.0,432.0,0.0,0.0,16,12,4
144.641359,684.0,432.0,0.0,0.0,16,12,4
144.8566,702.0,432.0,0.0,0.0,16,12,4
145.430241,702.0,432.0,0.0,0.0,16,13,4
146.090075,702.0,432.0,0.0,0.0,16,14,4
146.112571,702.0,450.0,0.0,0.0,16,13,4
146.130997,702.0,450.0,0.0,0.0,15,13,4
146.158076,702.0,450.0,0.0,0.0,16,13,4
146.223136,702.0,450.0,0.0,0.0,16,14,4
146.512571,720.0,450.0,0.0,0.0,16,14,4
146.69687,720.0,468.0,0.0,0.0,16,13,4
146.71261,720.0,468.0,0.0,0.0,15,13,4
146.731441,720.0,468.0,0.0,0.0,16,13,4
146.756684,720.0,486.0,0.0,0.0,16,12,4
146.771959,720.0,486.0,0.0,0.0,15,12,4
146.791128,720.0,486.0,0.0,0.0,16,12,4
146.84349,720.0,486.0,0.0,0.0,16,13,4
146.868706,738.0,486.0,0.0,0.0,16,13,4
146.992561,756.0,486.0,0.0,0.0,16,13,4
147.03739,756.0,486.0,0.0,0.0,16,14,4
147.170775,774.0,486.0,0.0,0.0,16,14,4
147.228441,774.0,486.0,0.0,0.0,16,15,4
147.260518,774.0,486.0,0.0,0.0,16,16,4
147.691786,774.0,504.0,0.0,0.0,16,15,4
147.712504,774.0,504.0,0.0,0.0,15,15,4
147.738229,774.0,504.0,0.0,0.0,16,15,4
147.881453,774.0,522.0,0.0,0.0,16,14,4
147.894183,774.0,522.0,0.0,0.0,15,14,4
147.909356,774.0,522.0,0.0,0.0,16,14,4
148.875516,792.0,522.0,0.0,0.0,16,14,4
148.994857,810.0,522.0,0.0,0.0,16,14,4
149.082344,810.0,540.0,0.0,0.0,16,13,4
149.10298,810.0,540.0,0.0,0.0,15,13,4
149.128538,810.0,540.0,0.0,0.0,16,13,4
149.174704,810.0,540.0,0.0,0.0,16,14,4
149.205849,810.0,558.0,0.0,0.0,16,13,4
149.223294,810.0,558.0,0.0,0.0,15,13,4
149.243896,810.0,558.0,0.0,0.0,16,13,4
149.282291,810.0,558.0,0.0,0.0,16,14,4
149.536228,828.0,558.0,0.0,0.0,16,14,4
149.698626,846.0,558.0,0.0,0.0,16,14,4
149.712428,846.0,558.0,0.0,0.0,16,15,4
149.745557,846.0,558.0,0.0,0.0,16,16,4
150.297154,846.0,576.0,0.0,0.0,16,15,4
150.311874,846.0,576.0,0.0,0.0,15,15,4
150.329148,846.0,576.0,0.0,0.0,16,15,4
150.576573,864.0,576.0,0.0,0.0,16,15,4
150.591345,864.0,594.0,0.0,0.0,16,14,4
150.606713,864.0,594.0,0.0,0.0,15,14,4
150.625649,864.0,594.0,0.0,0.0,16,14,4
150.68581,864.0,594.0,0.0,0.0,16,15,4
150.93365,882.0,594.0,0.0,0.0,16,15,4
150.966532,882.0,594.0,0.0,0.0,16,16,4
151.000347,882.0,612.0,0.0,0.0,16,15,4
151.01307,882.0,612.0,0.0,0.0,15,15,4
151.03383,882.0,612.0,0.0,0.0,16,15,4
151.514208,882.0,612.0,0.0,0.0,16,15,4
151.84317,882.0,612.0,0.0,0.0,16,15,4
151.915758,882.0,126.0,486.0,0.0,16,15,4
152.29077,882.0,144.0,486.0,0.0,16,14,4
152.307319,882.0,144.0,486.0,0.0,15,14,4
152.327789,882.0,144.0,486.0,0.0,16,14,4
152.575472,882.0,162.0,486.0,0.0,16,13,4
152.59142,882.0,162.0,486.0,0.0,15,13,4
152.611298,882.0,162.0,486.0,0.0,16,13,4
152.70317,900.0,162.0,486.0,0.0,16,13,4
152.979292,900.0,162.0,486.0,0.0,16,14,4
153.454863,900.0,162.0,0.0,486.0,16,14,4
153.516457,900.0,162.0,0.0,486.0,16,14,4
153.62583,882.0,162.0,0.0,468.0,16,14,4
153.659943,864.0,162.0,0.0,450.0,16,14,4
153.691861,846.0,162.0,0.0,432.0,16,14,4
153.717186,828.0,162.0,0.0,414.0,16,14,4
153.741134,810.0,162.0,0.0,396.0,16,14,4
153.779901,810.0,180.0,0.0,396.0,16,13,4
153.79746,810.0,180.0,0.0,396.0,15,13,4
153.819542,810.0,180.0,0.0,396.0,16,13,4
153.852815,792.0,180.0,0.0,378.0,16,13,4
153.864258,792.0,198.0,0.0,378.0,16,12,4
153.877177,792.0,198.0,0.0,378.0,15,12,4
153.895457,792.0,198.0,0.0,378.0,16,12,4
153.948859,774.0,198.0,0.0,360.0,16,12,4
154.018571,756.0,198.0,0.0,342.0,16,12,4
154.146797,774.0,198.0,0.0,342.0,16,12,4
154.373875,774.0,216.0,0.0,342.0,16,11,4
154.387066,774.0,216.0,0.0,342.0,15,11,4
154.404224,774.0,216.0,0.0,342.0,16,11,4
154.431142,792.0,216.0,0.0,342.0,16,11,4
154.470385,792.0,234.0,0.0,342.0,16,10,4
154.491721,792.0,234.0,0.0,342.0,15,10,4
154.516257,792.0,234.0,0.0,342.0,16,10,4
154.673157,792.0,234.0,0.0,342.0,16,11,4
154.839606,792.0,234.0,0.0,342.0,16,12,4
154.873261,810.0,234.0,0.0,342.0,16,12,4
155.040032,810.0,234.0,0.0,342.0,16,13,4
155.061146,828.0,234.0,0.0,342.0,16,13,4
155.205058,846.0,234.0,0.0,342.0,16,13,4
155.258415,846.0,234.0,0.0,342.0,16,14,4
155.327014,846.0,234.0,0.0,342.0,16,15,4
155.338742,828.0,234.0,0.0,324.0,16,15,4
155.371425,810.0,234.0,0.0,306.0,16,15,4
155.397228,792.0,234.0,0.0,288.0,16,15,4
155.425705,774.0,234.0,0.0,270.0,16,15,4
155.447221,756.0,234.0,0.0,252.0,16,15,4
155.471208,738.0,234.0,0.0,234.0,16,15,4
155.496796,720.0,234.0,0.0,216.0,16,15,4
155.519569,702.0,234.0,0.0,198.0,16,15,4
155.549657,702.0,252.0,0.0,198.0,16,14,4
155.564755,702.0,252.0,0.0,198.0,15,14,4
155.582994,702.0,252.0,0.0,198.0,16,14,4
155.612683,684.0,252.0,0.0,180.0,16,14,4
155.644015,666.0,252.0,0.0,162.0,16,14,4
155.666502,648.0,252.0,0.0,144.0,16,14,4
155.68862,630.0,252.0,0.0,126.0,16,14,4
155.711232,612.0,252.0,0.0,108.0,16,14,4
155.731912,594.0,252.0,0.0,90.0,16,14,4
155.756808,576.0,252.0,0.0,72.0,16,14,4
155.779522,558.0,252.0,0.0,54.0,16,14,4
155.8014,540.0,252.0,0.0,36.0,16,14,4
155.856467,522.0,252.0,0.0,18.0,16,14,4
155.958983,540.0,252.0,0.0,18.0,16,14,4
156.030101,540.0,252.0,0.0,18.0,16,15,4
156.046112,522.0,252.0,0.0,0.0,16,15,4
156.059139,522.0,252.0,0.0,0.0,16,15,3
156.097713,522.0,252.0,0.0,0.0,16,15,4
156.257861,522.0,252.0,0.0,0.0,16,15,4
156.684169,540.0,252.0,0.0,0.0,16,15,4
156.713467,540.0,252.0,0.0,0.0,16,16,4
157.355271,540.0,270.0,0.0,0.0,16,15,4
157.371932,540.0,270.0,0.0,0.0,15,15,4
157.395326,540.0,270.0,0.0,0.0,16,15,4
157.436123,540.0,288.0,0.0,0.0,16,14,4
157.446814,540.0,288.0,0.0,0.0,15,14,4
157.462449,540.0,288.0,0.0,0.0,16,14,4
157.709459,540.0,306.0,0.0,0.0,16,13,4
157.728066,540.0,306.0,0.0,0.0,15,13,4
157.750865,540.0,306.0,0.0,0.0,16,13,4
157.792309,558.0,306.0,0.0,0.0,16,13,4
157.828837,558.0,306.0,0.0,0.0,16,14,4
158.058734,576.0,306.0,0.0,0.0,16,14,4
158.185947,576.0,306.0,0.0,0.0,16,15,4
158.800795,576.0,324.0,0.0,0.0,16,14,4
158.815888,576.0,324.0,0.0,0.0,15,14,4
158.832243,576.0,324.0,0.0,0.0,16,14,4
158.915835,576.0,342.0,0.0,0.0,16,13,4
158.927681,576.0,342.0,0.0,0.0,15,13,4
158.946873,576.0,342.0,0.0,0.0,16,13,4
159.409457,594.0,342.0,0.0,0.0,16,13,4
159.441518,594.0,342.0,0.0,0.0,16,14,4
159.464342,594.0,360.0,0.0,0.0,16,13,4
159.480735,594.0,360.0,0.0,0.0,15,13,4
159.498961,594.0,360.0,0.0,0.0,16,13,4
159.600114,594.0,378.0,0.0,0.0,16,12,4
159.611554,594.0,378.0,0.0,0.0,15,12,4
159.627436,594.0,378.0,0.0,0.0,16,12,4
159.804052,612.0,378.0,0.0,0.0,16,12,4
159.905416,612.0,396.0,0.0,0.0,16,11,4
159.918262,612.0,396.0,0.0,0.0,15,11,4
159.937334,612.0,396.0,0.0,0.0,16,11,4
159.968037,630.0,396.0,0.0,0.0,16,11,4
160.008631,630.0,396.0,0.0,0.0,16,12,4
160.212534,648.0,396.0,0.0,0.0,16,12,4
160.290194,648.0,396.0,0.0,0.0,16,13,4
160.30636,648.0,396.0,0.0,0.0,16,14,4
161.185635,666.0,396.0,0.0,0.0,16,14,4
161.232826,666.0,414.0,0.0,0.0,16,13,4
161.249136,666.0,414.0,0.0,0.0,15,13,4
161.268415,666.0,414.0,0.0,0.0,16,13,4
161.315515,666.0,414.0,0.0,0.0,16,14,4
161.412646,666.0,432.0,0.0,0.0,16,13,4
161.426448,666.0,432.0,0.0,0.0,15,13,4
161.445359,666.0,432.0,0.0,0.0,16,13,4
161.484631,684.0,432.0,0.0,0.0,16,13,4
161.514436,684.0,432.0,0.0,0.0,16,14,4
161.675397,702.0,432.0,0.0,0.0,16,14,4
161.68927,702.0,450.0,0.0,0.0,16,13,4
161.704159,702.0,450.0,0.0,0.0,15,13,4
161.732275,702.0,450.0,0.0,0.0,16,13,4
162.032263,720.0,450.0,0.0,0.0,16,13,4
162.046533,720.0,450.0,0.0,0.0,16,14,4
162.079723,720.0,450.0,0.0,0.0,16,15,4
162.451635,720.0,468.0,0.0,0.0,16,14,4
162.463586,720.0,468.0,0.0,0.0,15,14,4
162.480423,720.0,468.0,0.0,0.0,16,14,4
162.712329,738.0,468.0,0.0,0.0,16,14,4
162.738583,738.0,468.0,0.0,0.0,16,15,4
163.90295,738.0,486.0,0.0,0.0,16,14,4
163.916624,738.0,486.0,0.0,0.0,15,14,4
163.934416,738.0,486.0,0.0,0.0,16,14,4
164.110467,756.0,486.0,0.0,0.0,16,14,4
164.146391,756.0,486.0,0.0,0.0,16,15,4
164.188293,756.0,504.0,0.0,0.0,16,14,4
164.202396,756.0,504.0,0.0,0.0,15,14,4
164.221443,756.0,504.0,0.0,0.0,16,14,4
164.469467,774.0,504.0,0.0,0.0,16,14,4
164.504837,774.0,504.0,0.0,0.0,16,15,4
164.628538,792.0,504.0,0.0,0.0,16,15,4
164.651327,792.0,504.0,0.0,0.0,16,16,4
164.669662,792.0,522.0,0.0,0.0,16,15,4
164.688101,792.0,522.0,0.0,0.0,15,15,4
164.715105,792.0,522.0,0.0,0.0,16,15,4
165.414773,792.0,540.0,0.0,0.0,16,14,4
165.437512,792.0,540.0,0.0,0.0,15,14,4
165.462566,792.0,540.0,0.0,0.0,16,14,4
165.800065,810.0,540.0,0.0,0.0,16,14,4
165.842902,810.0,540.0,0.0,0.0,16,15,4
165.911145,810.0,558.0,0.0,0.0,16,14,4
165.93218,810.0,558.0,0.0,0.0,15,14,4
165.955986,810.0,558.0,0.0,0.0,16,14,4
166.322194,810.0,576.0,0.0,0.0,16,13,4
166.338319,810.0,576.0,0.0,0.0,15,13,4
166.358081,810.0,576.0,0.0,0.0,16,13,4
166.391759,828.0,576.0,0.0,0.0,16,13,4
166.441049,828.0,576.0,0.0,0.0,16,14,4
166.581661,846.0,576.0,0.0,0.0,16,14,4
166.607021,846.0,576.0,0.0,0.0,16,15,4
167.208062,864.0,576.0,0.0,0.0,16,15,4
167.236388,864.0,576.0,0.0,0.0,16,16,4
167.258704,864.0,594.0,0.0,0.0,16,15,4
167.274857,864.0,594.0,0.0,0.0,15,15,4
167.297216,864.0,594.0,0.0,0.0,16,15,4
167.724008,864.0,594.0,0.0,0.0,16,15,4
167.794138,864.0,612.0,0.0,0.0,16,14,4
167.80972,864.0,612.0,0.0,0.0,15,14,4
167.830184,864.0,612.0,0.0,0.0,16,14,4
168.070655,882.0,612.0,0.0,0.0,16,14,4
168.101996,882.0,612.0,0.0,0.0,16,15,4
168.19873,882.0,612.0,0.0,0.0,16,15,4
168.245389,882.0,126.0,486.0,0.0,16,15,4
168.56344,882.0,144.0,486.0,0.0,16,14,4
168.577659,882.0,144.0,486.0,0.0,15,14,4
168.59631,882.0,144.0,486.0,0.0,16,14,4
169.1261,882.0,144.0,0.0,486.0,16,14,4
169.186726,882.0,144.0,0.0,486.0,16,14,4
169.265516,864.0,144.0,0.0,468.0,16,14,4
169.272498,864.0,162.0,0.0,468.0,16,13,4
169.283324,864.0,162.0,0.0,468.0,15,13,4
169.300897,864.0,162.0,0.0,468.0,16,13,4
169.357635,846.0,162.0,0.0,450.0,16,13,4
169.381726,828.0,162.0,0.0,432.0,16,13,4
169.406191,810.0,162.0,0.0,414.0,16,13,4
169.518923,828.0,162.0,0.0,414.0,16,13,4
169.621213,810.0,162.0,0.0,396.0,16,13,4
169.74134,810.0,162.0,0.0,396.0,16,14,4
169.754598,828.0,162.0,0.0,396.0,16,14,4
169.794775,828.0,180.0,0.0,396.0,16,13,4
169.808029,828.0,180.0,0.0,396.0,15,13,4
169.821708,828.0,180.0,0.0,396.0,16,13,4
169.897573,828.0,180.0,0.0,396.0,16,14,4
169.90966,810.0,180.0,0.0,378.0,16,14,4
169.950859,792.0,180.0,0.0,360.0,16,14,4
169.980064,774.0,180.0,0.0,342.0,16,14,4
170.031407,756.0,180.0,0.0,324.0,16,14,4
170.136239,756.0,198.0,0.0,324.0,16,13,4
170.157805,756.0,198.0,0.0,324.0,15,13,4
170.179573,756.0,198.0,0.0,324.0,16,13,4
170.215206,774.0,198.0,0.0,324.0,16,13,4
170.270752,756.0,198.0,0.0,306.0,16,13,4
170.299727,738.0,198.0,0.0,288.0,16,13,4
170.350109,720.0,198.0,0.0,270.0,16,13,4
170.378926,720.0,198.0,0.0,270.0,16,14,4
170.41313,702.0,198.0,0.0,252.0,16,14,4
170.439924,684.0,198.0,0.0,234.0,16,14,4
170.46406,666.0,198.0,0.0,216.0,16,14,4
170.484946,648.0,198.0,0.0,198.0,16,14,4
170.509575,630.0,198.0,0.0,180.0,16,14,4
170.533412,612.0,198.0,0.0,162.0,16,14,4
170.55572,594.0,198.0,0.0,144.0,16,14,4
170.60491,576.0,198.0,0.0,126.0,16,14,4
170.706094,594.0,198.0,0.0,126.0,16,14,4
170.746737,594.0,198.0,0.0,126.0,16,15,4
170.779318,594.0,216.0,0.0,126.0,16,14,4
170.799847,594.0,216.0,0.0,126.0,15,14,4
170.824406,594.0,216.0,0.0,126.0,16,14,4
170.928736,576.0,216.0,0.0,108.0,16,14,4
170.952936,558.0,216.0,0.0,90.0,16,14,4
170.974903,540.0,216.0,0.0,72.0,16,14,4
170.997668,522.0,216.0,0.0,54.0,16,14,4
171.020931,504.0,216.0,0.0,36.0,16,14,4
171.041795,486.0,216.0,0.0,18.0,16,14,4
171.063462,468.0,216.0,0.0,0.0,16,14,4
171.073354,468.0,216.0,0.0,0.0,16,14,3
171.10633,468.0,216.0,0.0,0.0,16,14,4
171.247338,468.0,216.0,0.0,0.0,16,14,4
171.746157,486.0,216.0,0.0,0.0,16,14,4
171.761319,486.0,234.0,0.0,0.0,16,13,4
171.776193,486.0,234.0,0.0,0.0,15,13,4
171.794716,486.0,234.0,0.0,0.0,16,13,4
171.840619,486.0,234.0,0.0,0.0,16,14,4
172.075491,504.0,234.0,0.0,0.0,16,14,4
172.105391,504.0,234.0,0.0,0.0,16,15,4
172.131612,504.0,252.0,0.0,0.0,16,14,4
172.144301,504.0,252.0,0.0,0.0,15,14,4
172.167465,504.0,252.0,0.0,0.0,16,14,4
172.415951,522.0,252.0,0.0,0.0,16,14,4
172.449762,522.0,252.0,0.0,0.0,16,15,4
172.8786,540.0,252.0,0.0,0.0,16,15,4
172.918929,540.0,252.0,0.0,0.0,16,16,4
173.276208,540.0,270.0,0.0,0.0,16,15,4
173.290941,540.0,270.0,0.0,0.0,15,15,4
173.309177,540.0,270.0,0.0,0.0,16,15,4
173.567512,540.0,288.0,0.0,0.0,16,14,4
173.581485,540.0,288.0,0.0,0.0,15,14,4
173.5978,540.0,288.0,0.0,0.0,16,14,4
173.629733,558.0,288.0,0.0,0.0,16,14,4
173.665892,558.0,288.0,0.0,0.0,16,15,4
173.862504,558.0,306.0,0.0,0.0,16,14,4
173.877304,558.0,306.0,0.0,0.0,15,14,4
173.895823,558.0,306.0,0.0,0.0,16,14,4
173.933827,576.0,306.0,0.0,0.0,16,14,4
173.956714,576.0,324.0,0.0,0.0,16,13,4
173.971906,576.0,324.0,0.0,0.0,15,13,4
173.992897,576.0,324.0,0.0,0.0,16,13,4
174.041445,576.0,324.0,0.0,0.0,16,14,4
174.185061,594.0,324.0,0.0,0.0,16,14,4
174.213849,594.0,324.0,0.0,0.0,16,15,4
175.555003,594.0,342.0,0.0,0.0,16,14,4
175.570173,594.0,342.0,0.0,0.0,15,14,4
175.585882,594.0,342.0,0.0,0.0,16,14,4
175.657374,594.0,360.0,0.0,0.0,16,13,4
175.672359,594.0,360.0,0.0,0.0,15,13,4
175.688685,594.0,360.0,0.0,0.0,16,13,4
175.940419,612.0,360.0,0.0,0.0,16,13,4
176.049264,630.0,360.0,0.0,0.0,16,13,4
176.201957,630.0,378.0,0.0,0.0,16,12,4
176.218669,630.0,378.0,0.0,0.0,15,12,4
176.244528,630.0,378.0,0.0,0.0,16,12,4
176.277563,630.0,396.0,0.0,0.0,16,11,4
176.29204,630.0,396.0,0.0,0.0,15,11,4
176.311928,630.0,396.0,0.0,0.0,16,11,4
176.384694,648.0,396.0,0.0,0.0,16,11,4
176.56775,648.0,414.0,0.0,0.0,16,10,4
176.585224,648.0,414.0,0.0,0.0,15,10,4
176.606061,648.0,414.0,0.0,0.0,16,10,4
176.667381,666.0,414.0,0.0,0.0,16,10,4
176.938876,666.0,414.0,0.0,0.0,16,11,4
177.032131,684.0,414.0,0.0,0.0,16,11,4
177.162588,702.0,414.0,0.0,0.0,16,11,4
177.219791,702.0,414.0,0.0,0.0,16,12,4
177.316977,702.0,414.0,0.0,0.0,16,13,4
177.389564,702.0,414.0,0.0,0.0,16,14,4
177.439379,702.0,414.0,0.0,0.0,16,15,4
178.057128,702.0,414.0,0.0,0.0,16,16,4
178.489616,702.0,432.0,0.0,0.0,16,15,4
178.504,702.0,432.0,0.0,0.0,15,15,4
178.525801,702.0,432.0,0.0,0.0,16,15,4
178.63298,702.0,450.0,0.0,0.0,16,14,4
178.646179,702.0,450.0,0.0,0.0,15,14,4
178.662778,702.0,450.0,0.0,0.0,16,14,4
178.692546,702.0,468.0,0.0,0.0,16,13,4
178.710811,702.0,468.0,0.0,0.0,15,13,4
178.731944,702.0,468.0,0.0,0.0,16,13,4
178.905732,702.0,486.0,0.0,0.0,16,12,4
178.919677,702.0,486.0,0.0,0.0,15,12,4
178.937373,702.0,486.0,0.0,0.0,16,12,4
179.015749,720.0,486.0,0.0,0.0,16,12,4
179.130784,738.0,486.0,0.0,0.0,16,12,4
179.239276,738.0,504.0,0.0,0.0,16,11,4
179.259912,738.0,504.0,0.0,0.0,15,11,4
179.290513,738.0,504.0,0.0,0.0,16,11,4
179.473902,756.0,504.0,0.0,0.0,16,11,4
179.743965,774.0,504.0,0.0,0.0,16,11,4
179.815433,774.0,504.0,0.0,0.0,16,12,4
179.834085,774.0,504.0,0.0,0.0,16,13,4
180.04926,774.0,504.0,0.0,0.0,16,14,4
180.085587,774.0,504.0,0.0,0.0,16,15,4
180.109139,792.0,504.0,0.0,0.0,16,15,4
180.235262,792.0,504.0,0.0,0.0,16,16,4
181.037357,792.0,522.0,0.0,0.0,16,15,4
181.051116,792.0,522.0,0.0,0.0,15,15,4
181.066955,792.0,522.0,0.0,0.0,16,15,4
181.12782,792.0,540.0,0.0,0.0,16,14,4
181.139422,792.0,540.0,0.0,0.0,15,14,4
181.163065,792.0,540.0,0.0,0.0,16,14,4
181.288027,792.0,558.0,0.0,0.0,16,13,4
181.301396,792.0,558.0,0.0,0.0,15,13,4
181.31638,792.0,558.0,0.0,0.0,16,13,4
181.465187,810.0,558.0,0.0,0.0,16,13,4
181.598603,828.0,558.0,0.0,0.0,16,13,4
181.785212,846.0,558.0,0.0,0.0,16,13,4
181.836744,846.0,558.0,0.0,0.0,16,14,4
181.905598,846.0,558.0,0.0,0.0,16,15,4
181.919832,846.0,558.0,0.0,0.0,16,16,4
182.059357,846.0,576.0,0.0,0.0,16,15,4
182.076935,846.0,576.0,0.0,0.0,15,15,4
182.098863,846.0,576.0,0.0,0.0,16,15,4
182.591504,864.0,576.0,0.0,0.0,16,15,4
182.621189,864.0,576.0,0.0,0.0,16,16,4
182.971546,864.0,576.0,0.0,0.0,16,16,4
183.597844,864.0,594.0,0.0,0.0,16,15,4
183.612096,864.0,594.0,0.0,0.0,15,15,4
183.626934,864.0,594.0,0.0,0.0,16,15,4
183.851309,864.0,612.0,0.0,0.0,16,14,4
183.865788,864.0,612.0,0.0,0.0,15,14,4
183.880787,864.0,612.0,0.0,0.0,16,14,4
184.140372,882.0,612.0,0.0,0.0,16,14,4
184.161331,882.0,630.0,0.0,0.0,16,13,4
184.175137,882.0,630.0,0.0,0.0,15,13,4
184.190971,882.0,630.0,0.0,0.0,16,13,4
184.276985,882.0,630.0,0.0,0.0,16,14,4
184.344951,882.0,630.0,0.0,0.0,16,14,4
184.492978,882.0,144.0,486.0,0.0,16,14,4
184.668987,900.0,144.0,486.0,0.0,16,14,4
184.786094,918.0,144.0,486.0,0.0,16,14,4
184.832432,918.0,162.0,486.0,0.0,16,13,4
184.84833,918.0,162.0,486.0,0.0,15,13,4
184.866979,918.0,162.0,486.0,0.0,16,13,4
184.901711,918.0,180.0,486.0,0.0,16,12,4
184.916646,918.0,180.0,486.0,0.0,15,12,4
184.937783,918.0,180.0,486.0,0.0,16,12,4
185.275124,936.0,180.0,486.0,0.0,16,12,4
185.293155,936.0,180.0,486.0,0.0,16,13,4
185.507031,954.0,180.0,486.0,0.0,16,13,4
185.680914,954.0,198.0,486.0,0.0,16,12,4
185.695172,954.0,198.0,486.0,0.0,15,12,4
185.714751,954.0,198.0,486.0,0.0,16,12,4
185.748719,954.0,198.0,486.0,0.0,16,13,4
185.77867,954.0,198.0,486.0,0.0,16,14,4
185.902779,954.0,198.0,486.0,0.0,16,15,4
186.072005,972.0,198.0,486.0,0.0,16,15,4
186.148637,972.0,198.0,486.0,0.0,16,16,4
186.698787,972.0,216.0,486.0,0.0,16,15,4
186.714499,972.0,216.0,486.0,0.0,15,15,4
186.732218,972.0,216.0,486.0,0.0,16,15,4
186.839963,972.0,216.0,0.0,486.0,16,15,4
187.028839,990.0,216.0,0.0,486.0,16,15,4
187.113658,990.0,216.0,0.0,486.0,16,15,4
187.163482,990.0,216.0,0.0,486.0,16,16,4
187.180876,990.0,234.0,0.0,486.0,16,15,4
187.194793,990.0,234.0,0.0,486.0,15,15,4
187.210872,990.0,234.0,0.0,486.0,16,15,4
187.302556,972.0,234.0,0.0,468.0,16,15,4
187.334785,954.0,234.0,0.0,450.0,16,15,4
187.364145,936.0,234.0,0.0,432.0,16,15,4
187.422438,918.0,234.0,0.0,414.0,16,15,4
187.524413,936.0,234.0,0.0,414.0,16,15,4
187.591929,936.0,234.0,0.0,414.0,16,16,4
187.602488,918.0,234.0,0.0,396.0,16,16,4
187.632686,900.0,234.0,0.0,378.0,16,16,4
187.657019,882.0,234.0,0.0,360.0,16,16,4
187.678938,864.0,234.0,0.0,342.0,16,16,4
187.701476,846.0,234.0,0.0,324.0,16,16,4
187.723765,828.0,234.0,0.0,306.0,16,16,4
187.752232,810.0,234.0,0.0,288.0,16,16,4
187.77541,792.0,234.0,0.0,270.0,16,16,4
187.797214,774.0,234.0,0.0,252.0,16,16,4
187.817645,756.0,234.0,0.0,234.0,16,16,4
187.840056,738.0,234.0,0.0,216.0,16,16,4
187.863353,720.0,234.0,0.0,198.0,16,16,4
187.88602,702.0,234.0,0.0,180.0,16,16,4
187.909419,684.0,234.0,0.0,162.0,16,16,4
187.930806,666.0,234.0,0.0,144.0,16,16,4
187.950702,648.0,234.0,0.0,126.0,16,16,4
187.972466,630.0,234.0,0.0,108.0,16,16,4
187.994665,612.0,234.0,0.0,90.0,16,16,4
188.019,594.0,234.0,0.0,72.0,16,16,4
188.039641,576.0,234.0,0.0,54.0,16,16,4
188.062818,558.0,234.0,0.0,36.0,16,16,4
188.0885,540.0,234.0,0.0,18.0,16,16,4
188.111886,522.0,234.0,0.0,0.0,16,16,4
188.126141,522.0,234.0,0.0,0.0,16,16,3
188.167144,522.0,234.0,0.0,0.0,16,16,4
188.233357,522.0,252.0,0.0,0.0,16,15,4
188.252287,522.0,252.0,0.0,0.0,15,15,4
188.270246,522.0,252.0,0.0,0.0,16,15,4
188.342441,522.0,252.0,0.0,0.0,16,15,4
188.388168,522.0,270.0,0.0,0.0,16,14,4
188.401721,522.0,270.0,0.0,0.0,15,14,4
188.422484,522.0,270.0,0.0,0.0,16,14,4
188.771907,540.0,270.0,0.0,0.0,16,14,4
188.801048,540.0,270.0,0.0,0.0,16,15,4
189.429835,540.0,288.0,0.0,0.0,16,14,4
189.446381,540.0,288.0,0.0,0.0,15,14,4
189.470335,540.0,288.0,0.0,0.0,16,14,4
189.73676,558.0,288.0,0.0,0.0,16,14,4
189.757626,558.0,306.0,0.0,0.0,16,13,4
189.776216,558.0,306.0,0.0,0.0,15,13,4
189.799024,558.0,306.0,0.0,0.0,16,13,4
189.846401,558.0,324.0,0.0,0.0,16,12,4
189.861271,558.0,324.0,0.0,0.0,15,12,4
189.883673,558.0,324.0,0.0,0.0,16,12,4
189.927705,558.0,324.0,0.0,0.0,16,13,4
190.302842,576.0,324.0,0.0,0.0,16,13,4
190.527631,576.0,342.0,0.0,0.0,16,12,4
190.540911,576.0,342.0,0.0,0.0,15,12,4
190.55743,576.0,342.0,0.0,0.0,16,12,4
190.584025,576.0,342.0,0.0,0.0,16,13,4
190.611951,594.0,342.0,0.0,0.0,16,13,4
190.778984,612.0,342.0,0.0,0.0,16,13,4
190.797602,612.0,342.0,0.0,0.0,16,14,4
190.831228,612.0,342.0,0.0,0.0,16,15,4
191.64426,612.0,360.0,0.0,0.0,16,14,4
191.659486,612.0,360.0,0.0,0.0,15,14,4
191.677163,612.0,360.0,0.0,0.0,16,14,4
192.509273,612.0,378.0,0.0,0.0,16,13,4
192.521553,612.0,378.0,0.0,0.0,15,13,4
192.543551,612.0,378.0,0.0,0.0,16,13,4
192.831894,630.0,378.0,0.0,0.0,16,13,4
192.869827,630.0,378.0,0.0,0.0,16,14,4
192.912085,630.0,396.0,0.0,0.0,16,13,4
192.928489,630.0,396.0,0.0,0.0,15,13,4
192.949578,630.0,396.0,0.0,0.0,16,13,4
192.983441,630.0,414.0,0.0,0.0,16,12,4
192.999605,630.0,414.0,0.0,0.0,15,12,4
193.017493,630.0,414.0,0.0,0.0,16,12,4
193.170578,630.0,432.0,0.0,0.0,16,11,4
193.189839,630.0,432.0,0.0,0.0,15,11,4
193.212913,630.0,432.0,0.0,0.0,16,11,4
193.358703,648.0,432.0,0.0,0.0,16,11,4
193.388644,648.0,432.0,0.0,0.0,16,12,4
193.732978,648.0,450.0,0.0,0.0,16,11,4
193.751969,648.0,450.0,0.0,0.0,15,11,4
193.780038,648.0,450.0,0.0,0.0,16,11,4
194.087227,666.0,450.0,0.0,0.0,16,11,4
194.127668,666.0,450.0,0.0,0.0,16,12,4
194.800381,666.0,468.0,0.0,0.0,16,11,4
194.818341,666.0,468.0,0.0,0.0,15,11,4
194.842014,666.0,468.0,0.0,0.0,16,11,4
194.876181,684.0,468.0,0.0,0.0,16,11,4
194.924378,684.0,468.0,0.0,0.0,16,12,4
195.135284,702.0,468.0,0.0,0.0,16,12,4
195.170158,702.0,468.0,0.0,0.0,16,13,4
195.604865,720.0,468.0,0.0,0.0,16,13,4
195.633259,720.0,468.0,0.0,0.0,16,14,4
195.658098,720.0,486.0,0.0,0.0,16,13,4
195.672565,720.0,486.0,0.0,0.0,15,13,4
195.691327,720.0,486.0,0.0,0.0,16,13,4
195.890138,738.0,486.0,0.0,0.0,16,13,4
195.928966,738.0,486.0,0.0,0.0,16,14,4
196.026749,756.0,486.0,0.0,0.0,16,14,4
196.168691,774.0,486.0,0.0,0.0,16,14,4
196.25497,774.0,486.0,0.0,0.0,16,15,4
196.268113,774.0,486.0,0.0,0.0,16,16,4
197.227565,774.0,504.0,0.0,0.0,16,15,4
197.237603,774.0,504.0,0.0,0.0,15,15,4
197.252895,774.0,504.0,0.0,0.0,16,15,4
198.613371,774.0,522.0,0.0,0.0,16,14,4
198.627555,774.0,522.0,0.0,0.0,15,14,4
198.643468,774.0,522.0,0.0,0.0,16,14,4
199.134046,774.0,540.0,0.0,0.0,16,13,4
199.149562,774.0,540.0,0.0,0.0,15,13,4
199.175522,774.0,540.0,0.0,0.0,16,13,4
199.698685,792.0,540.0,0.0,0.0,16,13,4
199.730337,792.0,540.0,0.0,0.0,16,14,4
199.949793,810.0,540.0,0.0,0.0,16,14,4
200.129486,828.0,540.0,0.0,0.0,16,14,4
200.146549,828.0,558.0,0.0,0.0,16,13,4
200.159643,828.0,558.0,0.0,0.0,15,13,4
200.173303,828.0,558.0,0.0,0.0,16,13,4
200.198267,828.0,558.0,0.0,0.0,16,14,4
200.223237,828.0,576.0,0.0,0.0,16,13,4
200.236499,828.0,576.0,0.0,0.0,15,13,4
200.250919,828.0,576.0,0.0,0.0,16,13,4
200.43921,846.0,576.0,0.0,0.0,16,13,4
200.556874,846.0,576.0,0.0,0.0,16,14,4
200.581278,864.0,576.0,0.0,0.0,16,14,4
200.818271,864.0,576.0,0.0,0.0,16,15,4
200.835426,864.0,576.0,0.0,0.0,16,16,4
200.964924,864.0,576.0,0.0,0.0,16,16,4
201.006856,864.0,594.0,0.0,0.0,16,15,4
201.021515,864.0,594.0,0.0,0.0,15,15,4
201.038945,864.0,594.0,0.0,0.0,16,15,4
201.329569,882.0,594.0,0.0,0.0,16,15,4
201.361448,882.0,594.0,0.0,0.0,16,16,4
201.711499,882.0,594.0,0.0,0.0,16,16,4
201.761018,882.0,108.0,486.0,0.0,16,16,4
201.919032,882.0,126.0,486.0,0.0,16,15,4
201.933472,882.0,126.0,486.0,0.0,15,15,4
201.951556,882.0,126.0,486.0,0.0,16,15,4
202.05259,882.0,144.0,486.0,0.0,16,14,4
202.066384,882.0,144.0,486.0,0.0,15,14,4
202.084348,882.0,144.0,486.0,0.0,16,14,4
202.280811,900.0,144.0,486.0,0.0,16,14,4
202.355624,900.0,144.0,486.0,0.0,16,15,4
202.494118,900.0,162.0,486.0,0.0,16,14,4
202.506441,900.0,162.0,486.0,0.0,15,14,4
202.521138,900.0,162.0,486.0,0.0,16,14,4
202.644039,900.0,180.0,486.0,0.0,16,13,4
202.655829,900.0,180.0,486.0,0.0,15,13,4
202.669454,900.0,180.0,486.0,0.0,16,13,4
202.8489,918.0,180.0,486.0,0.0,16,13,4
202.941645,918.0,180.0,486.0,0.0,16,14,4
203.217703,918.0,180.0,0.0,486.0,16,14,4
203.269609,918.0,180.0,0.0,486.0,16,14,4
203.333043,900.0,180.0,0.0,468.0,16,14,4
203.361649,882.0,180.0,0.0,450.0,16,14,4
203.388494,864.0,180.0,0.0,432.0,16,14,4
203.412996,846.0,180.0,0.0,414.0,16,14,4
203.441,828.0,180.0,0.0,396.0,16,14,4
203.462664,810.0,180.0,0.0,378.0,16,14,4
203.486019,792.0,180.0,0.0,360.0,16,14,4
203.511301,774.0,180.0,0.0,342.0,16,14,4
203.535826,756.0,180.0,0.0,324.0,16,14,4
203.559913,738.0,180.0,0.0,306.0,16,14,4
203.581593,720.0,180.0,0.0,288.0,16,14,4
203.603067,702.0,180.0,0.0,270.0,16,14,4
203.624844,684.0,180.0,0.0,252.0,16,14,4
203.645739,666.0,180.0,0.0,234.0,16,14,4
203.666571,648.0,180.0,0.0,216.0,16,14,4
203.687102,630.0,180.0,0.0,198.0,16,14,4
203.709688,612.0,180.0,0.0,180.0,16,14,4
203.730846,594.0,180.0,0.0,162.0,16,14,4
203.753831,576.0,180.0,0.0,144.0,16,14,4
203.777448,558.0,180.0,0.0,126.0,16,14,4
203.798906,540.0,180.0,0.0,108.0,16,14,4
203.821143,522.0,180.0,0.0,90.0,16,14,4
203.842,504.0,180.0,0.0,72.0,16,14,4
203.862532,486.0,180.0,0.0,54.0,16,14,4
203.885234,468.0,180.0,0.0,36.0,16,14,4
203.907522,450.0,180.0,0.0,18.0,16,14,4
203.929137,432.0,180.0,0.0,0.0,16,14,4
203.939072,432.0,180.0,0.0,0.0,16,14,3
203.970849,432.0,180.0,0.0,0.0,16,14,4
204.022665,432.0,180.0,0.0,0.0,16,14,4
204.91134,432.0,198.0,0.0,0.0,16,13,4
204.92614,432.0,198.0,0.0,0.0,15,13,4
204.94678,432.0,198.0,0.0,0.0,16,13,4
205.210365,450.0,198.0,0.0,0.0,16,13,4
205.242928,450.0,198.0,0.0,0.0,16,14,4
205.808282,468.0,198.0,0.0,0.0,16,14,4
205.822333,468.0,216.0,0.0,0.0,16,13,4
205.833999,468.0,216.0,0.0,0.0,15,13,4
205.852158,468.0,216.0,0.0,0.0,16,13,4
205.880361,468.0,234.0,0.0,0.0,16,12,4
205.894717,468.0,234.0,0.0,0.0,15,12,4
205.914596,468.0,234.0,0.0,0.0,16,12,4
206.255322,486.0,234.0,0.0,0.0,16,12,4
206.332729,486.0,234.0,0.0,0.0,16,13,4
206.360288,486.0,234.0,0.0,0.0,16,14,4
206.513679,486.0,252.0,0.0,0.0,16,13,4
206.533478,486.0,252.0,0.0,0.0,15,13,4
206.555641,486.0,252.0,0.0,0.0,16,13,4
207.474781,486.0,270.0,0.0,0.0,16,12,4
207.49034,486.0,270.0,0.0,0.0,15,12,4
207.506069,486.0,270.0,0.0,0.0,16,12,4
207.548347,504.0,270.0,0.0,0.0,16,12,4
207.955558,504.0,288.0,0.0,0.0,16,11,4
207.978255,504.0,288.0,0.0,0.0,15,11,4
208.002856,504.0,288.0,0.0,0.0,16,11,4
208.047484,504.0,288.0,0.0,0.0,16,12,4
208.197487,504.0,306.0,0.0,0.0,16,11,4
208.212458,504.0,306.0,0.0,0.0,15,11,4
208.238685,504.0,306.0,0.0,0.0,16,11,4
208.271384,504.0,324.0,0.0,0.0,16,10,4
208.286093,504.0,324.0,0.0,0.0,15,10,4
208.304972,504.0,324.0,0.0,0.0,16,10,4
208.343165,522.0,324.0,0.0,0.0,16,10,4
208.484466,522.0,342.0,0.0,0.0,16,9,4
208.50408,522.0,342.0,0.0,0.0,15,9,4
208.528282,522.0,342.0,0.0,0.0,16,9,4
208.82199,522.0,342.0,0.0,0.0,16,10,4
208.84363,540.0,342.0,0.0,0.0,16,10,4
208.866182,540.0,360.0,0.0,0.0,16,9,4
208.878418,540.0,360.0,0.0,0.0,15,9,4
208.895004,540.0,360.0,0.0,0.0,16,9,4
209.100829,558.0,360.0,0.0,0.0,16,9,4
209.178363,558.0,360.0,0.0,0.0,16,10,4
209.206622,558.0,360.0,0.0,0.0,16,11,4
209.369948,576.0,360.0,0.0,0.0,16,11,4
209.56661,594.0,360.0,0.0,0.0,16,11,4
209.58892,594.0,378.0,0.0,0.0,16,10,4
209.601322,594.0,378.0,0.0,0.0,15,10,4
209.621755,594.0,378.0,0.0,0.0,16,10,4
209.682678,594.0,396.0,0.0,0.0,16,9,4
209.698809,594.0,396.0,0.0,0.0,15,9,4
209.717532,594.0,396.0,0.0,0.0,16,9,4
209.890258,594.0,396.0,0.0,0.0,16,10,4
210.014573,594.0,396.0,0.0,0.0,16,11,4
210.041172,612.0,396.0,0.0,0.0,16,11,4
210.228093,612.0,396.0,0.0,0.0,16,12,4
210.251525,630.0,396.0,0.0,0.0,16,12,4
210.398909,648.0,396.0,0.0,0.0,16,12,4
210.434307,648.0,396.0,0.0,0.0,16,13,4
210.538866,666.0,396.0,0.0,0.0,16,13,4
210.577422,666.0,396.0,0.0,0.0,16,14,4
210.603581,666.0,396.0,0.0,0.0,16,15,4
211.326507,666.0,414.0,0.0,0.0,16,14,4
211.341281,666.0,414.0,0.0,0.0,15,14,4
211.357994,666.0,414.0,0.0,0.0,16,14,4
211.591699,684.0,414.0,0.0,0.0,16,14,4
211.622139,684.0,414.0,0.0,0.0,16,15,4
211.911197,702.0,414.0,0.0,0.0,16,15,4
211.941071,702.0,414.0,0.0,0.0,16,16,4
211.999872,702.0,432.0,0.0,0.0,16,15,4
212.011151,702.0,432.0,0.0,0.0,15,15,4
212.02963,702.0,432.0,0.0,0.0,16,15,4
212.239897,720.0,432.0,0.0,0.0,16,15,4
212.265911,720.0,432.0,0.0,0.0,16,16,4
212.327777,720.0,450.0,0.0,0.0,16,15,4
212.336862,720.0,450.0,0.0,0.0,15,15,4
212.351361,720.0,450.0,0.0,0.0,16,15,4
212.562798,738.0,450.0,0.0,0.0,16,15,4
212.5905,738.0,450.0,0.0,0.0,16,16,4
214.393453,738.0,468.0,0.0,0.0,16,15,4
214.40781,738.0,468.0,0.0,0.0,15,15,4
214.424767,738.0,468.0,0.0,0.0,16,15,4
214.660998,756.0,468.0,0.0,0.0,16,15,4
214.700996,756.0,468.0,0.0,0.0,16,16,4
215.181282,756.0,486.0,0.0,0.0,16,15,4
215.192961,756.0,486.0,0.0,0.0,15,15,4
215.210411,756.0,486.0,0.0,0.0,16,15,4
215.431032,774.0,486.0,0.0,0.0,16,15,4
215.554522,774.0,486.0,0.0,0.0,16,16,4
215.763611,774.0,486.0,0.0,0.0,16,16,4
215.88917,774.0,504.0,0.0,0.0,16,15,4
215.903119,774.0,504.0,0.0,0.0,15,15,4
215.92248,774.0,504.0,0.0,0.0,16,15,4
216.204341,792.0,504.0,0.0,0.0,16,15,4
216.236699,792.0,504.0,0.0,0.0,16,16,4
216.941145,792.0,504.0,0.0,0.0,16,16,4
216.981852,792.0,522.0,0.0,0.0,16,15,4
216.995057,792.0,522.0,0.0,0.0,15,15,4
217.013987,792.0,522.0,0.0,0.0,16,15,4
217.071588,792.0,36.0,486.0,0.0,16,15,4
217.321961,792.0,54.0,486.0,0.0,16,14,4
217.338634,792.0,54.0,486.0,0.0,15,14,4
217.360592,792.0,54.0,486.0,0.0,16,14,4
217.394605,810.0,54.0,486.0,0.0,16,14,4
217.665013,810.0,54.0,486.0,0.0,16,15,4
217.688151,828.0,54.0,486.0,0.0,16,15,4
217.789272,828.0,72.0,486.0,0.0,16,14,4
217.812125,828.0,72.0,486.0,0.0,15,14,4
217.833486,828.0,72.0,486.0,0.0,16,14,4
217.91586,828.0,72.0,486.0,0.0,16,15,4
217.934524,828.0,90.0,486.0,0.0,16,14,4
217.945834,828.0,90.0,486.0,0.0,15,14,4
217.961637,828.0,90.0,486.0,0.0,16,14,4
218.241793,846.0,90.0,486.0,0.0,16,14,4
218.356653,864.0,90.0,486.0,0.0,16,14,4
218.414449,864.0,108.0,486.0,0.0,16,13,4
218.435248,864.0,108.0,486.0,0.0,15,13,4
218.461887,864.0,108.0,486.0,0.0,16,13,4
218.610471,864.0,108.0,486.0,0.0,16,14,4
218.824269,864.0,108.0,486.0,0.0,16,15,4
218.88441,882.0,108.0,486.0,0.0,16,15,4
218.929523,882.0,108.0,486.0,0.0,16,16,4
219.518104,882.0,126.0,486.0,0.0,16,15,4
219.530033,882.0,126.0,486.0,0.0,15,15,4
219.547262,882.0,126.0,486.0,0.0,16,15,4
219.680393,882.0,126.0,0.0,486.0,16,15,4
219.742925,882.0,126.0,0.0,486.0,16,15,4
219.900121,900.0,126.0,0.0,486.0,16,15,4
220.012329,900.0,126.0,0.0,486.0,16,16,4
220.026649,882.0,126.0,0.0,468.0,16,16,4
220.066494,864.0,126.0,0.0,450.0,16,16,4
220.095054,846.0,126.0,0.0,432.0,16,16,4
220.119963,828.0,126.0,0.0,414.0,16,16,4
220.146402,810.0,126.0,0.0,396.0,16,16,4
220.175492,792.0,126.0,0.0,378.0,16,16,4
220.198107,774.0,126.0,0.0,360.0,16,16,4
220.223824,756.0,126.0,0.0,342.0,16,16,4
220.249043,738.0,126.0,0.0,324.0,16,16,4
220.272971,720.0,126.0,0.0,306.0,16,16,4
220.296905,702.0,126.0,0.0,288.0,16,16,4
220.32051,684.0,126.0,0.0,270.0,16,16,4
220.345473,666.0,126.0,0.0,252.0,16,16,4
220.368265,648.0,126.0,0.0,234.0,16,16,4
220.392134,630.0,126.0,0.0,216.0,16,16,4
220.413567,612.0,126.0,0.0,198.0,16,16,4
220.436155,594.0,126.0,0.0,180.0,16,16,4
220.458347,576.0,126.0,0.0,162.0,16,16,4
220.482016,558.0,126.0,0.0,144.0,16,16,4
220.503206,540.0,126.0,0.0,126.0,16,16,4
220.525098,522.0,126.0,0.0,108.0,16,16,4
220.547679,504.0,126.0,0.0,90.0,16,16,4
220.56938,486.0,126.0,0.0,72.0,16,16,4
220.59186,468.0,126.0,0.0,54.0,16,16,4
220.613568,450.0,126.0,0.0,36.0,16,16,4
220.642199,432.0,126.0,0.0,18.0,16,16,4
220.669745,414.0,126.0,0.0,0.0,16,16,4
220.680508,414.0,126.0,0.0,0.0,16,16,3
220.714247,414.0,126.0,0.0,0.0,16,16,4
220.803353,414.0,144.0,0.0,0.0,16,15,4
220.82055,414.0,144.0,0.0,0.0,15,15,4
220.843025,414.0,144.0,0.0,0.0,16,15,4
220.902396,414.0,144.0,0.0,0.0,16,15,4
221.154239,432.0,144.0,0.0,0.0,16,15,4
221.190184,432.0,144.0,0.0,0.0,16,16,4
221.222924,432.0,162.0,0.0,0.0,16,15,4
221.234481,432.0,162.0,0.0,0.0,15,15,4
221.248643,432.0,162.0,0.0,0.0,16,15,4
221.326761,432.0,180.0,0.0,0.0,16,14,4
221.337517,432.0,180.0,0.0,0.0,15,14,4
221.351214,432.0,180.0,0.0,0.0,16,14,4
221.468189,450.0,180.0,0.0,0.0,16,14,4
221.59642,468.0,180.0,0.0,0.0,16,14,4
221.669897,468.0,180.0,0.0,0.0,16,15,4
221.688254,468.0,180.0,0.0,0.0,16,16,4
222.075587,468.0,198.0,0.0,0.0,16,15,4
222.089246,468.0,198.0,0.0,0.0,15,15,4
222.106907,468.0,198.0,0.0,0.0,16,15,4
222.554361,468.0,216.0,0.0,0.0,16,14,4
222.569607,468.0,216.0,0.0,0.0,15,14,4
222.586247,468.0,216.0,0.0,0.0,16,14,4
222.614884,468.0,234.0,0.0,0.0,16,13,4
222.625961,468.0,234.0,0.0,0.0,15,13,4
222.641528,468.0,234.0,0.0,0.0,16,13,4
222.894442,486.0,234.0,0.0,0.0,16,13,4
222.9387,486.0,234.0,0.0,0.0,16,14,4
223.456739,486.0,252.0,0.0,0.0,16,13,4
223.471743,486.0,252.0,0.0,0.0,15,13,4
223.491908,486.0,252.0,0.0,0.0,16,13,4
223.727261,504.0,252.0,0.0,0.0,16,13,4
224.39461,504.0,270.0,0.0,0.0,16,12,4
224.411217,504.0,270.0,0.0,0.0,15,12,4
224.433428,504.0,270.0,0.0,0.0,16,12,4
224.497227,504.0,270.0,0.0,0.0,16,13,4
224.905942,522.0,270.0,0.0,0.0,16,13,4
225.062681,522.0,288.0,0.0,0.0,16,12,4
225.078892,522.0,288.0,0.0,0.0,15,12,4
225.098331,522.0,288.0,0.0,0.0,16,12,4
225.149005,522.0,306.0,0.0,0.0,16,11,4
225.171687,522.0,306.0,0.0,0.0,15,11,4
225.194338,522.0,306.0,0.0,0.0,16,11,4
225.264421,522.0,306.0,0.0,0.0,16,12,4
225.497755,540.0,306.0,0.0,0.0,16,12,4
225.571468,540.0,306.0,0.0,0.0,16,13,4
225.667057,558.0,306.0,0.0,0.0,16,13,4
225.778643,576.0,306.0,0.0,0.0,16,13,4
225.826367,576.0,306.0,0.0,0.0,16,14,4
225.8729,576.0,306.0,0.0,0.0,16,15,4
225.998719,576.0,324.0,0.0,0.0,16,14,4
226.019278,576.0,324.0,0.0,0.0,15,14,4
226.045315,576.0,324.0,0.0,0.0,16,14,4
226.087981,594.0,324.0,0.0,0.0,16,14,4
226.12531,594.0,324.0,0.0,0.0,16,15,4
226.39791,612.0,324.0,0.0,0.0,16,15,4
226.439756,612.0,324.0,0.0,0.0,16,16,4
226.65602,612.0,342.0,0.0,0.0,16,15,4
226.671285,612.0,342.0,0.0,0.0,15,15,4
226.690093,612.0,342.0,0.0,0.0,16,15,4
227.060896,630.0,342.0,0.0,0.0,16,15,4
227.104545,630.0,342.0,0.0,0.0,16,16,4
227.553147,630.0,360.0,0.0,0.0,16,15,4
227.566704,630.0,360.0,0.0,0.0,15,15,4
227.583463,630.0,360.0,0.0,0.0,16,15,4
228.691862,630.0,378.0,0.0,0.0,16,14,4
228.705719,630.0,378.0,0.0,0.0,15,14,4
228.722328,630.0,378.0,0.0,0.0,16,14,4
229.022177,648.0,378.0,0.0,0.0,16,14,4
229.051742,648.0,378.0,0.0,0.0,16,15,4
229.662106,648.0,396.0,0.0,0.0,16,14,4
229.672619,648.0,396.0,0.0,0.0,15,14,4
229.685466,648.0,396.0,0.0,0.0,16,14,4
229.71221,666.0,396.0,0.0,0.0,16,14,4
229.75178,666.0,396.0,0.0,0.0,16,15,4
230.400172,666.0,414.0,0.0,0.0,16,14,4
230.416587,666.0,414.0,0.0,0.0,15,14,4
230.433978,666.0,414.0,0.0,0.0,16,14,4
230.562866,666.0,432.0,0.0,0.0,16,13,4
230.577807,666.0,432.0,0.0,0.0,15,13,4
230.595164,666.0,432.0,0.0,0.0,16,13,4
230.905494,684.0,432.0,0.0,0.0,16,13,4
230.939178,684.0,432.0,0.0,0.0,16,14,4
232.613821,702.0,432.0,0.0,0.0,16,14,4
232.637054,702.0,432.0,0.0,0.0,16,15,4
233.253526,702.0,450.0,0.0,0.0,16,14,4
233.269244,702.0,450.0,0.0,0.0,15,14,4
233.284455,702.0,450.0,0.0,0.0,16,14,4
233.318098,720.0,450.0,0.0,0.0,16,14,4
233.340721,720.0,468.0,0.0,0.0,16,13,4
233.361043,720.0,468.0,0.0,0.0,15,13,4
233.383528,720.0,468.0,0.0,0.0,16,13,4
233.433497,720.0,486.0,0.0,0.0,16,12,4
233.449041,720.0,486.0,0.0,0.0,15,12,4
233.466078,720.0,486.0,0.0,0.0,16,12,4
233.512251,720.0,486.0,0.0,0.0,16,13,4
233.669016,738.0,486.0,0.0,0.0,16,13,4
233.774414,756.0,486.0,0.0,0.0,16,13,4
233.839338,756.0,504.0,0.0,0.0,16,12,4
233.854064,756.0,504.0,0.0,0.0,15,12,4
233.869809,756.0,504.0,0.0,0.0,16,12,4
233.916878,756.0,504.0,0.0,0.0,16,13,4
233.937653,756.0,504.0,0.0,0.0,16,14,4
234.113714,774.0,504.0,0.0,0.0,16,14,4
234.146922,774.0,504.0,0.0,0.0,16,15,4
234.479042,774.0,522.0,0.0,0.0,16,14,4
234.494455,774.0,522.0,0.0,0.0,15,14,4
234.512852,774.0,522.0,0.0,0.0,16,14,4
234.827345,774.0,540.0,0.0,0.0,16,13,4
234.8414,774.0,540.0,0.0,0.0,15,13,4
234.854993,774.0,540.0,0.0,0.0,16,13,4
235.099091,774.0,558.0,0.0,0.0,16,12,4
235.121694,774.0,558.0,0.0,0.0,15,12,4
235.143413,774.0,558.0,0.0,0.0,16,12,4
235.44561,792.0,558.0,0.0,0.0,16,12,4
235.480379,792.0,558.0,0.0,0.0,16,13,4
236.19583,810.0,558.0,0.0,0.0,16,13,4
236.228735,810.0,558.0,0.0,0.0,16,14,4
236.253227,810.0,576.0,0.0,0.0,16,13,4
236.265466,810.0,576.0,0.0,0.0,15,13,4
236.281272,810.0,576.0,0.0,0.0,16,13,4
236.474156,810.0,594.0,0.0,0.0,16,12,4
236.490907,810.0,594.0,0.0,0.0,15,12,4
236.5125,810.0,594.0,0.0,0.0,16,12,4
236.545777,828.0,594.0,0.0,0.0,16,12,4
236.768973,846.0,594.0,0.0,0.0,16,12,4
236.796967,846.0,594.0,0.0,0.0,16,13,4
236.951758,864.0,594.0,0.0,0.0,16,13,4
237.014631,864.0,594.0,0.0,0.0,16,14,4
237.03986,864.0,594.0,0.0,0.0,16,15,4
237.384239,882.0,594.0,0.0,0.0,16,15,4
237.413866,882.0,594.0,0.0,0.0,16,16,4
237.501117,882.0,612.0,0.0,0.0,16,15,4
237.517631,882.0,612.0,0.0,0.0,15,15,4
237.54183,882.0,612.0,0.0,0.0,16,15,4
237.618436,882.0,630.0,0.0,0.0,16,14,4
237.631229,882.0,630.0,0.0,0.0,15,14,4
237.650584,882.0,630.0,0.0,0.0,16,14,4
237.976166,900.0,630.0,0.0,0.0,16,14,4
238.100316,918.0,630.0,0.0,0.0,16,14,4
238.147648,918.0,630.0,0.0,0.0,16,15,4
238.17191,918.0,630.0,0.0,0.0,16,16,4
238.558096,918.0,630.0,0.0,0.0,16,16,4
239.088961,918.0,630.0,0.0,0.0,16,16,4
239.168823,918.0,144.0,486.0,0.0,16,16,4
239.376041,918.0,162.0,486.0,0.0,16,15,4
239.38824,918.0,162.0,486.0,0.0,15,15,4
239.403446,918.0,162.0,486.0,0.0,16,15,4
239.471726,918.0,180.0,486.0,0.0,16,14,4
239.482354,918.0,180.0,486.0,0.0,15,14,4
239.494842,918.0,180.0,486.0,0.0,16,14,4
239.55427,918.0,198.0,486.0,0.0,16,13,4
239.569194,918.0,198.0,486.0,0.0,15,13,4
239.589028,918.0,198.0,486.0,0.0,16,13,4
239.7127,936.0,198.0,486.0,0.0,16,13,4
239.807655,936.0,216.0,486.0,0.0,16,12,4
239.819862,936.0,216.0,486.0,0.0,15,12,4
239.833774,936.0,216.0,486.0,0.0,16,12,4
239.973586,954.0,216.0,486.0,0.0,16,12,4
240.004603,954.0,234.0,486.0,0.0,16,11,4
240.019682,954.0,234.0,486.0,0.0,15,11,4
240.041532,954.0,234.0,486.0,0.0,16,11,4
240.236805,954.0,252.0,486.0,0.0,16,10,4
240.249628,954.0,252.0,486.0,0.0,15,10,4
240.265424,954.0,252.0,486.0,0.0,16,10,4
240.504112,972.0,252.0,486.0,0.0,16,10,4
240.529692,972.0,252.0,486.0,0.0,16,11,4
240.69947,972.0,252.0,486.0,0.0,16,12,4
240.727291,990.0,252.0,486.0,0.0,16,12,4
240.75693,990.0,252.0,486.0,0.0,16,13,4
240.966205,1008.0,252.0,486.0,0.0,16,13,4
241.142306,1026.0,252.0,486.0,0.0,16,13,4
241.535872,1026.0,270.0,486.0,0.0,16,12,4
241.548594,1026.0,270.0,486.0,0.0,15,12,4
241.568768,1026.0,270.0,486.0,0.0,16,12,4
241.599486,1026.0,270.0,486.0,0.0,16,13,4
241.628392,1026.0,270.0,486.0,0.0,16,14,4
241.653206,1026.0,270.0,486.0,0.0,16,15,4
241.720986,1026.0,288.0,486.0,0.0,16,14,4
241.736388,1026.0,288.0,486.0,0.0,15,14,4
241.754419,1026.0,288.0,486.0,0.0,16,14,4
241.984365,1044.0,288.0,486.0,0.0,16,14,4
242.262344,1044.0,306.0,486.0,0.0,16,13,4
242.277707,1044.0,306.0,486.0,0.0,15,13,4
242.295346,1044.0,306.0,486.0,0.0,16,13,4
242.331054,1044.0,306.0,486.0,0.0,16,14,4
242.353757,1062.0,306.0,486.0,0.0,16,14,4
242.389436,1062.0,306.0,486.0,0.0,16,15,4
242.714882,1062.0,306.0,0.0,486.0,16,15,4
242.777214,1062.0,306.0,0.0,486.0,16,15,4
242.875284,1044.0,306.0,0.0,468.0,16,15,4
242.908334,1026.0,306.0,0.0,450.0,16,15,4
242.935204,1008.0,306.0,0.0,432.0,16,15,4
242.961457,990.0,306.0,0.0,414.0,16,15,4
242.987637,972.0,306.0,0.0,396.0,16,15,4
243.019928,954.0,306.0,0.0,378.0,16,15,4
243.047814,936.0,306.0,0.0,360.0,16,15,4
243.070418,918.0,306.0,0.0,342.0,16,15,4
243.097236,900.0,306.0,0.0,324.0,16,15,4
243.129065,882.0,306.0,0.0,306.0,16,15,4
243.143248,882.0,324.0,0.0,306.0,16,14,4
243.161815,882.0,324.0,0.0,306.0,15,14,4
243.193099,882.0,324.0,0.0,306.0,16,14,4
243.253669,864.0,324.0,0.0,288.0,16,14,4
243.280691,846.0,324.0,0.0,270.0,16,14,4
243.302493,828.0,324.0,0.0,252.0,16,14,4
243.323979,810.0,324.0,0.0,234.0,16,14,4
243.345966,792.0,324.0,0.0,216.0,16,14,4
243.374453,774.0,324.0,0.0,198.0,16,14,4
243.562584,792.0,324.0,0.0,198.0,16,14,4
243.600992,792.0,342.0,0.0,198.0,16,13,4
243.612268,792.0,342.0,0.0,198.0,15,13,4
243.628831,792.0,342.0,0.0,198.0,16,13,4
243.707901,774.0,342.0,0.0,180.0,16,13,4
243.894303,792.0,342.0,0.0,180.0,16,13,4
244.069103,810.0,342.0,0.0,180.0,16,13,4
244.113948,810.0,342.0,0.0,180.0,16,14,4
244.193635,792.0,342.0,0.0,162.0,16,14,4
244.215335,792.0,360.0,0.0,162.0,16,13,4
244.234031,792.0,360.0,0.0,162.0,15,13,4
244.255282,792.0,360.0,0.0,162.0,16,13,4
244.3233,792.0,360.0,0.0,162.0,16,14,4
244.366251,792.0,378.0,0.0,162.0,16,13,4
244.379314,792.0,378.0,0.0,162.0,15,13,4
244.398705,792.0,378.0,0.0,162.0,16,13,4
244.427384,792.0,378.0,0.0,162.0,16,14,4
244.671953,810.0,378.0,0.0,162.0,16,14,4
244.76457,792.0,378.0,0.0,144.0,16,14,4
244.919023,810.0,378.0,0.0,144.0,16,14,4
245.032599,792.0,378.0,0.0,126.0,16,14,4
245.082188,774.0,378.0,0.0,108.0,16,14,4
245.106006,774.0,378.0,0.0,108.0,16,15,4
245.142263,774.0,378.0,0.0,108.0,16,16,4
245.189214,756.0,378.0,0.0,90.0,16,16,4
245.225487,738.0,378.0,0.0,72.0,16,16,4
245.258391,720.0,378.0,0.0,54.0,16,16,4
245.291748,702.0,378.0,0.0,36.0,16,16,4
245.321959,684.0,378.0,0.0,18.0,16,16,4
245.350186,666.0,378.0,0.0,0.0,16,16,4
245.362331,666.0,378.0,0.0,0.0,16,16,3
245.401152,666.0,378.0,0.0,0.0,16,16,4
245.425649,666.0,396.0,0.0,0.0,16,15,4
245.441879,666.0,396.0,0.0,0.0,15,15,4
245.460078,666.0,396.0,0.0,0.0,16,15,4
245.535625,666.0,396.0,0.0,0.0,16,15,4
245.726787,684.0,396.0,0.0,0.0,16,15,4
245.761928,684.0,396.0,0.0,0.0,16,16,4
246.14553,684.0,414.0,0.0,0.0,16,15,4
246.165361,684.0,414.0,0.0,0.0,15,15,4
246.18544,684.0,414.0,0.0,0.0,16,15,4
247.196501,684.0,432.0,0.0,0.0,16,14,4
247.214733,684.0,432.0,0.0,0.0,15,14,4
247.23098,684.0,432.0,0.0,0.0,16,14,4
247.571516,684.0,450.0,0.0,0.0,16,13,4
247.580825,684.0,450.0,0.0,0.0,15,13,4
247.593701,684.0,450.0,0.0,0.0,16,13,4
247.626507,702.0,450.0,0.0,0.0,16,13,4
247.651957,702.0,450.0,0.0,0.0,16,14,4
248.170599,720.0,450.0,0.0,0.0,16,14,4
248.197281,720.0,450.0,0.0,0.0,16,15,4
248.945582,720.0,468.0,0.0,0.0,16,14,4
248.961149,720.0,468.0,0.0,0.0,15,14,4
248.981003,720.0,468.0,0.0,0.0,16,14,4
249.101428,720.0,486.0,0.0,0.0,16,13,4
249.114026,720.0,486.0,0.0,0.0,15,13,4
249.131663,720.0,486.0,0.0,0.0,16,13,4
249.170499,720.0,504.0,0.0,0.0,16,12,4
249.185216,720.0,504.0,0.0,0.0,15,12,4
249.205907,720.0,504.0,0.0,0.0,16,12,4
249.625148,738.0,504.0,0.0,0.0,16,12,4
249.758696,756.0,504.0,0.0,0.0,16,12,4
249.892739,774.0,504.0,0.0,0.0,16,12,4
250.102786,774.0,504.0,0.0,0.0,16,13,4
250.124635,792.0,504.0,0.0,0.0,16,13,4
250.148616,792.0,504.0,0.0,0.0,16,14,4
250.213336,792.0,504.0,0.0,0.0,16,15,4
250.229108,792.0,504.0,0.0,0.0,16,16,4
251.303053,792.0,522.0,0.0,0.0,16,15,4
251.314129,792.0,522.0,0.0,0.0,15,15,4
251.330018,792.0,522.0,0.0,0.0,16,15,4
251.384362,792.0,540.0,0.0,0.0,16,14,4
251.400544,792.0,540.0,0.0,0.0,15,14,4
251.419243,792.0,540.0,0.0,0.0,16,14,4
251.610751,810.0,540.0,0.0,0.0,16,14,4
251.648309,810.0,558.0,0.0,0.0,16,13,4
251.661075,810.0,558.0,0.0,0.0,15,13,4
251.684952,810.0,558.0,0.0,0.0,16,13,4
251.726436,810.0,558.0,0.0,0.0,16,14,4
251.919958,828.0,558.0,0.0,0.0,16,14,4
252.09123,828.0,558.0,0.0,0.0,16,15,4
252.118027,846.0,558.0,0.0,0.0,16,15,4
252.160538,846.0,558.0,0.0,0.0,16,16,4
252.698074,846.0,576.0,0.0,0.0,16,15,4
252.711328,846.0,576.0,0.0,0.0,15,15,4
252.728247,846.0,576.0,0.0,0.0,16,15,4
252.966202,864.0,576.0,0.0,0.0,16,15,4
252.995109,864.0,576.0,0.0,0.0,16,16,4
254.299038,864.0,594.0,0.0,0.0,16,15,4
254.31528,864.0,594.0,0.0,0.0,15,15,4
254.336109,864.0,594.0,0.0,0.0,16,15,4
254.604069,864.0,612.0,0.0,0.0,16,14,4
254.617735,864.0,612.0,0.0,0.0,15,14,4
254.634131,864.0,612.0,0.0,0.0,16,14,4
254.677069,882.0,612.0,0.0,0.0,16,14,4
254.718029,882.0,612.0,0.0,0.0,16,15,4
254.861959,900.0,612.0,0.0,0.0,16,15,4
254.888704,900.0,612.0,0.0,0.0,16,16,4
254.906211,900.0,630.0,0.0,0.0,16,15,4
254.921434,900.0,630.0,0.0,0.0,15,15,4
254.938474,900.0,630.0,0.0,0.0,16,15,4
255.713643,900.0,648.0,0.0,0.0,16,14,4
255.728393,900.0,648.0,0.0,0.0,15,14,4
255.745718,900.0,648.0,0.0,0.0,16,14,4
255.991534,918.0,648.0,0.0,0.0,16,14,4
256.016379,918.0,648.0,0.0,0.0,16,15,4
256.215763,918.0,666.0,0.0,0.0,16,14,4
256.230159,918.0,666.0,0.0,0.0,15,14,4
256.246867,918.0,666.0,0.0,0.0,16,14,4
256.513465,936.0,666.0,0.0,0.0,16,14,4
256.547138,936.0,666.0,0.0,0.0,16,15,4
257.524379,936.0,684.0,0.0,0.0,16,14,4
257.539008,936.0,684.0,0.0,0.0,15,14,4
257.556119,936.0,684.0,0.0,0.0,16,14,4
257.587784,954.0,684.0,0.0,0.0,16,14,4
257.624774,954.0,684.0,0.0,0.0,16,15,4
257.826788,972.0,684.0,0.0,0.0,16,15,4
257.860016,972.0,684.0,0.0,0.0,16,16,4
257.906627,972.0,702.0,0.0,0.0,16,15,4
257.91742,972.0,702.0,0.0,0.0,15,15,4
257.933296,972.0,702.0,0.0,0.0,16,15,4
258.454232,972.0,720.0,0.0,0.0,16,14,4
258.466757,972.0,720.0,0.0,0.0,15,14,4
258.482231,972.0,720.0,0.0,0.0,16,14,4
259.088162,972.0,738.0,0.0,0.0,16,13,4
259.103105,972.0,738.0,0.0,0.0,15,13,4
259.123223,972.0,738.0,0.0,0.0,16,13,4
259.146141,972.0,756.0,0.0,0.0,16,12,4
259.165101,972.0,756.0,0.0,0.0,15,12,4
259.187986,972.0,756.0,0.0,0.0,16,12,4
259.591358,972.0,774.0,0.0,0.0,16,11,4
259.602093,972.0,774.0,0.0,0.0,15,11,4
259.617636,972.0,774.0,0.0,0.0,16,11,4
259.641957,990.0,774.0,0.0,0.0,16,11,4
259.782784,1008.0,774.0,0.0,0.0,16,11,4
259.863051,1008.0,774.0,0.0,0.0,16,12,4
259.900936,1008.0,774.0,0.0,0.0,16,13,4
259.962248,1008.0,774.0,0.0,0.0,16,13,4
260.099721,1008.0,774.0,0.0,0.0,16,13,4
260.137116,1008.0,288.0,486.0,0.0,16,13,4
260.796287,1026.0,288.0,486.0,0.0,16,13,4
260.959246,1026.0,306.0,486.0,0.0,16,12,4
260.970803,1026.0,306.0,486.0,0.0,15,12,4
260.987595,1026.0,306.0,486.0,0.0,16,12,4
261.110651,1044.0,306.0,486.0,0.0,16,12,4
261.259205,1044.0,306.0,486.0,0.0,16,13,4
261.303941,1062.0,306.0,486.0,0.0,16,13,4
261.338604,1062.0,324.0,486.0,0.0,16,12,4
261.356094,1062.0,324.0,486.0,0.0,15,12,4
261.381784,1062.0,324.0,486.0,0.0,16,12,4
261.759234,1062.0,324.0,486.0,0.0,16,13,4
261.795567,1080.0,324.0,486.0,0.0,16,13,4
262.077462,1080.0,324.0,486.0,0.0,16,14,4
262.15557,1098.0,324.0,486.0,0.0,16,14,4
262.182301,1098.0,324.0,486.0,0.0,16,15,4
262.306743,1098.0,324.0,486.0,0.0,16,16,4
262.331816,1098.0,324.0,0.0,486.0,16,16,4
262.383852,1098.0,324.0,0.0,486.0,16,16,4
262.427668,1098.0,342.0,0.0,486.0,16,15,4
262.439306,1098.0,342.0,0.0,486.0,15,15,4
262.455755,1098.0,342.0,0.0,486.0,16,15,4
262.528138,1080.0,342.0,0.0,468.0,16,15,4
262.558257,1062.0,342.0,0.0,450.0,16,15,4
262.584951,1044.0,342.0,0.0,432.0,16,15,4
262.652871,1026.0,342.0,0.0,414.0,16,15,4
262.767036,1026.0,360.0,0.0,414.0,16,14,4
262.783332,1026.0,360.0,0.0,414.0,15,14,4
262.807498,1026.0,360.0,0.0,414.0,16,14,4
262.845533,1044.0,360.0,0.0,414.0,16,14,4
262.899358,1044.0,360.0,0.0,414.0,16,15,4
262.920456,1044.0,378.0,0.0,414.0,16,14,4
262.932876,1044.0,378.0,0.0,414.0,15,14,4
262.949196,1044.0,378.0,0.0,414.0,16,14,4
263.099268,1026.0,378.0,0.0,396.0,16,14,4
263.256469,1044.0,378.0,0.0,396.0,16,14,4
263.365163,1026.0,378.0,0.0,378.0,16,14,4
263.411593,1026.0,378.0,0.0,378.0,16,15,4
263.466811,1008.0,378.0,0.0,360.0,16,15,4
263.58717,1026.0,378.0,0.0,360.0,16,15,4
263.612602,1026.0,396.0,0.0,360.0,16,14,4
263.627917,1026.0,396.0,0.0,360.0,15,14,4
263.645478,1026.0,396.0,0.0,360.0,16,14,4
263.694221,1026.0,396.0,0.0,360.0,16,15,4
263.804922,1026.0,414.0,0.0,360.0,16,14,4
263.820747,1026.0,414.0,0.0,360.0,15,14,4
263.838822,1026.0,414.0,0.0,360.0,16,14,4
264.140513,1044.0,414.0,0.0,360.0,16,14,4
264.24915,1026.0,414.0,0.0,342.0,16,14,4
264.366395,1026.0,414.0,0.0,342.0,16,15,4
264.410798,1044.0,414.0,0.0,342.0,16,15,4
264.469123,1026.0,414.0,0.0,324.0,16,15,4
264.500934,1008.0,414.0,0.0,306.0,16,15,4
264.531013,1008.0,414.0,0.0,306.0,16,16,4
264.569687,990.0,414.0,0.0,288.0,16,16,4
264.592763,972.0,414.0,0.0,270.0,16,16,4
264.617001,954.0,414.0,0.0,252.0,16,16,4
264.642142,936.0,414.0,0.0,234.0,16,16,4
264.664823,918.0,414.0,0.0,216.0,16,16,4
264.686225,900.0,414.0,0.0,198.0,16,16,4
264.707673,882.0,414.0,0.0,180.0,16,16,4
264.732444,864.0,414.0,0.0,162.0,16,16,4
264.755434,846.0,414.0,0.0,144.0,16,16,4
264.779589,828.0,414.0,0.0,126.0,16,16,4
264.801555,810.0,414.0,0.0,108.0,16,16,4
264.823932,792.0,414.0,0.0,90.0,16,16,4
264.846562,774.0,414.0,0.0,72.0,16,16,4
264.868714,756.0,414.0,0.0,54.0,16,16,4
264.890669,738.0,414.0,0.0,36.0,16,16,4
264.912649,720.0,414.0,0.0,18.0,16,16,4
264.934264,702.0,414.0,0.0,0.0,16,16,4
264.944516,702.0,414.0,0.0,0.0,16,16,3
264.975912,702.0,414.0,0.0,0.0,16,16,4
265.116382,702.0,414.0,0.0,0.0,16,16,4
265.182274,702.0,432.0,0.0,0.0,16,15,4
265.197631,702.0,432.0,0.0,0.0,15,15,4
265.21594,702.0,432.0,0.0,0.0,16,15,4
265.345657,702.0,450.0,0.0,0.0,16,14,4
265.363372,702.0,450.0,0.0,0.0,15,14,4
265.382374,702.0,450.0,0.0,0.0,16,14,4
265.547276,720.0,450.0,0.0,0.0,16,14,4
265.703022,720.0,468.0,0.0,0.0,16,13,4
265.718391,720.0,468.0,0.0,0.0,15,13,4
265.754555,720.0,468.0,0.0,0.0,16,13,4
265.829708,738.0,468.0,0.0,0.0,16,13,4
265.84593,738.0,468.0,0.0,0.0,16,14,4
266.068551,756.0,468.0,0.0,0.0,16,14,4
266.212975,756.0,468.0,0.0,0.0,16,15,4
266.236556,756.0,468.0,0.0,0.0,16,16,4
267.40869,756.0,486.0,0.0,0.0,16,15,4
267.421655,756.0,486.0,0.0,0.0,15,15,4
267.441214,756.0,486.0,0.0,0.0,16,15,4
267.653955,774.0,486.0,0.0,0.0,16,15,4
267.677236,774.0,486.0,0.0,0.0,16,16,4
268.547134,774.0,504.0,0.0,0.0,16,15,4
268.558603,774.0,504.0,0.0,0.0,15,15,4
268.575063,774.0,504.0,0.0,0.0,16,15,4
268.892965,792.0,504.0,0.0,0.0,16,15,4
268.908,792.0,522.0,0.0,0.0,16,14,4
268.921204,792.0,522.0,0.0,0.0,15,14,4
268.938681,792.0,522.0,0.0,0.0,16,14,4
268.967695,792.0,540.0,0.0,0.0,16,13,4
268.983436,792.0,540.0,0.0,0.0,15,13,4
269.005037,792.0,540.0,0.0,0.0,16,13,4
269.030754,792.0,558.0,0.0,0.0,16,12,4
269.042712,792.0,558.0,0.0,0.0,15,12,4
269.058124,792.0,558.0,0.0,0.0,16,12,4
269.414015,810.0,558.0,0.0,0.0,16,12,4
269.446008,810.0,576.0,0.0,0.0,16,11,4
269.458568,810.0,576.0,0.0,0.0,15,11,4
269.476169,810.0,576.0,0.0,0.0,16,11,4
269.713747,828.0,576.0,0.0,0.0,16,11,4
269.732015,828.0,576.0,0.0,0.0,16,12,4
269.876143,846.0,576.0,0.0,0.0,16,12,4
270.18665,846.0,594.0,0.0,0.0,16,11,4
270.201643,846.0,594.0,0.0,0.0,15,11,4
270.219082,846.0,594.0,0.0,0.0,16,11,4
270.26289,846.0,594.0,0.0,0.0,16,12,4
270.292547,846.0,594.0,0.0,0.0,16,13,4
270.619272,846.0,594.0,0.0,0.0,16,13,4
270.659472,846.0,594.0,0.0,0.0,16,14,4
270.868445,864.0,594.0,0.0,0.0,16,14,4
270.991646,882.0,594.0,0.0,0.0,16,14,4
271.038574,882.0,594.0,0.0,0.0,16,15,4
271.110189,882.0,594.0,0.0,0.0,16,16,4
271.181261,882.0,594.0,0.0,0.0,16,16,4
271.229703,882.0,108.0,486.0,0.0,16,16,4
271.303141,882.0,126.0,486.0,0.0,16,15,4
271.316583,882.0,126.0,486.0,0.0,15,15,4
271.331857,882.0,126.0,486.0,0.0,16,15,4
271.549405,900.0,126.0,486.0,0.0,16,15,4
271.636483,900.0,126.0,486.0,0.0,16,16,4
271.68958,900.0,144.0,486.0,0.0,16,15,4
271.706763,900.0,144.0,486.0,0.0,15,15,4
271.726882,900.0,144.0,486.0,0.0,16,15,4
271.80569,900.0,162.0,486.0,0.0,16,14,4
271.823233,900.0,162.0,486.0,0.0,15,14,4
271.844914,900.0,162.0,486.0,0.0,16,14,4
272.239201,918.0,162.0,486.0,0.0,16,14,4
272.361521,936.0,162.0,486.0,0.0,16,14,4
272.404672,936.0,162.0,486.0,0.0,16,15,4
272.497238,936.0,162.0,486.0,0.0,16,16,4
272.841755,936.0,162.0,0.0,486.0,16,16,4
272.894309,936.0,162.0,0.0,486.0,16,16,4
272.9694,918.0,162.0,0.0,468.0,16,16,4
272.996848,900.0,162.0,0.0,450.0,16,16,4
273.022499,882.0,162.0,0.0,432.0,16,16,4
273.047463,864.0,162.0,0.0,414.0,16,16,4
273.0712,846.0,162.0,0.0,396.0,16,16,4
273.098974,828.0,162.0,0.0,378.0,16,16,4
273.127388,810.0,162.0,0.0,360.0,16,16,4
273.157118,792.0,162.0,0.0,342.0,16,16,4
273.180533,774.0,162.0,0.0,324.0,16,16,4
273.203451,756.0,162.0,0.0,306.0,16,16,4
273.23054,738.0,162.0,0.0,288.0,16,16,4
273.256163,720.0,162.0,0.0,270.0,16,16,4
273.278658,702.0,162.0,0.0,252.0,16,16,4
273.300572,684.0,162.0,0.0,234.0,16,16,4
273.322914,666.0,162.0,0.0,216.0,16,16,4
273.34487,648.0,162.0,0.0,198.0,16,16,4
273.366927,630.0,162.0,0.0,180.0,16,16,4
273.38818,612.0,162.0,0.0,162.0,16,16,4
273.412709,594.0,162.0,0.0,144.0,16,16,4
273.436548,576.0,162.0,0.0,126.0,16,16,4
273.457394,558.0,162.0,0.0,108.0,16,16,4
273.477949,540.0,162.0,0.0,90.0,16,16,4
273.498679,522.0,162.0,0.0,72.0,16,16,4
273.520476,504.0,162.0,0.0,54.0,16,16,4
273.531325,504.0,180.0,0.0,54.0,16,15,4
273.544124,504.0,180.0,0.0,54.0,15,15,4
273.560853,504.0,180.0,0.0,54.0,16,15,4
273.612641,486.0,180.0,0.0,36.0,16,15,4
273.638173,468.0,180.0,0.0,18.0,16,15,4
273.662249,450.0,180.0,0.0,0.0,16,15,4
273.671652,450.0,180.0,0.0,0.0,16,15,3
273.7055,450.0,180.0,0.0,0.0,16,15,4
273.746082,450.0,180.0,0.0,0.0,16,15,4
274.191579,450.0,198.0,0.0,0.0,16,14,4
274.208205,450.0,198.0,0.0,0.0,15,14,4
274.233988,450.0,198.0,0.0,0.0,16,14,4
274.263731,450.0,216.0,0.0,0.0,16,13,4
274.279488,450.0,216.0,0.0,0.0,15,13,4
274.300415,450.0,216.0,0.0,0.0,16,13,4
274.374565,450.0,234.0,0.0,0.0,16,12,4
274.390474,450.0,234.0,0.0,0.0,15,12,4
274.411923,450.0,234.0,0.0,0.0,16,12,4
274.603519,468.0,234.0,0.0,0.0,16,12,4
274.644161,468.0,234.0,0.0,0.0,16,13,4
274.90792,468.0,252.0,0.0,0.0,16,12,4
274.922337,468.0,252.0,0.0,0.0,15,12,4
274.950108,468.0,252.0,0.0,0.0,16,12,4
275.098971,468.0,270.0,0.0,0.0,16,11,4
275.11356,468.0,270.0,0.0,0.0,15,11,4
275.13063,468.0,270.0,0.0,0.0,16,11,4
275.676656,468.0,288.0,0.0,0.0,16,10,4
275.69232,468.0,288.0,0.0,0.0,15,10,4
275.714036,468.0,288.0,0.0,0.0,16,10,4
277.262684,468.0,306.0,0.0,0.0,16,9,4
277.278462,468.0,306.0,0.0,0.0,15,9,4
277.299277,468.0,306.0,0.0,0.0,16,9,4
277.492269,468.0,324.0,0.0,0.0,16,8,4
277.507451,468.0,324.0,0.0,0.0,15,8,4
277.527417,468.0,324.0,0.0,0.0,16,8,4
277.796467,468.0,342.0,0.0,0.0,16,7,4
277.813232,468.0,342.0,0.0,0.0,15,7,4
277.831229,468.0,342.0,0.0,0.0,16,7,4
278.086159,486.0,342.0,0.0,0.0,16,7,4
278.144826,486.0,360.0,0.0,0.0,16,6,4
278.178648,486.0,360.0,0.0,0.0,15,6,4
278.196254,486.0,360.0,0.0,0.0,16,6,4
278.342252,486.0,378.0,0.0,0.0,16,5,4
278.357037,486.0,378.0,0.0,0.0,15,5,4
278.375197,486.0,378.0,0.0,0.0,16,5,4
278.429718,504.0,378.0,0.0,0.0,16,5,4
278.675925,522.0,378.0,0.0,0.0,16,5,4
278.77547,522.0,378.0,0.0,0.0,16,6,4
278.898237,540.0,378.0,0.0,0.0,16,6,4
279.155112,540.0,378.0,0.0,0.0,16,7,4
279.216524,558.0,378.0,0.0,0.0,16,7,4
279.261483,558.0,378.0,0.0,0.0,16,8,4
279.298125,558.0,378.0,0.0,0.0,16,9,4
279.328695,558.0,378.0,0.0,0.0,16,10,4
279.45106,576.0,378.0,0.0,0.0,16,10,4
279.577455,594.0,378.0,0.0,0.0,16,10,4
279.713076,594.0,378.0,0.0,0.0,16,11,4
279.73357,612.0,378.0,0.0,0.0,16,11,4
279.823768,630.0,378.0,0.0,0.0,16,11,4
279.972782,648.0,378.0,0.0,0.0,16,11,4
280.115778,666.0,378.0,0.0,0.0,16,11,4
280.211598,666.0,378.0,0.0,0.0,16,12,4
280.230049,666.0,378.0,0.0,0.0,16,13,4
281.259224,666.0,396.0,0.0,0.0,16,12,4
281.273703,666.0,396.0,0.0,0.0,15,12,4
281.292873,666.0,396.0,0.0,0.0,16,12,4
281.339355,666.0,414.0,0.0,0.0,16,11,4
281.353703,666.0,414.0,0.0,0.0,15,11,4
281.369138,666.0,414.0,0.0,0.0,16,11,4
281.399205,666.0,414.0,0.0,0.0,16,12,4
281.417159,666.0,432.0,0.0,0.0,16,11,4
281.433094,666.0,432.0,0.0,0.0,15,11,4
281.456901,666.0,432.0,0.0,0.0,16,11,4
281.495149,666.0,432.0,0.0,0.0,16,12,4
281.516847,666.0,432.0,0.0,0.0,16,13,4
281.706247,666.0,450.0,0.0,0.0,16,12,4
281.724039,666.0,450.0,0.0,0.0,15,12,4
281.74397,666.0,450.0,0.0,0.0,16,12,4
281.809375,684.0,450.0,0.0,0.0,16,12,4
281.936948,702.0,450.0,0.0,0.0,16,12,4
282.182329,702.0,450.0,0.0,0.0,16,13,4
282.239482,702.0,468.0,0.0,0.0,16,12,4
282.251341,702.0,468.0,0.0,0.0,15,12,4
282.273657,702.0,468.0,0.0,0.0,16,12,4
282.301842,720.0,468.0,0.0,0.0,16,12,4
282.322341,720.0,468.0,0.0,0.0,16,13,4
282.534409,720.0,468.0,0.0,0.0,16,14,4
282.553572,738.0,468.0,0.0,0.0,16,14,4
282.663506,756.0,468.0,0.0,0.0,16,14,4
282.701149,756.0,468.0,0.0,0.0,16,15,4
282.720661,756.0,468.0,0.0,0.0,16,16,4
283.96907,756.0,486.0,0.0,0.0,16,15,4
283.982125,756.0,486.0,0.0,0.0,15,15,4
284.002718,756.0,486.0,0.0,0.0,16,15,4
284.131449,756.0,504.0,0.0,0.0,16,14,4
284.140965,756.0,504.0,0.0,0.0,15,14,4
284.160089,756.0,504.0,0.0,0.0,16,14,4
284.327179,774.0,504.0,0.0,0.0,16,14,4
284.443608,774.0,504.0,0.0,0.0,16,15,4
284.462754,792.0,504.0,0.0,0.0,16,15,4
284.487422,792.0,504.0,0.0,0.0,16,16,4
284.823079,792.0,522.0,0.0,0.0,16,15,4
284.837013,792.0,522.0,0.0,0.0,15,15,4
284.853499,792.0,522.0,0.0,0.0,16,15,4
285.189512,810.0,522.0,0.0,0.0,16,15,4
285.216593,810.0,522.0,0.0,0.0,16,16,4
285.52159,810.0,540.0,0.0,0.0,16,15,4
285.537569,810.0,540.0,0.0,0.0,15,15,4
285.559528,810.0,540.0,0.0,0.0,16,15,4
285.821592,828.0,540.0,0.0,0.0,16,15,4
285.854862,828.0,540.0,0.0,0.0,16,16,4
287.131795,828.0,558.0,0.0,0.0,16,15,4
287.146361,828.0,558.0,0.0,0.0,15,15,4
287.167592,828.0,558.0,0.0,0.0,16,15,4
287.962629,846.0,558.0,0.0,0.0,16,15,4
287.996059,846.0,558.0,0.0,0.0,16,16,4
288.106192,846.0,576.0,0.0,0.0,16,15,4
288.116806,846.0,576.0,0.0,0.0,15,15,4
288.13224,846.0,576.0,0.0,0.0,16,15,4
288.244771,846.0,594.0,0.0,0.0,16,14,4
288.255333,846.0,594.0,0.0,0.0,15,14,4
288.272086,846.0,594.0,0.0,0.0,16,14,4
288.380248,864.0,594.0,0.0,0.0,16,14,4
288.505234,864.0,594.0,0.0,0.0,16,15,4
288.518307,882.0,594.0,0.0,0.0,16,15,4
288.54967,882.0,594.0,0.0,0.0,16,16,4
289.133564,882.0,612.0,0.0,0.0,16,15,4
289.144846,882.0,612.0,0.0,0.0,15,15,4
289.163153,882.0,612.0,0.0,0.0,16,15,4
290.92738,882.0,630.0,0.0,0.0,16,14,4
290.945813,882.0,630.0,0.0,0.0,15,14,4
290.967806,882.0,630.0,0.0,0.0,16,14,4
292.661429,900.0,630.0,0.0,0.0,16,14,4
292.69879,900.0,630.0,0.0,0.0,16,15,4
292.822655,900.0,648.0,0.0,0.0,16,14,4
292.834296,900.0,648.0,0.0,0.0,15,14,4
292.850854,900.0,648.0,0.0,0.0,16,14,4
293.094359,918.0,648.0,0.0,0.0,16,14,4
293.124187,918.0,648.0,0.0,0.0,16,15,4
293.27712,936.0,648.0,0.0,0.0,16,15,4
293.308707,936.0,648.0,0.0,0.0,16,16,4
293.470379,936.0,666.0,0.0,0.0,16,15,4
293.484468,936.0,666.0,0.0,0.0,15,15,4
293.500375,936.0,666.0,0.0,0.0,16,15,4
293.718975,936.0,684.0,0.0,0.0,16,14,4
293.731164,936.0,684.0,0.0,0.0,15,14,4
293.750728,936.0,684.0,0.0,0.0,16,14,4
293.77613,954.0,684.0,0.0,0.0,16,14,4
293.814773,954.0,702.0,0.0,0.0,16,13,4
293.830275,954.0,702.0,0.0,0.0,15,13,4
293.851074,954.0,702.0,0.0,0.0,16,13,4
293.89181,954.0,702.0,0.0,0.0,16,14,4
293.911727,954.0,720.0,0.0,0.0,16,13,4
293.926829,954.0,720.0,0.0,0.0,15,13,4
293.947788,954.0,720.0,0.0,0.0,16,13,4
294.148472,954.0,738.0,0.0,0.0,16,12,4
294.169782,954.0,738.0,0.0,0.0,15,12,4
294.188775,954.0,738.0,0.0,0.0,16,12,4
294.481174,954.0,756.0,0.0,0.0,16,11,4
294.499915,954.0,756.0,0.0,0.0,15,11,4
294.518754,954.0,756.0,0.0,0.0,16,11,4
294.961368,972.0,756.0,0.0,0.0,16,11,4
295.032927,972.0,756.0,0.0,0.0,16,12,4
295.179365,972.0,756.0,0.0,0.0,16,12,4
295.447298,990.0,756.0,0.0,0.0,16,12,4
295.484626,990.0,774.0,0.0,0.0,16,11,4
295.491955,990.0,774.0,0.0,0.0,15,11,4
295.503704,990.0,774.0,0.0,0.0,16,11,4
295.818677,1008.0,774.0,0.0,0.0,16,11,4
295.836348,1008.0,792.0,0.0,0.0,16,10,4
295.850077,1008.0,792.0,0.0,0.0,15,10,4
295.867843,1008.0,792.0,0.0,0.0,16,10,4
296.055684,1008.0,810.0,0.0,0.0,16,9,4
296.069013,1008.0,810.0,0.0,0.0,15,9,4
296.08639,1008.0,810.0,0.0,0.0,16,9,4
296.133066,1008.0,828.0,0.0,0.0,16,8,4
296.147857,1008.0,828.0,0.0,0.0,15,8,4
296.173113,1008.0,828.0,0.0,0.0,16,8,4
296.239214,1026.0,828.0,0.0,0.0,16,8,4
296.374577,1026.0,846.0,0.0,0.0,16,7,4
296.391566,1026.0,846.0,0.0,0.0,15,7,4
296.410254,1026.0,846.0,0.0,0.0,16,7,4
296.589352,1026.0,864.0,0.0,0.0,16,6,4
296.610402,1026.0,864.0,0.0,0.0,15,6,4
296.633468,1026.0,864.0,0.0,0.0,16,6,4
297.043236,1026.0,864.0,0.0,0.0,16,7,4
297.070915,1026.0,864.0,0.0,0.0,16,8,4
297.118916,1026.0,864.0,0.0,0.0,16,9,4
297.13873,1044.0,864.0,0.0,0.0,16,9,4
297.212789,1044.0,864.0,0.0,0.0,16,10,4
297.458219,1062.0,864.0,0.0,0.0,16,10,4
297.60642,1062.0,882.0,0.0,0.0,16,9,4
297.621223,1062.0,882.0,0.0,0.0,15,9,4
297.642568,1062.0,882.0,0.0,0.0,16,9,4
297.825332,1062.0,882.0,0.0,0.0,16,9,4
297.979437,1062.0,882.0,0.0,0.0,16,10,4
298.033287,1062.0,396.0,486.0,0.0,16,10,4
298.240293,1080.0,396.0,486.0,0.0,16,10,4
298.428574,1080.0,396.0,486.0,0.0,16,11,4
298.531196,1098.0,396.0,486.0,0.0,16,11,4
298.708426,1098.0,396.0,486.0,0.0,16,12,4
299.009399,1116.0,396.0,486.0,0.0,16,12,4
299.19732,1134.0,396.0,486.0,0.0,16,12,4
299.424062,1134.0,396.0,486.0,0.0,16,13,4
299.476259,1134.0,414.0,486.0,0.0,16,12,4
299.490953,1134.0,414.0,486.0,0.0,15,12,4
299.509038,1134.0,414.0,486.0,0.0,16,12,4
299.616325,1134.0,432.0,486.0,0.0,16,11,4
299.62989,1134.0,432.0,486.0,0.0,15,11,4
299.652896,1134.0,432.0,486.0,0.0,16,11,4
299.786879,1134.0,450.0,486.0,0.0,16,10,4
299.800799,1134.0,450.0,486.0,0.0,15,10,4
299.819649,1134.0,450.0,486.0,0.0,16,10,4
300.161348,1134.0,450.0,486.0,0.0,16,11,4
300.189863,1134.0,468.0,486.0,0.0,16,10,4
300.202658,1134.0,468.0,486.0,0.0,15,10,4
300.219704,1134.0,468.0,486.0,0.0,16,10,4
300.520936,1152.0,468.0,486.0,0.0,16,10,4
300.680547,1170.0,468.0,486.0,0.0,16,10,4
300.93217,1188.0,468.0,486.0,0.0,16,10,4
301.072456,1188.0,468.0,486.0,0.0,16,11,4
301.151766,1206.0,468.0,486.0,0.0,16,11,4
301.381386,1206.0,468.0,486.0,0.0,16,12,4
301.424903,1206.0,468.0,0.0,486.0,16,12,4
301.468112,1224.0,468.0,0.0,486.0,16,12,4
301.684837,1242.0,468.0,0.0,486.0,16,12,4
301.804212,1242.0,468.0,0.0,486.0,16,13,4
301.836538,1242.0,468.0,0.0,486.0,16,14,4
301.861055,1242.0,468.0,0.0,486.0,16,15,4
301.901314,1242.0,468.0,0.0,486.0,16,16,4
301.939851,1242.0,468.0,0.0,486.0,16,16,4
302.038219,1224.0,468.0,0.0,468.0,16,16,4
302.069596,1206.0,468.0,0.0,450.0,16,16,4
302.105753,1188.0,468.0,0.0,432.0,16,16,4
302.135345,1170.0,468.0,0.0,414.0,16,16,4
302.164614,1152.0,468.0,0.0,396.0,16,16,4
302.186558,1134.0,468.0,0.0,378.0,16,16,4
302.195537,1134.0,486.0,0.0,378.0,16,15,4
302.2073,1134.0,486.0,0.0,378.0,15,15,4
302.229057,1134.0,486.0,0.0,378.0,16,15,4
302.278258,1116.0,486.0,0.0,360.0,16,15,4
302.302603,1098.0,486.0,0.0,342.0,16,15,4
302.326665,1080.0,486.0,0.0,324.0,16,15,4
302.551875,1080.0,504.0,0.0,324.0,16,14,4
302.566755,1080.0,504.0,0.0,324.0,15,14,4
302.583978,1080.0,504.0,0.0,324.0,16,14,4
302.611822,1080.0,522.0,0.0,324.0,16,13,4
302.625831,1080.0,522.0,0.0,324.0,15,13,4
302.646277,1080.0,522.0,0.0,324.0,16,13,4
302.834386,1098.0,522.0,0.0,324.0,16,13,4
303.007424,1098.0,522.0,0.0,324.0,16,14,4
303.026028,1080.0,522.0,0.0,306.0,16,14,4
303.141947,1098.0,522.0,0.0,306.0,16,14,4
303.366227,1116.0,522.0,0.0,306.0,16,14,4
303.518662,1098.0,522.0,0.0,288.0,16,14,4
303.599101,1080.0,522.0,0.0,270.0,16,14,4
303.638895,1080.0,522.0,0.0,270.0,16,15,4
303.681969,1062.0,522.0,0.0,252.0,16,15,4
303.735035,1062.0,522.0,0.0,252.0,16,16,4
303.821501,1044.0,522.0,0.0,234.0,16,16,4
303.860391,1026.0,522.0,0.0,216.0,16,16,4
303.893034,1008.0,522.0,0.0,198.0,16,16,4
303.958368,990.0,522.0,0.0,180.0,16,16,4
303.987724,972.0,522.0,0.0,162.0,16,16,4
304.040825,954.0,522.0,0.0,144.0,16,16,4
304.074783,936.0,522.0,0.0,126.0,16,16,4
304.146126,918.0,522.0,0.0,108.0,16,16,4
304.180008,900.0,522.0,0.0,90.0,16,16,4
304.216638,882.0,522.0,0.0,72.0,16,16,4
304.253353,864.0,522.0,0.0,54.0,16,16,4
304.283757,846.0,522.0,0.0,36.0,16,16,4
304.314813,828.0,522.0,0.0,18.0,16,16,4
304.352697,810.0,522.0,0.0,0.0,16,16,4
304.365264,810.0,522.0,0.0,0.0,16,16,3
304.541992,810.0,522.0,0.0,0.0,16,16,3
305.36679,810.0,540.0,0.0,0.0,16,15,3
305.381627,810.0,540.0,0.0,0.0,15,15,3
305.399152,810.0,540.0,0.0,0.0,16,15,3
305.528848,810.0,540.0,0.0,0.0,16,15,3
305.668875,810.0,54.0,486.0,0.0,16,15,3
305.778716,828.0,54.0,486.0,0.0,16,15,3
305.82979,828.0,54.0,486.0,0.0,16,16,3
306.481618,828.0,54.0,0.0,486.0,16,16,3
306.530849,828.0,54.0,0.0,486.0,16,16,3
306.59877,810.0,54.0,0.0,468.0,16,16,3
306.629266,792.0,54.0,0.0,450.0,16,16,3
306.654856,774.0,54.0,0.0,432.0,16,16,3
306.678224,756.0,54.0,0.0,414.0,16,16,3
306.70751,738.0,54.0,0.0,396.0,16,16,3
306.735447,738.0,72.0,0.0,396.0,16,15,3
306.752505,738.0,72.0,0.0,396.0,15,15,3
306.771882,738.0,72.0,0.0,396.0,16,15,3
306.810321,720.0,72.0,0.0,378.0,16,15,3
306.829063,720.0,90.0,0.0,378.0,16,14,3
306.84222,720.0,90.0,0.0,378.0,15,14,3
306.861033,720.0,90.0,0.0,378.0,16,14,3
306.912475,702.0,90.0,0.0,360.0,16,14,3
306.94898,684.0,90.0,0.0,342.0,16,14,3
306.977358,666.0,90.0,0.0,324.0,16,14,3
307.144842,684.0,90.0,0.0,324.0,16,14,3
307.216725,684.0,108.0,0.0,324.0,16,13,3
307.235676,684.0,108.0,0.0,324.0,15,13,3
307.259435,684.0,108.0,0.0,324.0,16,13,3
307.353301,684.0,126.0,0.0,324.0,16,12,3
307.372397,684.0,126.0,0.0,324.0,15,12,3
307.393667,684.0,126.0,0.0,324.0,16,12,3
307.434744,684.0,126.0,0.0,324.0,16,13,3
307.626416,702.0,126.0,0.0,324.0,16,13,3
307.724974,684.0,126.0,0.0,306.0,16,13,3
307.897925,684.0,126.0,0.0,306.0,16,14,3
307.917923,702.0,126.0,0.0,306.0,16,14,3
308.06585,720.0,126.0,0.0,306.0,16,14,3
308.13831,702.0,126.0,0.0,288.0,16,14,3
308.264277,684.0,126.0,0.0,270.0,16,14,3
308.304255,684.0,126.0,0.0,270.0,16,15,3
308.387287,684.0,126.0,0.0,270.0,16,16,3
308.46682,666.0,126.0,0.0,252.0,16,16,3
308.495553,648.0,126.0,0.0,234.0,16,16,3
308.520328,630.0,126.0,0.0,216.0,16,16,3
308.540341,612.0,126.0,0.0,198.0,16,16,3
308.562689,594.0,126.0,0.0,180.0,16,16,3
308.583921,576.0,126.0,0.0,162.0,16,16,3
308.605323,558.0,126.0,0.0,144.0,16,16,3
308.628551,540.0,126.0,0.0,126.0,16,16,3
308.650404,522.0,126.0,0.0,108.0,16,16,3
308.672685,504.0,126.0,0.0,90.0,16,16,3
308.69518,486.0,126.0,0.0,72.0,16,16,3
308.71615,468.0,126.0,0.0,54.0,16,16,3
308.74166,450.0,126.0,0.0,36.0,16,16,3
308.769771,450.0,144.0,0.0,36.0,16,15,3
308.787706,450.0,144.0,0.0,36.0,15,15,3
308.812276,450.0,144.0,0.0,36.0,16,15,3
308.846069,432.0,144.0,0.0,18.0,16,15,3
308.874614,414.0,144.0,0.0,0.0,16,15,3
308.885385,414.0,144.0,0.0,0.0,16,15,2
309.026709,414.0,162.0,0.0,0.0,16,14,2
309.043095,414.0,162.0,0.0,0.0,15,14,2
309.062339,414.0,162.0,0.0,0.0,16,14,2
309.269966,432.0,162.0,0.0,0.0,16,14,2
309.407301,432.0,180.0,0.0,0.0,16,13,2
309.426197,432.0,180.0,0.0,0.0,15,13,2
309.452905,432.0,180.0,0.0,0.0,16,13,2
309.519492,450.0,180.0,0.0,0.0,16,13,2
309.579001,450.0,180.0,0.0,0.0,16,14,2
309.650065,450.0,180.0,0.0,0.0,16,15,2
310.559349,468.0,180.0,0.0,0.0,16,15,2
310.593231,468.0,180.0,0.0,0.0,16,16,2
310.71869,468.0,198.0,0.0,0.0,16,15,2
310.735509,468.0,198.0,0.0,0.0,15,15,2
310.754507,468.0,198.0,0.0,0.0,16,15,2
310.785107,468.0,216.0,0.0,0.0,16,14,2
310.797837,468.0,216.0,0.0,0.0,15,14,2
310.814354,468.0,216.0,0.0,0.0,16,14,2
311.03942,486.0,216.0,0.0,0.0,16,14,2
311.086887,486.0,216.0,0.0,0.0,16,15,2
312.10724,486.0,234.0,0.0,0.0,16,14,2
312.123225,486.0,234.0,0.0,0.0,15,14,2
312.140637,486.0,234.0,0.0,0.0,16,14,2
312.283599,504.0,234.0,0.0,0.0,16,14,2
312.471425,504.0,252.0,0.0,0.0,16,13,2
312.483567,504.0,252.0,0.0,0.0,15,13,2
312.498562,504.0,252.0,0.0,0.0,16,13,2
312.529447,522.0,252.0,0.0,0.0,16,13,2
312.578477,522.0,252.0,0.0,0.0,16,14,2
312.608329,522.0,252.0,0.0,0.0,16,15,2
313.350808,540.0,252.0,0.0,0.0,16,15,2
313.374295,540.0,252.0,0.0,0.0,16,16,2
313.589322,540.0,270.0,0.0,0.0,16,15,2
313.600537,540.0,270.0,0.0,0.0,15,15,2
313.615496,540.0,270.0,0.0,0.0,16,15,2
313.848162,558.0,270.0,0.0,0.0,16,15,2
313.874364,558.0,270.0,0.0,0.0,16,16,2
313.910319,558.0,288.0,0.0,0.0,16,15,2
313.922158,558.0,288.0,0.0,0.0,15,15,2
313.935651,558.0,288.0,0.0,0.0,16,15,2
314.126989,558.0,306.0,0.0,0.0,16,14,2
314.138187,558.0,306.0,0.0,0.0,15,14,2
314.155628,558.0,306.0,0.0,0.0,16,14,2
314.178023,576.0,306.0,0.0,0.0,16,14,2
314.207862,576.0,306.0,0.0,0.0,16,15,2
314.379976,594.0,306.0,0.0,0.0,16,15,2
314.404946,594.0,306.0,0.0,0.0,16,16,2
314.987854,594.0,324.0,0.0,0.0,16,15,2
315.002973,594.0,324.0,0.0,0.0,15,15,2
315.018773,594.0,324.0,0.0,0.0,16,15,2
315.337956,612.0,324.0,0.0,0.0,16,15,2
315.370123,612.0,324.0,0.0,0.0,16,16,2
315.431712,612.0,342.0,0.0,0.0,16,15,2
315.442907,612.0,342.0,0.0,0.0,15,15,2
315.457748,612.0,342.0,0.0,0.0,16,15,2
315.634096,630.0,342.0,0.0,0.0,16,15,2
315.656843,630.0,342.0,0.0,0.0,16,16,2
316.428016,630.0,360.0,0.0,0.0,16,15,2
316.442411,630.0,360.0,0.0,0.0,15,15,2
316.457816,630.0,360.0,0.0,0.0,16,15,2
316.709842,648.0,360.0,0.0,0.0,16,15,2
316.751696,648.0,360.0,0.0,0.0,16,16,2
316.991051,648.0,378.0,0.0,0.0,16,15,2
317.005214,648.0,378.0,0.0,0.0,15,15,2
317.025376,648.0,378.0,0.0,0.0,16,15,2
317.26564,666.0,378.0,0.0,0.0,16,15,2
317.292128,666.0,378.0,0.0,0.0,16,16,2
317.947791,666.0,396.0,0.0,0.0,16,15,2
317.961482,666.0,396.0,0.0,0.0,15,15,2
317.975921,666.0,396.0,0.0,0.0,16,15,2
318.298419,684.0,396.0,0.0,0.0,16,15,2
318.332963,684.0,396.0,0.0,0.0,16,16,2
318.424894,684.0,414.0,0.0,0.0,16,15,2
318.437894,684.0,414.0,0.0,0.0,15,15,2
318.453973,684.0,414.0,0.0,0.0,16,15,2
318.662043,702.0,414.0,0.0,0.0,16,15,2
318.762296,702.0,414.0,0.0,0.0,16,16,2
318.995956,702.0,432.0,0.0,0.0,16,15,2
319.010383,702.0,432.0,0.0,0.0,15,15,2
319.029093,702.0,432.0,0.0,0.0,16,15,2
319.740411,720.0,432.0,0.0,0.0,16,15,2
319.772824,720.0,432.0,0.0,0.0,16,16,2
319.874415,720.0,450.0,0.0,0.0,16,15,2
319.888882,720.0,450.0,0.0,0.0,15,15,2
319.905201,720.0,450.0,0.0,0.0,16,15,2
320.184437,738.0,450.0,0.0,0.0,16,15,2
320.216072,738.0,450.0,0.0,0.0,16,16,2
320.458,738.0,468.0,0.0,0.0,16,15,2
320.475727,738.0,468.0,0.0,0.0,15,15,2
320.499019,738.0,468.0,0.0,0.0,16,15,2
320.530163,738.0,486.0,0.0,0.0,16,14,2
320.544723,738.0,486.0,0.0,0.0,15,14,2
320.561002,738.0,486.0,0.0,0.0,16,14,2
320.783298,756.0,486.0,0.0,0.0,16,14,2
320.942031,756.0,504.0,0.0,0.0,16,13,2
320.954108,756.0,504.0,0.0,0.0,15,13,2
320.968354,756.0,504.0,0.0,0.0,16,13,2
321.000508,756.0,504.0,0.0,0.0,16,14,2
321.026743,774.0,504.0,0.0,0.0,16,14,2
321.05916,774.0,504.0,0.0,0.0,16,15,2
321.20926,792.0,504.0,0.0,0.0,16,15,2
321.234933,792.0,504.0,0.0,0.0,16,16,2
321.600016,792.0,522.0,0.0,0.0,16,15,2
321.615789,792.0,522.0,0.0,0.0,15,15,2
321.633907,792.0,522.0,0.0,0.0,16,15,2
321.94936,810.0,522.0,0.0,0.0,16,15,2
321.976467,810.0,522.0,0.0,0.0,16,16,2
322.904316,810.0,540.0,0.0,0.0,16,15,2
322.918462,810.0,540.0,0.0,0.0,15,15,2
322.938621,810.0,540.0,0.0,0.0,16,15,2
323.182093,828.0,540.0,0.0,0.0,16,15,2
323.211461,828.0,540.0,0.0,0.0,16,16,2
323.730754,828.0,558.0,0.0,0.0,16,15,2
323.745666,828.0,558.0,0.0,0.0,15,15,2
323.763851,828.0,558.0,0.0,0.0,16,15,2
324.037477,828.0,576.0,0.0,0.0,16,14,2
324.047477,828.0,576.0,0.0,0.0,15,14,2
324.061795,828.0,576.0,0.0,0.0,16,14,2
324.087725,846.0,576.0,0.0,0.0,16,14,2
324.120121,846.0,576.0,0.0,0.0,16,15,2
324.28794,864.0,576.0,0.0,0.0,16,15,2
324.316728,864.0,576.0,0.0,0.0,16,16,2
325.529426,864.0,594.0,0.0,0.0,16,15,2
325.542186,864.0,594.0,0.0,0.0,15,15,2
325.557704,864.0,594.0,0.0,0.0,16,15,2
325.664952,864.0,612.0,0.0,0.0,16,14,2
325.680542,864.0,612.0,0.0,0.0,15,14,2
325.701896,864.0,612.0,0.0,0.0,16,14,2
325.864531,882.0,612.0,0.0,0.0,16,14,2
326.055784,900.0,612.0,0.0,0.0,16,14,2
326.081643,900.0,612.0,0.0,0.0,16,15,2
326.119057,900.0,612.0,0.0,0.0,16,16,2
326.623766,900.0,630.0,0.0,0.0,16,15,2
326.63964,900.0,630.0,0.0,0.0,15,15,2
326.659119,900.0,630.0,0.0,0.0,16,15,2
326.947423,918.0,630.0,0.0,0.0,16,15,2
326.978635,918.0,630.0,0.0,0.0,16,16,2
327.936323,918.0,648.0,0.0,0.0,16,15,2
327.950015,918.0,648.0,0.0,0.0,15,15,2
327.96593,918.0,648.0,0.0,0.0,16,15,2
327.993319,918.0,666.0,0.0,0.0,16,14,2
328.006731,918.0,666.0,0.0,0.0,15,14,2
328.022438,918.0,666.0,0.0,0.0,16,14,2
328.225069,936.0,666.0,0.0,0.0,16,14,2
328.268159,936.0,666.0,0.0,0.0,16,15,2
328.385519,954.0,666.0,0.0,0.0,16,15,2
328.414529,954.0,666.0,0.0,0.0,16,16,2
329.093054,954.0,684.0,0.0,0.0,16,15,2
329.104344,954.0,684.0,0.0,0.0,15,15,2
331.025066,954.0,702.0,0.0,0.0,15,14,2
331.035289,954.0,702.0,0.0,0.0,14,14,2
332.359391,954.0,720.0,0.0,0.0,14,13,2
332.369652,954.0,720.0,0.0,0.0,13,13,2
332.5595,954.0,738.0,0.0,0.0,13,12,2
332.573144,954.0,738.0,0.0,0.0,12,12,2
333.479418,954.0,756.0,0.0,0.0,12,11,2
333.499204,954.0,756.0,0.0,0.0,11,11,2
333.701876,954.0,774.0,0.0,0.0,11,10,2
333.715379,954.0,774.0,0.0,0.0,10,10,2
334.627105,954.0,792.0,0.0,0.0,10,9,2
334.642166,954.0,792.0,0.0,0.0,9,9,2
336.081147,954.0,810.0,0.0,0.0,9,8,2
336.095836,954.0,810.0,0.0,0.0,8,8,2
336.925526,954.0,828.0,0.0,0.0,8,7,2
336.939186,954.0,828.0,0.0,0.0,7,7,2
336.964591,954.0,846.0,0.0,0.0,7,6,2
336.97927,954.0,846.0,0.0,0.0,6,6,2
337.137635,954.0,864.0,0.0,0.0,6,5,2
337.157373,954.0,864.0,0.0,0.0,5,5,2
364.976438,954.0,882.0,0.0,0.0,5,4,2
364.991001,954.0,882.0,0.0,0.0,4,4,2
365.773599,954.0,882.0,0.0,0.0,4,4,2
366.637915,954.0,882.0,0.0,0.0,4,4,2
366.704495,954.0,396.0,486.0,0.0,4,4,2
367.493372,954.0,396.0,0.0,486.0,4,4,2
367.554414,954.0,396.0,0.0,486.0,4,4,2
367.641001,936.0,396.0,0.0,468.0,4,4,2
367.668862,918.0,396.0,0.0,450.0,4,4,2
367.693423,900.0,396.0,0.0,432.0,4,4,2
367.720279,882.0,396.0,0.0,414.0,4,4,2
367.743222,864.0,396.0,0.0,396.0,4,4,2
367.766066,846.0,396.0,0.0,378.0,4,4,2
367.787773,828.0,396.0,0.0,360.0,4,4,2
367.812591,810.0,396.0,0.0,342.0,4,4,2
367.834148,792.0,396.0,0.0,324.0,4,4,2
367.855344,774.0,396.0,0.0,306.0,4,4,2
367.875691,756.0,396.0,0.0,288.0,4,4,2
367.898123,738.0,396.0,0.0,270.0,4,4,2
367.917803,720.0,396.0,0.0,252.0,4,4,2
367.937473,702.0,396.0,0.0,234.0,4,4,2
367.958362,684.0,396.0,0.0,216.0,4,4,2
367.980719,666.0,396.0,0.0,198.0,4,4,2
368.001425,648.0,396.0,0.0,180.0,4,4,2
368.022992,630.0,396.0,0.0,162.0,4,4,2
368.047554,612.0,396.0,0.0,144.0,4,4,2
368.073827,594.0,396.0,0.0,126.0,4,4,2
368.098202,576.0,396.0,0.0,108.0,4,4,2
368.120511,558.0,396.0,0.0,90.0,4,4,2
368.141239,540.0,396.0,0.0,72.0,4,4,2
368.165103,522.0,396.0,0.0,54.0,4,4,2
368.184607,504.0,396.0,0.0,36.0,4,4,2
368.205447,486.0,396.0,0.0,18.0,4,4,2
368.227588,468.0,396.0,0.0,0.0,4,4,2
368.236839,468.0,396.0,0.0,0.0,4,4,1
371.502047,468.0,414.0,0.0,0.0,4,3,1
371.521089,468.0,414.0,0.0,0.0,3,3,1
373.718954,468.0,432.0,0.0,0.0,3,2,1
373.736322,468.0,432.0,0.0,0.0,2,2,1
374.389011,468.0,450.0,0.0,0.0,2,1,1
374.407048,468.0,450.0,0.0,0.0,1,1,1
374.438492,468.0,468.0,0.0,0.0,1,0,1
374.454761,468.0,468.0,0.0,0.0,0,0,1
374.958445,468.0,468.0,0.0,0.0,0,0,1
375.123058,468.0,468.0,0.0,0.0,0,0,1
375.204207,468.0,0.0,468.0,0.0,0,0,1
376.084056,468.0,0.0,0.0,468.0,0,0,1
376.143739,468.0,0.0,0.0,468.0,0,0,1
376.236293,450.0,0.0,0.0,450.0,0,0,1
376.265081,432.0,0.0,0.0,432.0,0,0,1
376.289212,414.0,0.0,0.0,414.0,0,0,1
376.310646,396.0,0.0,0.0,396.0,0,0,1
376.335981,378.0,0.0,0.0,378.0,0,0,1
376.357458,360.0,0.0,0.0,360.0,0,0,1
376.376689,342.0,0.0,0.0,342.0,0,0,1
376.396281,324.0,0.0,0.0,324.0,0,0,1
376.416816,306.0,0.0,0.0,306.0,0,0,1
376.436705,288.0,0.0,0.0,288.0,0,0,1
376.458971,270.0,0.0,0.0,270.0,0,0,1
376.480331,252.0,0.0,0.0,252.0,0,0,1
376.501252,234.0,0.0,0.0,234.0,0,0,1
376.523223,216.0,0.0,0.0,216.0,0,0,1
376.545663,198.0,0.0,0.0,198.0,0,0,1
376.569011,180.0,0.0,0.0,180.0,0,0,1
376.591237,162.0,0.0,0.0,162.0,0,0,1
376.612893,144.0,0.0,0.0,144.0,0,0,1
376.633949,126.0,0.0,0.0,126.0,0,0,1
376.655367,108.0,0.0,0.0,108.0,0,0,1
376.676275,90.0,0.0,0.0,90.0,0,0,1
376.699248,72.0,0.0,0.0,72.0,0,0,1
376.71996,54.0,0.0,0.0,54.0,0,0,1
376.740381,36.0,0.0,0.0,36.0,0,0,1
376.761276,18.0,0.0,0.0,18.0,0,0,1
376.788213,0.0,0.0,0.0,0.0,0,0,1
376.798037,0.0,0.0,0.0,0.0,0,0,0
379.06206,0.0,0.0,0.0,0.0,0,0,0
